item_id,order_id,product_id,quantity,discount,unit_price,sales,profit
IT-000001,ORD-00001,P0025,1,0.0,241.5,241.5,110.37
IT-000002,ORD-00001,P0003,4,0.2,86.3,345.18,117.26
IT-000003,ORD-00002,P0006,2,0.0,942.04,1884.08,768.78
IT-000004,ORD-00002,P0017,5,0.0,866.66,4333.3,1343.5
IT-000005,ORD-00003,P0010,1,0.05,655.45,655.45,308.15
IT-000006,ORD-00003,P0001,5,0.0,966.84,4834.2,1244.65
IT-000007,ORD-00003,P0016,2,0.15,205.96,411.91,91.59
IT-000008,ORD-00004,P0013,4,0.0,1605.24,6420.96,2944.0
IT-000009,ORD-00004,P0012,1,0.1,444.75,444.75,36.55
IT-000010,ORD-00004,P0024,2,0.0,1045.55,2091.1,1030.82
IT-000011,ORD-00004,P0009,5,0.15,642.06,3210.28,1144.38
IT-000012,ORD-00005,P0002,1,0.0,839.32,839.32,300.14
IT-000013,ORD-00006,P0002,4,0.0,839.32,3357.28,1200.56
IT-000014,ORD-00007,P0004,1,0.0,46.28,46.28,22.86
IT-000015,ORD-00008,P0010,3,0.0,689.95,2069.85,1027.95
IT-000016,ORD-00008,P0018,2,0.0,316.12,632.24,250.02
IT-000017,ORD-00009,P0021,1,0.05,1002.12,1002.12,172.04
IT-000018,ORD-00010,P0015,5,0.1,936.62,4683.11,1600.51
IT-000019,ORD-00010,P0022,1,0.15,788.51,788.51,317.36
IT-000020,ORD-00011,P0004,2,0.2,37.02,74.05,27.21
IT-000021,ORD-00011,P0015,5,0.0,1040.69,5203.45,2120.85
IT-000022,ORD-00012,P0023,3,0.15,425.03,1275.1,216.49
IT-000023,ORD-00012,P0001,5,0.15,821.81,4109.07,519.52
IT-000024,ORD-00013,P0011,1,0.0,78.52,78.52,31.95
IT-000025,ORD-00013,P0009,2,0.05,717.59,1435.18,608.82
IT-000026,ORD-00013,P0010,2,0.05,655.45,1310.9,616.3
IT-000027,ORD-00014,P0022,1,0.05,881.28,881.28,410.13
IT-000028,ORD-00014,P0001,2,0.0,966.84,1933.68,497.86
IT-000029,ORD-00015,P0012,3,0.3,345.92,1037.76,-186.84
IT-000030,ORD-00015,P0009,5,0.2,604.29,3021.44,955.54
IT-000031,ORD-00016,P0011,3,0.0,78.52,235.56,95.85
IT-000032,ORD-00017,P0002,4,0.0,839.32,3357.28,1200.56
IT-000033,ORD-00017,P0024,3,0.15,888.72,2666.15,1075.73
IT-000034,ORD-00018,P0018,3,0.15,268.7,806.11,232.78
IT-000035,ORD-00018,P0008,1,0.05,426.55,426.55,63.67
IT-000036,ORD-00019,P0013,1,0.0,1605.24,1605.24,736.0
IT-000037,ORD-00019,P0019,1,0.0,1588.55,1588.55,715.77
IT-000038,ORD-00020,P0007,1,0.05,533.08,533.08,141.49
IT-000039,ORD-00020,P0019,1,0.0,1588.55,1588.55,715.77
IT-000040,ORD-00020,P0023,5,0.0,500.04,2500.2,735.85
IT-000041,ORD-00021,P0025,4,0.05,229.42,917.7,393.18
IT-000042,ORD-00021,P0002,1,0.0,839.32,839.32,300.14
IT-000043,ORD-00021,P0004,1,0.0,46.28,46.28,22.86
IT-000044,ORD-00022,P0019,3,0.05,1509.12,4527.37,1909.03
IT-000045,ORD-00022,P0022,3,0.1,834.89,2504.68,1091.23
IT-000046,ORD-00022,P0009,4,0.2,604.29,2417.15,764.43
IT-000047,ORD-00023,P0024,1,0.1,941.0,941.0,410.86
IT-000048,ORD-00024,P0007,2,0.0,561.14,1122.28,339.1
IT-000049,ORD-00024,P0012,1,0.0,494.17,494.17,85.97
IT-000050,ORD-00025,P0025,4,0.3,169.05,676.2,151.68
IT-000051,ORD-00026,P0006,1,0.0,942.04,942.04,384.39
IT-000052,ORD-00027,P0012,1,0.0,494.17,494.17,85.97
IT-000053,ORD-00028,P0013,4,0.05,1524.98,6099.91,2622.95
IT-000054,ORD-00029,P0020,2,0.05,661.47,1322.93,605.61
IT-000055,ORD-00030,P0023,3,0.15,425.03,1275.1,216.49
IT-000056,ORD-00030,P0020,2,0.2,557.02,1114.05,396.73
IT-000057,ORD-00031,P0004,5,0.0,46.28,231.4,114.3
IT-000058,ORD-00031,P0005,1,0.0,262.42,262.42,67.38
IT-000059,ORD-00031,P0008,2,0.2,359.2,718.4,-7.36
IT-000060,ORD-00031,P0019,2,0.0,1588.55,3177.1,1431.54
IT-000061,ORD-00032,P0001,3,0.1,870.16,2610.47,456.74
IT-000062,ORD-00033,P0023,1,0.0,500.04,500.04,147.17
IT-000063,ORD-00033,P0022,1,0.05,881.28,881.28,410.13
IT-000064,ORD-00033,P0024,3,0.0,1045.55,3136.65,1546.23
IT-000065,ORD-00034,P0015,1,0.05,988.66,988.66,372.14
IT-000066,ORD-00035,P0024,2,0.1,941.0,1881.99,821.71
IT-000067,ORD-00036,P0009,1,0.0,755.36,755.36,342.18
IT-000068,ORD-00036,P0020,4,0.05,661.47,2645.86,1211.22
IT-000069,ORD-00037,P0007,2,0.05,533.08,1066.17,282.99
IT-000070,ORD-00037,P0001,2,0.0,966.84,1933.68,497.86
IT-000071,ORD-00038,P0019,1,0.2,1270.84,1270.84,398.06
IT-000072,ORD-00039,P0017,1,0.2,693.33,693.33,95.37
IT-000073,ORD-00040,P0022,2,0.0,927.66,1855.32,913.02
IT-000074,ORD-00040,P0019,1,0.3,1111.98,1111.98,239.2
IT-000075,ORD-00041,P0023,3,0.2,400.03,1200.1,141.49
IT-000076,ORD-00042,P0010,1,0.0,689.95,689.95,342.65
IT-000077,ORD-00042,P0022,4,0.0,927.66,3710.64,1826.04
IT-000078,ORD-00043,P0018,3,0.15,268.7,806.11,232.78
IT-000079,ORD-00043,P0024,2,0.0,1045.55,2091.1,1030.82
IT-000080,ORD-00044,P0011,1,0.2,62.82,62.82,16.25
IT-000081,ORD-00045,P0019,1,0.0,1588.55,1588.55,715.77
IT-000082,ORD-00045,P0002,1,0.0,839.32,839.32,300.14
IT-000083,ORD-00045,P0005,2,0.15,223.06,446.11,56.03
IT-000084,ORD-00046,P0005,2,0.0,262.42,524.84,134.76
IT-000085,ORD-00047,P0024,1,0.0,1045.55,1045.55,515.41
IT-000086,ORD-00047,P0010,1,0.0,689.95,689.95,342.65
IT-000087,ORD-00048,P0020,1,0.05,661.47,661.47,302.81
IT-000088,ORD-00048,P0011,1,0.1,70.67,70.67,24.1
IT-000089,ORD-00048,P0007,2,0.0,561.14,1122.28,339.1
IT-000090,ORD-00049,P0025,1,0.2,193.2,193.2,62.07
IT-000091,ORD-00049,P0001,4,0.0,966.84,3867.36,995.72
IT-000092,ORD-00049,P0020,3,0.0,696.28,2088.84,1012.86
IT-000093,ORD-00049,P0012,5,0.05,469.46,2347.31,306.31
IT-000094,ORD-00050,P0001,3,0.1,870.16,2610.47,456.74
IT-000095,ORD-00050,P0015,5,0.3,728.48,3642.42,559.81
IT-000096,ORD-00051,P0012,1,0.1,444.75,444.75,36.55
IT-000097,ORD-00051,P0011,2,0.0,78.52,157.04,63.9
IT-000098,ORD-00052,P0013,1,0.15,1364.45,1364.45,495.21
IT-000099,ORD-00053,P0001,1,0.05,918.5,918.5,200.59
IT-000100,ORD-00053,P0004,1,0.1,41.65,41.65,18.23
IT-000101,ORD-00054,P0001,1,0.0,966.84,966.84,248.93
IT-000102,ORD-00054,P0006,3,0.15,800.73,2402.2,729.25
IT-000103,ORD-00055,P0007,2,0.05,533.08,1066.17,282.99
IT-000104,ORD-00055,P0018,1,0.0,316.12,316.12,125.01
IT-000105,ORD-00056,P0015,1,0.05,988.66,988.66,372.14
IT-000106,ORD-00056,P0001,1,0.05,918.5,918.5,200.59
IT-000107,ORD-00056,P0004,3,0.2,37.02,111.07,40.81
IT-000108,ORD-00057,P0019,4,0.0,1588.55,6354.2,2863.08
IT-000109,ORD-00058,P0021,3,0.05,1002.12,3006.35,516.11
IT-000110,ORD-00058,P0020,5,0.1,626.65,3133.26,1339.96
IT-000111,ORD-00058,P0019,5,0.05,1509.12,7545.61,3181.71
IT-000112,ORD-00059,P0011,1,0.1,70.67,70.67,24.1
IT-000113,ORD-00059,P0013,2,0.15,1364.45,2728.91,990.43
IT-000114,ORD-00059,P0023,1,0.15,425.03,425.03,72.16
IT-000115,ORD-00060,P0004,1,0.05,43.97,43.97,20.55
IT-000116,ORD-00060,P0009,1,0.05,717.59,717.59,304.41
IT-000117,ORD-00061,P0020,1,0.1,626.65,626.65,267.99
IT-000118,ORD-00061,P0008,1,0.0,449.0,449.0,86.12
IT-000119,ORD-00062,P0011,1,0.2,62.82,62.82,16.25
IT-000120,ORD-00063,P0022,2,0.2,742.13,1484.26,541.96
IT-000121,ORD-00063,P0015,3,0.0,1040.69,3122.07,1272.51
IT-000122,ORD-00063,P0017,3,0.0,866.66,2599.98,806.1
IT-000123,ORD-00063,P0010,3,0.15,586.46,1759.37,717.47
IT-000124,ORD-00064,P0006,2,0.2,753.63,1507.26,391.96
IT-000125,ORD-00065,P0006,1,0.05,894.94,894.94,337.29
IT-000126,ORD-00065,P0004,1,0.0,46.28,46.28,22.86
IT-000127,ORD-00066,P0013,1,0.0,1605.24,1605.24,736.0
IT-000128,ORD-00066,P0009,1,0.0,755.36,755.36,342.18
IT-000129,ORD-00067,P0024,2,0.0,1045.55,2091.1,1030.82
IT-000130,ORD-00067,P0007,2,0.05,533.08,1066.17,282.99
IT-000131,ORD-00067,P0011,2,0.0,78.52,157.04,63.9
IT-000132,ORD-00067,P0018,1,0.05,300.31,300.31,109.2
IT-000133,ORD-00068,P0004,1,0.15,39.34,39.34,15.92
IT-000134,ORD-00068,P0019,1,0.1,1429.7,1429.7,556.92
IT-000135,ORD-00068,P0018,1,0.05,300.31,300.31,109.2
IT-000136,ORD-00069,P0015,2,0.0,1040.69,2081.38,848.34
IT-000137,ORD-00069,P0005,3,0.0,262.42,787.26,202.14
IT-000138,ORD-00070,P0014,2,0.15,22.7,45.41,6.83
IT-000139,ORD-00071,P0018,4,0.15,268.7,1074.81,310.37
IT-000140,ORD-00072,P0014,3,0.05,25.37,76.12,18.25
IT-000141,ORD-00073,P0016,1,0.1,218.07,218.07,57.91
IT-000142,ORD-00073,P0012,1,0.0,494.17,494.17,85.97
IT-000143,ORD-00073,P0011,2,0.2,62.82,125.63,32.49
IT-000144,ORD-00074,P0004,4,0.0,46.28,185.12,91.44
IT-000145,ORD-00074,P0008,3,0.0,449.0,1347.0,258.36
IT-000146,ORD-00075,P0009,1,0.1,679.82,679.82,266.64
IT-000147,ORD-00075,P0020,1,0.0,696.28,696.28,337.62
IT-000148,ORD-00075,P0008,2,0.0,449.0,898.0,172.24
IT-000149,ORD-00076,P0004,1,0.0,46.28,46.28,22.86
IT-000150,ORD-00076,P0021,1,0.2,843.89,843.89,13.81
IT-000151,ORD-00077,P0011,2,0.05,74.59,149.19,56.05
IT-000152,ORD-00077,P0010,2,0.2,551.96,1103.92,409.32
IT-000153,ORD-00078,P0018,1,0.1,284.51,284.51,93.4
IT-000154,ORD-00079,P0017,2,0.0,866.66,1733.32,537.4
IT-000155,ORD-00080,P0013,2,0.15,1364.45,2728.91,990.43
IT-000156,ORD-00081,P0016,1,0.0,242.3,242.3,82.14
IT-000157,ORD-00081,P0010,4,0.15,586.46,2345.83,956.63
IT-000158,ORD-00082,P0015,4,0.3,728.48,2913.93,447.85
IT-000159,ORD-00083,P0020,4,0.0,696.28,2785.12,1350.48
IT-000160,ORD-00083,P0018,2,0.05,300.31,600.63,218.41
IT-000161,ORD-00084,P0005,1,0.1,236.18,236.18,41.14
IT-000162,ORD-00084,P0001,1,0.0,966.84,966.84,248.93
IT-000163,ORD-00085,P0021,2,0.0,1054.86,2109.72,449.56
IT-000164,ORD-00085,P0022,1,0.15,788.51,788.51,317.36
IT-000165,ORD-00086,P0002,1,0.1,755.39,755.39,216.21
IT-000166,ORD-00087,P0007,1,0.0,561.14,561.14,169.55
IT-000167,ORD-00088,P0002,2,0.0,839.32,1678.64,600.28
IT-000168,ORD-00089,P0008,1,0.0,449.0,449.0,86.12
IT-000169,ORD-00089,P0004,1,0.0,46.28,46.28,22.86
IT-000170,ORD-00090,P0002,2,0.1,755.39,1510.78,432.42
IT-000171,ORD-00091,P0002,2,0.0,839.32,1678.64,600.28
IT-000172,ORD-00091,P0010,1,0.15,586.46,586.46,239.16
IT-000173,ORD-00091,P0016,3,0.15,205.96,617.86,137.39
IT-000174,ORD-00092,P0015,5,0.0,1040.69,5203.45,2120.85
IT-000175,ORD-00092,P0023,2,0.15,425.03,850.07,144.33
IT-000176,ORD-00092,P0009,2,0.0,755.36,1510.72,684.36
IT-000177,ORD-00093,P0001,1,0.15,821.81,821.81,103.9
IT-000178,ORD-00094,P0005,5,0.2,209.94,1049.68,74.48
IT-000179,ORD-00094,P0014,2,0.0,26.71,53.42,14.84
IT-000180,ORD-00095,P0013,2,0.0,1605.24,3210.48,1472.0
IT-000181,ORD-00095,P0022,5,0.15,788.51,3942.56,1586.8
IT-000182,ORD-00096,P0007,3,0.15,476.97,1430.91,256.14
IT-000183,ORD-00096,P0008,1,0.05,426.55,426.55,63.67
IT-000184,ORD-00097,P0018,1,0.0,316.12,316.12,125.01
IT-000185,ORD-00098,P0018,1,0.0,316.12,316.12,125.01
IT-000186,ORD-00099,P0005,1,0.0,262.42,262.42,67.38
IT-000187,ORD-00100,P0013,1,0.0,1605.24,1605.24,736.0
IT-000188,ORD-00101,P0005,3,0.3,183.69,551.08,-34.04
IT-000189,ORD-00101,P0023,1,0.15,425.03,425.03,72.16
IT-000190,ORD-00101,P0018,3,0.1,284.51,853.52,280.19
IT-000191,ORD-00102,P0013,4,0.0,1605.24,6420.96,2944.0
IT-000192,ORD-00102,P0003,1,0.0,107.87,107.87,50.89
IT-000193,ORD-00103,P0005,2,0.0,262.42,524.84,134.76
IT-000194,ORD-00103,P0017,1,0.3,606.66,606.66,8.7
IT-000195,ORD-00103,P0015,1,0.05,988.66,988.66,372.14
IT-000196,ORD-00103,P0016,1,0.15,205.96,205.96,45.8
IT-000197,ORD-00104,P0011,1,0.0,78.52,78.52,31.95
IT-000198,ORD-00105,P0024,1,0.1,941.0,941.0,410.86
IT-000199,ORD-00106,P0012,1,0.15,420.04,420.04,11.84
IT-000200,ORD-00106,P0017,1,0.15,736.66,736.66,138.7
IT-000201,ORD-00107,P0013,2,0.0,1605.24,3210.48,1472.0
IT-000202,ORD-00108,P0004,1,0.2,37.02,37.02,13.6
IT-000203,ORD-00109,P0006,3,0.05,894.94,2684.81,1011.86
IT-000204,ORD-00109,P0015,1,0.3,728.48,728.48,111.96
IT-000205,ORD-00110,P0013,1,0.15,1364.45,1364.45,495.21
IT-000206,ORD-00111,P0021,4,0.0,1054.86,4219.44,899.12
IT-000207,ORD-00111,P0004,2,0.2,37.02,74.05,27.21
IT-000208,ORD-00112,P0014,1,0.0,26.71,26.71,7.42
IT-000209,ORD-00113,P0010,1,0.2,551.96,551.96,204.66
IT-000210,ORD-00113,P0002,1,0.1,755.39,755.39,216.21
IT-000211,ORD-00114,P0013,1,0.0,1605.24,1605.24,736.0
IT-000212,ORD-00114,P0005,3,0.0,262.42,787.26,202.14
IT-000213,ORD-00114,P0016,2,0.0,242.3,484.6,164.28
IT-000214,ORD-00115,P0024,1,0.05,993.27,993.27,463.13
IT-000215,ORD-00116,P0008,3,0.0,449.0,1347.0,258.36
IT-000216,ORD-00116,P0010,2,0.1,620.96,1241.91,547.31
IT-000217,ORD-00116,P0011,2,0.1,70.67,141.34,48.2
IT-000218,ORD-00116,P0002,2,0.0,839.32,1678.64,600.28
IT-000219,ORD-00117,P0003,1,0.0,107.87,107.87,50.89
IT-000220,ORD-00117,P0005,1,0.15,223.06,223.06,28.02
IT-000221,ORD-00118,P0009,1,0.05,717.59,717.59,304.41
IT-000222,ORD-00118,P0006,1,0.05,894.94,894.94,337.29
IT-000223,ORD-00118,P0001,1,0.15,821.81,821.81,103.9
IT-000224,ORD-00118,P0002,3,0.0,839.32,2517.96,900.42
IT-000225,ORD-00119,P0013,2,0.0,1605.24,3210.48,1472.0
IT-000226,ORD-00120,P0008,2,0.0,449.0,898.0,172.24
IT-000227,ORD-00120,P0006,1,0.2,753.63,753.63,195.98
IT-000228,ORD-00121,P0008,4,0.3,314.3,1257.2,-194.32
IT-000229,ORD-00121,P0014,2,0.2,21.37,42.74,4.16
IT-000230,ORD-00122,P0011,2,0.05,74.59,149.19,56.05
IT-000231,ORD-00122,P0014,2,0.0,26.71,53.42,14.84
IT-000232,ORD-00122,P0015,1,0.0,1040.69,1040.69,424.17
IT-000233,ORD-00123,P0012,1,0.2,395.34,395.34,-12.86
IT-000234,ORD-00123,P0006,2,0.2,753.63,1507.26,391.96
IT-000235,ORD-00124,P0024,5,0.2,836.44,4182.2,1531.5
IT-000236,ORD-00124,P0018,4,0.0,316.12,1264.48,500.04
IT-000237,ORD-00125,P0012,2,0.0,494.17,988.34,171.94
IT-000238,ORD-00125,P0024,1,0.2,836.44,836.44,306.3
IT-000239,ORD-00125,P0016,4,0.0,242.3,969.2,328.56
IT-000240,ORD-00126,P0014,2,0.0,26.71,53.42,14.84
IT-000241,ORD-00127,P0017,3,0.05,823.33,2469.98,676.1
IT-000242,ORD-00128,P0014,1,0.0,26.71,26.71,7.42
IT-000243,ORD-00128,P0002,3,0.0,839.32,2517.96,900.42
IT-000244,ORD-00129,P0013,1,0.0,1605.24,1605.24,736.0
IT-000245,ORD-00129,P0012,1,0.0,494.17,494.17,85.97
IT-000246,ORD-00130,P0011,1,0.3,54.96,54.96,8.39
IT-000247,ORD-00130,P0015,2,0.15,884.59,1769.17,536.13
IT-000248,ORD-00131,P0006,3,0.1,847.84,2543.51,870.56
IT-000249,ORD-00131,P0005,2,0.2,209.94,419.87,29.79
IT-000250,ORD-00132,P0008,1,0.0,449.0,449.0,86.12
IT-000251,ORD-00132,P0009,1,0.1,679.82,679.82,266.64
IT-000252,ORD-00132,P0025,3,0.0,241.5,724.5,331.11
IT-000253,ORD-00132,P0011,2,0.1,70.67,141.34,48.2
IT-000254,ORD-00133,P0021,1,0.15,896.63,896.63,66.55
IT-000255,ORD-00133,P0019,4,0.0,1588.55,6354.2,2863.08
IT-000256,ORD-00134,P0017,1,0.05,823.33,823.33,225.37
IT-000257,ORD-00135,P0011,1,0.0,78.52,78.52,31.95
IT-000258,ORD-00136,P0015,4,0.1,936.62,3746.48,1280.4
IT-000259,ORD-00136,P0004,1,0.05,43.97,43.97,20.55
IT-000260,ORD-00136,P0013,2,0.0,1605.24,3210.48,1472.0
IT-000261,ORD-00136,P0025,1,0.05,229.42,229.42,98.29
IT-000262,ORD-00137,P0002,2,0.3,587.52,1175.05,96.69
IT-000263,ORD-00137,P0014,1,0.15,22.7,22.7,3.41
IT-000264,ORD-00138,P0002,1,0.15,713.42,713.42,174.24
IT-000265,ORD-00138,P0007,2,0.0,561.14,1122.28,339.1
IT-000266,ORD-00138,P0011,2,0.1,70.67,141.34,48.2
IT-000267,ORD-00139,P0001,2,0.0,966.84,1933.68,497.86
IT-000268,ORD-00140,P0018,1,0.05,300.31,300.31,109.2
IT-000269,ORD-00140,P0010,2,0.05,655.45,1310.9,616.3
IT-000270,ORD-00141,P0018,2,0.0,316.12,632.24,250.02
IT-000271,ORD-00141,P0008,2,0.0,449.0,898.0,172.24
IT-000272,ORD-00142,P0025,2,0.0,241.5,483.0,220.74
IT-000273,ORD-00143,P0022,5,0.0,927.66,4638.3,2282.55
IT-000274,ORD-00143,P0015,2,0.05,988.66,1977.31,744.27
IT-000275,ORD-00144,P0019,1,0.15,1350.27,1350.27,477.49
IT-000276,ORD-00144,P0015,1,0.2,832.55,832.55,216.03
IT-000277,ORD-00145,P0015,4,0.05,988.66,3954.62,1488.54
IT-000278,ORD-00145,P0022,1,0.1,834.89,834.89,363.74
IT-000279,ORD-00146,P0006,1,0.1,847.84,847.84,290.19
IT-000280,ORD-00146,P0016,2,0.3,169.61,339.22,18.9
IT-000281,ORD-00146,P0025,4,0.0,241.5,966.0,441.48
IT-000282,ORD-00147,P0018,2,0.05,300.31,600.63,218.41
IT-000283,ORD-00147,P0004,4,0.0,46.28,185.12,91.44
IT-000284,ORD-00147,P0010,1,0.1,620.96,620.96,273.66
IT-000285,ORD-00148,P0021,1,0.2,843.89,843.89,13.81
IT-000286,ORD-00148,P0012,2,0.0,494.17,988.34,171.94
IT-000287,ORD-00148,P0016,2,0.0,242.3,484.6,164.28
IT-000288,ORD-00149,P0015,1,0.15,884.59,884.59,268.07
IT-000289,ORD-00149,P0022,1,0.1,834.89,834.89,363.74
IT-000290,ORD-00149,P0014,1,0.0,26.71,26.71,7.42
IT-000291,ORD-00150,P0008,1,0.0,449.0,449.0,86.12
IT-000292,ORD-00150,P0006,3,0.0,942.04,2826.12,1153.17
IT-000293,ORD-00151,P0007,1,0.1,505.03,505.03,113.44
IT-000294,ORD-00152,P0014,2,0.3,18.7,37.39,-1.19
IT-000295,ORD-00152,P0013,4,0.0,1605.24,6420.96,2944.0
IT-000296,ORD-00152,P0004,1,0.15,39.34,39.34,15.92
IT-000297,ORD-00153,P0001,2,0.1,870.16,1740.31,304.49
IT-000298,ORD-00153,P0002,1,0.05,797.35,797.35,258.17
IT-000299,ORD-00154,P0016,1,0.1,218.07,218.07,57.91
IT-000300,ORD-00155,P0013,2,0.1,1444.72,2889.43,1150.95
IT-000301,ORD-00155,P0016,2,0.0,242.3,484.6,164.28
IT-000302,ORD-00156,P0011,1,0.0,78.52,78.52,31.95
IT-000303,ORD-00157,P0005,2,0.0,262.42,524.84,134.76
IT-000304,ORD-00157,P0016,2,0.1,218.07,436.14,115.82
IT-000305,ORD-00158,P0022,1,0.05,881.28,881.28,410.13
IT-000306,ORD-00159,P0012,2,0.2,395.34,790.67,-25.73
IT-000307,ORD-00160,P0018,1,0.05,300.31,300.31,109.2
IT-000308,ORD-00160,P0007,1,0.3,392.8,392.8,1.21
IT-000309,ORD-00160,P0008,1,0.15,381.65,381.65,18.77
IT-000310,ORD-00160,P0024,3,0.3,731.88,2195.65,605.23
IT-000311,ORD-00161,P0020,1,0.05,661.47,661.47,302.81
IT-000312,ORD-00161,P0001,1,0.05,918.5,918.5,200.59
IT-000313,ORD-00161,P0019,1,0.0,1588.55,1588.55,715.77
IT-000314,ORD-00162,P0024,4,0.2,836.44,3345.76,1225.2
IT-000315,ORD-00162,P0023,1,0.0,500.04,500.04,147.17
IT-000316,ORD-00162,P0002,1,0.0,839.32,839.32,300.14
IT-000317,ORD-00163,P0024,2,0.1,941.0,1881.99,821.71
IT-000318,ORD-00163,P0021,2,0.0,1054.86,2109.72,449.56
IT-000319,ORD-00164,P0018,1,0.0,316.12,316.12,125.01
IT-000320,ORD-00164,P0003,5,0.1,97.08,485.42,200.52
IT-000321,ORD-00164,P0022,5,0.0,927.66,4638.3,2282.55
IT-000322,ORD-00165,P0022,4,0.15,788.51,3154.04,1269.44
IT-000323,ORD-00165,P0010,3,0.05,655.45,1966.36,924.46
IT-000324,ORD-00165,P0003,2,0.05,102.48,204.95,90.99
IT-000325,ORD-00166,P0021,3,0.0,1054.86,3164.58,674.34
IT-000326,ORD-00166,P0010,2,0.0,689.95,1379.9,685.3
IT-000327,ORD-00167,P0010,1,0.0,689.95,689.95,342.65
IT-000328,ORD-00167,P0006,1,0.1,847.84,847.84,290.19
IT-000329,ORD-00167,P0017,2,0.0,866.66,1733.32,537.4
IT-000330,ORD-00167,P0005,1,0.15,223.06,223.06,28.02
IT-000331,ORD-00168,P0013,4,0.0,1605.24,6420.96,2944.0
IT-000332,ORD-00169,P0011,3,0.1,70.67,212.0,72.29
IT-000333,ORD-00169,P0001,1,0.0,966.84,966.84,248.93
IT-000334,ORD-00169,P0007,1,0.2,448.91,448.91,57.32
IT-000335,ORD-00169,P0025,1,0.0,241.5,241.5,110.37
IT-000336,ORD-00170,P0017,1,0.1,779.99,779.99,182.03
IT-000337,ORD-00170,P0002,5,0.0,839.32,4196.6,1500.7
IT-000338,ORD-00171,P0005,1,0.0,262.42,262.42,67.38
IT-000339,ORD-00171,P0017,1,0.3,606.66,606.66,8.7
IT-000340,ORD-00172,P0016,1,0.0,242.3,242.3,82.14
IT-000341,ORD-00173,P0014,2,0.0,26.71,53.42,14.84
IT-000342,ORD-00173,P0015,1,0.15,884.59,884.59,268.07
IT-000343,ORD-00174,P0012,4,0.3,345.92,1383.68,-249.12
IT-000344,ORD-00174,P0008,2,0.2,359.2,718.4,-7.36
IT-000345,ORD-00175,P0009,1,0.0,755.36,755.36,342.18
IT-000346,ORD-00175,P0022,3,0.0,927.66,2782.98,1369.53
IT-000347,ORD-00175,P0014,1,0.05,25.37,25.37,6.08
IT-000348,ORD-00175,P0024,2,0.2,836.44,1672.88,612.6
IT-000349,ORD-00176,P0020,2,0.1,626.65,1253.3,535.98
IT-000350,ORD-00176,P0003,5,0.1,97.08,485.42,200.52
IT-000351,ORD-00176,P0011,4,0.05,74.59,298.38,112.1
IT-000352,ORD-00176,P0007,2,0.0,561.14,1122.28,339.1
IT-000353,ORD-00177,P0021,2,0.2,843.89,1687.78,27.62
IT-000354,ORD-00177,P0002,1,0.0,839.32,839.32,300.14
IT-000355,ORD-00177,P0001,3,0.3,676.79,2030.36,-123.37
IT-000356,ORD-00177,P0003,2,0.0,107.87,215.74,101.78
IT-000357,ORD-00178,P0023,1,0.1,450.04,450.04,97.17
IT-000358,ORD-00179,P0007,2,0.0,561.14,1122.28,339.1
IT-000359,ORD-00179,P0025,1,0.0,241.5,241.5,110.37
IT-000360,ORD-00179,P0015,1,0.0,1040.69,1040.69,424.17
IT-000361,ORD-00179,P0017,3,0.3,606.66,1819.99,26.11
IT-000362,ORD-00180,P0021,2,0.1,949.37,1898.75,238.59
IT-000363,ORD-00180,P0013,3,0.1,1444.72,4334.15,1726.43
IT-000364,ORD-00181,P0022,2,0.3,649.36,1298.72,356.42
IT-000365,ORD-00181,P0015,1,0.0,1040.69,1040.69,424.17
IT-000366,ORD-00181,P0004,1,0.0,46.28,46.28,22.86
IT-000367,ORD-00182,P0004,2,0.0,46.28,92.56,45.72
IT-000368,ORD-00183,P0003,1,0.0,107.87,107.87,50.89
IT-000369,ORD-00183,P0021,1,0.0,1054.86,1054.86,224.78
IT-000370,ORD-00184,P0008,1,0.3,314.3,314.3,-48.58
IT-000371,ORD-00184,P0005,2,0.05,249.3,498.6,108.52
IT-000372,ORD-00184,P0020,5,0.1,626.65,3133.26,1339.96
IT-000373,ORD-00184,P0025,2,0.0,241.5,483.0,220.74
IT-000374,ORD-00185,P0015,3,0.1,936.62,2809.86,960.3
IT-000375,ORD-00185,P0021,1,0.0,1054.86,1054.86,224.78
IT-000376,ORD-00185,P0004,2,0.0,46.28,92.56,45.72
IT-000377,ORD-00185,P0002,1,0.0,839.32,839.32,300.14
IT-000378,ORD-00186,P0010,5,0.1,620.96,3104.78,1368.28
IT-000379,ORD-00186,P0011,3,0.1,70.67,212.0,72.29
IT-000380,ORD-00187,P0014,2,0.0,26.71,53.42,14.84
IT-000381,ORD-00187,P0010,1,0.2,551.96,551.96,204.66
IT-000382,ORD-00187,P0011,2,0.0,78.52,157.04,63.9
IT-000383,ORD-00188,P0014,2,0.0,26.71,53.42,14.84
IT-000384,ORD-00189,P0023,5,0.1,450.04,2250.18,485.83
IT-000385,ORD-00189,P0014,2,0.0,26.71,53.42,14.84
IT-000386,ORD-00190,P0010,3,0.0,689.95,2069.85,1027.95
IT-000387,ORD-00190,P0012,1,0.0,494.17,494.17,85.97
IT-000388,ORD-00191,P0022,3,0.15,788.51,2365.53,952.08
IT-000389,ORD-00192,P0009,1,0.0,755.36,755.36,342.18
IT-000390,ORD-00193,P0020,4,0.0,696.28,2785.12,1350.48
IT-000391,ORD-00194,P0003,5,0.0,107.87,539.35,254.45
IT-000392,ORD-00194,P0015,4,0.0,1040.69,4162.76,1696.68
IT-000393,ORD-00195,P0015,1,0.1,936.62,936.62,320.1
IT-000394,ORD-00196,P0021,2,0.0,1054.86,2109.72,449.56
IT-000395,ORD-00196,P0016,1,0.3,169.61,169.61,9.45
IT-000396,ORD-00197,P0005,5,0.0,262.42,1312.1,336.9
IT-000397,ORD-00198,P0020,1,0.1,626.65,626.65,267.99
IT-000398,ORD-00198,P0025,2,0.0,241.5,483.0,220.74
IT-000399,ORD-00199,P0014,1,0.15,22.7,22.7,3.41
IT-000400,ORD-00199,P0022,1,0.0,927.66,927.66,456.51
IT-000401,ORD-00200,P0005,1,0.0,262.42,262.42,67.38
IT-000402,ORD-00200,P0013,1,0.1,1444.72,1444.72,575.48
IT-000403,ORD-00201,P0017,2,0.2,693.33,1386.66,190.74
IT-000404,ORD-00201,P0025,1,0.0,241.5,241.5,110.37
IT-000405,ORD-00202,P0003,1,0.15,91.69,91.69,34.71
IT-000406,ORD-00202,P0024,4,0.15,888.72,3554.87,1434.31
IT-000407,ORD-00203,P0001,1,0.15,821.81,821.81,103.9
IT-000408,ORD-00204,P0016,1,0.0,242.3,242.3,82.14
IT-000409,ORD-00204,P0004,2,0.0,46.28,92.56,45.72
IT-000410,ORD-00204,P0005,3,0.1,236.18,708.53,123.41
IT-000411,ORD-00205,P0002,2,0.15,713.42,1426.84,348.48
IT-000412,ORD-00206,P0010,1,0.0,689.95,689.95,342.65
IT-000413,ORD-00207,P0001,3,0.0,966.84,2900.52,746.79
IT-000414,ORD-00207,P0017,1,0.0,866.66,866.66,268.7
IT-000415,ORD-00208,P0021,3,0.1,949.37,2848.12,357.88
IT-000416,ORD-00209,P0009,1,0.0,755.36,755.36,342.18
IT-000417,ORD-00209,P0014,2,0.0,26.71,53.42,14.84
IT-000418,ORD-00209,P0007,3,0.2,448.91,1346.74,171.97
IT-000419,ORD-00210,P0016,1,0.0,242.3,242.3,82.14
IT-000420,ORD-00211,P0018,2,0.0,316.12,632.24,250.02
IT-000421,ORD-00211,P0003,2,0.0,107.87,215.74,101.78
IT-000422,ORD-00212,P0025,1,0.0,241.5,241.5,110.37
IT-000423,ORD-00213,P0005,1,0.0,262.42,262.42,67.38
IT-000424,ORD-00214,P0001,2,0.0,966.84,1933.68,497.86
IT-000425,ORD-00215,P0021,1,0.0,1054.86,1054.86,224.78
IT-000426,ORD-00215,P0003,1,0.05,102.48,102.48,45.5
IT-000427,ORD-00215,P0019,2,0.0,1588.55,3177.1,1431.54
IT-000428,ORD-00216,P0017,4,0.1,779.99,3119.98,728.14
IT-000429,ORD-00216,P0009,3,0.0,755.36,2266.08,1026.54
IT-000430,ORD-00216,P0007,5,0.1,505.03,2525.13,567.18
IT-000431,ORD-00216,P0005,1,0.0,262.42,262.42,67.38
IT-000432,ORD-00217,P0001,4,0.0,966.84,3867.36,995.72
IT-000433,ORD-00217,P0021,1,0.0,1054.86,1054.86,224.78
IT-000434,ORD-00218,P0010,4,0.15,586.46,2345.83,956.63
IT-000435,ORD-00218,P0007,1,0.0,561.14,561.14,169.55
IT-000436,ORD-00218,P0014,1,0.2,21.37,21.37,2.08
IT-000437,ORD-00219,P0008,2,0.0,449.0,898.0,172.24
IT-000438,ORD-00219,P0004,1,0.0,46.28,46.28,22.86
IT-000439,ORD-00220,P0009,1,0.1,679.82,679.82,266.64
IT-000440,ORD-00220,P0005,2,0.05,249.3,498.6,108.52
IT-000441,ORD-00220,P0015,1,0.0,1040.69,1040.69,424.17
IT-000442,ORD-00220,P0020,3,0.2,557.02,1671.07,595.09
IT-000443,ORD-00221,P0016,3,0.1,218.07,654.21,173.73
IT-000444,ORD-00221,P0012,1,0.0,494.17,494.17,85.97
IT-000445,ORD-00221,P0005,3,0.0,262.42,787.26,202.14
IT-000446,ORD-00222,P0004,4,0.2,37.02,148.1,54.42
IT-000447,ORD-00223,P0011,1,0.1,70.67,70.67,24.1
IT-000448,ORD-00223,P0015,4,0.0,1040.69,4162.76,1696.68
IT-000449,ORD-00224,P0006,1,0.1,847.84,847.84,290.19
IT-000450,ORD-00224,P0024,1,0.1,941.0,941.0,410.86
IT-000451,ORD-00225,P0020,1,0.0,696.28,696.28,337.62
IT-000452,ORD-00226,P0016,3,0.3,169.61,508.83,28.35
IT-000453,ORD-00227,P0005,3,0.0,262.42,787.26,202.14
IT-000454,ORD-00227,P0021,3,0.0,1054.86,3164.58,674.34
IT-000455,ORD-00227,P0018,1,0.0,316.12,316.12,125.01
IT-000456,ORD-00227,P0008,5,0.0,449.0,2245.0,430.6
IT-000457,ORD-00228,P0005,1,0.0,262.42,262.42,67.38
IT-000458,ORD-00228,P0008,1,0.1,404.1,404.1,41.22
IT-000459,ORD-00228,P0016,1,0.15,205.96,205.96,45.8
IT-000460,ORD-00228,P0014,1,0.0,26.71,26.71,7.42
IT-000461,ORD-00229,P0005,1,0.0,262.42,262.42,67.38
IT-000462,ORD-00229,P0015,2,0.3,728.48,1456.97,223.93
IT-000463,ORD-00229,P0007,4,0.0,561.14,2244.56,678.2
IT-000464,ORD-00230,P0017,2,0.05,823.33,1646.65,450.73
IT-000465,ORD-00230,P0006,1,0.1,847.84,847.84,290.19
IT-000466,ORD-00230,P0024,1,0.0,1045.55,1045.55,515.41
IT-000467,ORD-00230,P0014,1,0.05,25.37,25.37,6.08
IT-000468,ORD-00231,P0003,2,0.15,91.69,183.38,69.42
IT-000469,ORD-00231,P0016,1,0.0,242.3,242.3,82.14
IT-000470,ORD-00231,P0007,3,0.2,448.91,1346.74,171.97
IT-000471,ORD-00232,P0014,1,0.3,18.7,18.7,-0.59
IT-000472,ORD-00233,P0022,3,0.0,927.66,2782.98,1369.53
IT-000473,ORD-00234,P0006,2,0.0,942.04,1884.08,768.78
IT-000474,ORD-00235,P0009,1,0.0,755.36,755.36,342.18
IT-000475,ORD-00236,P0007,1,0.0,561.14,561.14,169.55
IT-000476,ORD-00237,P0023,3,0.15,425.03,1275.1,216.49
IT-000477,ORD-00237,P0011,1,0.3,54.96,54.96,8.39
IT-000478,ORD-00238,P0003,1,0.1,97.08,97.08,40.1
IT-000479,ORD-00238,P0006,2,0.05,894.94,1789.88,674.58
IT-000480,ORD-00238,P0025,1,0.2,193.2,193.2,62.07
IT-000481,ORD-00239,P0024,2,0.0,1045.55,2091.1,1030.82
IT-000482,ORD-00239,P0005,1,0.05,249.3,249.3,54.26
IT-000483,ORD-00239,P0015,2,0.0,1040.69,2081.38,848.34
IT-000484,ORD-00240,P0010,3,0.0,689.95,2069.85,1027.95
IT-000485,ORD-00240,P0009,3,0.0,755.36,2266.08,1026.54
IT-000486,ORD-00241,P0011,1,0.0,78.52,78.52,31.95
IT-000487,ORD-00241,P0007,2,0.0,561.14,1122.28,339.1
IT-000488,ORD-00241,P0006,2,0.0,942.04,1884.08,768.78
IT-000489,ORD-00241,P0019,1,0.05,1509.12,1509.12,636.34
IT-000490,ORD-00242,P0005,4,0.2,209.94,839.74,59.58
IT-000491,ORD-00242,P0012,5,0.2,395.34,1976.68,-64.32
IT-000492,ORD-00243,P0023,1,0.0,500.04,500.04,147.17
IT-000493,ORD-00243,P0021,4,0.0,1054.86,4219.44,899.12
IT-000494,ORD-00243,P0010,1,0.0,689.95,689.95,342.65
IT-000495,ORD-00244,P0025,2,0.0,241.5,483.0,220.74
IT-000496,ORD-00244,P0019,4,0.15,1350.27,5401.07,1909.95
IT-000497,ORD-00245,P0018,2,0.1,284.51,569.02,186.8
IT-000498,ORD-00246,P0007,1,0.0,561.14,561.14,169.55
IT-000499,ORD-00246,P0018,2,0.0,316.12,632.24,250.02
IT-000500,ORD-00246,P0006,1,0.05,894.94,894.94,337.29
IT-000501,ORD-00247,P0009,4,0.0,755.36,3021.44,1368.72
IT-000502,ORD-00248,P0024,3,0.0,1045.55,3136.65,1546.23
IT-000503,ORD-00248,P0016,2,0.05,230.18,460.37,140.05
IT-000504,ORD-00249,P0020,2,0.0,696.28,1392.56,675.24
IT-000505,ORD-00250,P0015,2,0.1,936.62,1873.24,640.2
IT-000506,ORD-00250,P0005,1,0.05,249.3,249.3,54.26
IT-000507,ORD-00251,P0021,1,0.05,1002.12,1002.12,172.04
IT-000508,ORD-00251,P0017,1,0.1,779.99,779.99,182.03
IT-000509,ORD-00251,P0010,2,0.3,482.96,965.93,271.33
IT-000510,ORD-00251,P0013,4,0.0,1605.24,6420.96,2944.0
IT-000511,ORD-00252,P0012,2,0.0,494.17,988.34,171.94
IT-000512,ORD-00253,P0012,1,0.05,469.46,469.46,61.26
IT-000513,ORD-00253,P0024,1,0.15,888.72,888.72,358.58
IT-000514,ORD-00253,P0020,1,0.2,557.02,557.02,198.36
IT-000515,ORD-00254,P0002,3,0.15,713.42,2140.27,522.73
IT-000516,ORD-00255,P0015,3,0.0,1040.69,3122.07,1272.51
IT-000517,ORD-00256,P0010,4,0.2,551.96,2207.84,818.64
IT-000518,ORD-00257,P0017,2,0.15,736.66,1473.32,277.4
IT-000519,ORD-00257,P0009,1,0.2,604.29,604.29,191.11
IT-000520,ORD-00257,P0010,3,0.1,620.96,1862.87,820.97
IT-000521,ORD-00258,P0022,2,0.1,834.89,1669.79,727.49
IT-000522,ORD-00259,P0017,1,0.2,693.33,693.33,95.37
IT-000523,ORD-00259,P0018,3,0.0,316.12,948.36,375.03
IT-000524,ORD-00260,P0016,2,0.0,242.3,484.6,164.28
IT-000525,ORD-00261,P0014,3,0.0,26.71,80.13,22.26
IT-000526,ORD-00262,P0024,2,0.0,1045.55,2091.1,1030.82
IT-000527,ORD-00262,P0020,3,0.0,696.28,2088.84,1012.86
IT-000528,ORD-00262,P0007,2,0.05,533.08,1066.17,282.99
IT-000529,ORD-00263,P0002,2,0.0,839.32,1678.64,600.28
IT-000530,ORD-00264,P0023,2,0.05,475.04,950.08,244.34
IT-000531,ORD-00265,P0011,2,0.15,66.74,133.48,40.34
IT-000532,ORD-00266,P0019,3,0.0,1588.55,4765.65,2147.31
IT-000533,ORD-00266,P0022,1,0.1,834.89,834.89,363.74
IT-000534,ORD-00267,P0011,1,0.05,74.59,74.59,28.02
IT-000535,ORD-00267,P0015,2,0.05,988.66,1977.31,744.27
IT-000536,ORD-00268,P0020,3,0.15,591.84,1775.51,699.53
IT-000537,ORD-00269,P0002,3,0.2,671.46,2014.37,396.83
IT-000538,ORD-00270,P0019,3,0.15,1350.27,4050.8,1432.46
IT-000539,ORD-00270,P0020,1,0.0,696.28,696.28,337.62
IT-000540,ORD-00271,P0010,1,0.0,689.95,689.95,342.65
IT-000541,ORD-00272,P0003,2,0.05,102.48,204.95,90.99
IT-000542,ORD-00272,P0001,1,0.15,821.81,821.81,103.9
IT-000543,ORD-00272,P0020,1,0.0,696.28,696.28,337.62
IT-000544,ORD-00273,P0010,2,0.0,689.95,1379.9,685.3
IT-000545,ORD-00273,P0012,1,0.0,494.17,494.17,85.97
IT-000546,ORD-00273,P0005,4,0.0,262.42,1049.68,269.52
IT-000547,ORD-00274,P0023,2,0.0,500.04,1000.08,294.34
IT-000548,ORD-00274,P0003,1,0.2,86.3,86.3,29.32
IT-000549,ORD-00275,P0022,1,0.05,881.28,881.28,410.13
IT-000550,ORD-00276,P0006,1,0.0,942.04,942.04,384.39
IT-000551,ORD-00276,P0025,1,0.0,241.5,241.5,110.37
IT-000552,ORD-00277,P0017,2,0.0,866.66,1733.32,537.4
IT-000553,ORD-00277,P0021,1,0.0,1054.86,1054.86,224.78
IT-000554,ORD-00277,P0008,2,0.0,449.0,898.0,172.24
IT-000555,ORD-00278,P0021,1,0.1,949.37,949.37,119.29
IT-000556,ORD-00278,P0025,3,0.0,241.5,724.5,331.11
IT-000557,ORD-00279,P0003,2,0.1,97.08,194.17,80.21
IT-000558,ORD-00279,P0019,2,0.0,1588.55,3177.1,1431.54
IT-000559,ORD-00279,P0017,1,0.2,693.33,693.33,95.37
IT-000560,ORD-00280,P0024,1,0.0,1045.55,1045.55,515.41
IT-000561,ORD-00280,P0012,1,0.0,494.17,494.17,85.97
IT-000562,ORD-00281,P0021,1,0.3,738.4,738.4,-91.68
IT-000563,ORD-00281,P0019,2,0.0,1588.55,3177.1,1431.54
IT-000564,ORD-00282,P0022,1,0.15,788.51,788.51,317.36
IT-000565,ORD-00283,P0012,1,0.0,494.17,494.17,85.97
IT-000566,ORD-00283,P0002,2,0.2,671.46,1342.91,264.55
IT-000567,ORD-00284,P0021,5,0.1,949.37,4746.87,596.47
IT-000568,ORD-00285,P0009,2,0.15,642.06,1284.11,457.75
IT-000569,ORD-00285,P0005,2,0.0,262.42,524.84,134.76
IT-000570,ORD-00285,P0013,1,0.15,1364.45,1364.45,495.21
IT-000571,ORD-00286,P0025,1,0.2,193.2,193.2,62.07
IT-000572,ORD-00286,P0006,2,0.0,942.04,1884.08,768.78
IT-000573,ORD-00286,P0013,2,0.0,1605.24,3210.48,1472.0
IT-000574,ORD-00287,P0009,1,0.0,755.36,755.36,342.18
IT-000575,ORD-00287,P0006,3,0.1,847.84,2543.51,870.56
IT-000576,ORD-00287,P0003,1,0.0,107.87,107.87,50.89
IT-000577,ORD-00288,P0013,3,0.1,1444.72,4334.15,1726.43
IT-000578,ORD-00288,P0020,1,0.1,626.65,626.65,267.99
IT-000579,ORD-00289,P0023,1,0.0,500.04,500.04,147.17
IT-000580,ORD-00290,P0022,1,0.2,742.13,742.13,270.98
IT-000581,ORD-00291,P0007,2,0.0,561.14,1122.28,339.1
IT-000582,ORD-00291,P0024,3,0.15,888.72,2666.15,1075.73
IT-000583,ORD-00292,P0024,1,0.0,1045.55,1045.55,515.41
IT-000584,ORD-00292,P0020,1,0.05,661.47,661.47,302.81
IT-000585,ORD-00292,P0025,1,0.0,241.5,241.5,110.37
IT-000586,ORD-00293,P0022,5,0.05,881.28,4406.38,2050.63
IT-000587,ORD-00293,P0015,2,0.05,988.66,1977.31,744.27
IT-000588,ORD-00294,P0010,2,0.0,689.95,1379.9,685.3
IT-000589,ORD-00295,P0022,2,0.1,834.89,1669.79,727.49
IT-000590,ORD-00295,P0020,1,0.0,696.28,696.28,337.62
IT-000591,ORD-00295,P0004,1,0.05,43.97,43.97,20.55
IT-000592,ORD-00295,P0013,1,0.05,1524.98,1524.98,655.74
IT-000593,ORD-00296,P0010,3,0.0,689.95,2069.85,1027.95
IT-000594,ORD-00296,P0001,2,0.0,966.84,1933.68,497.86
IT-000595,ORD-00296,P0018,1,0.0,316.12,316.12,125.01
IT-000596,ORD-00296,P0015,1,0.1,936.62,936.62,320.1
IT-000597,ORD-00297,P0009,1,0.0,755.36,755.36,342.18
IT-000598,ORD-00297,P0020,3,0.1,626.65,1879.96,803.98
IT-000599,ORD-00298,P0022,1,0.1,834.89,834.89,363.74
IT-000600,ORD-00298,P0004,1,0.1,41.65,41.65,18.23
IT-000601,ORD-00299,P0015,2,0.1,936.62,1873.24,640.2
IT-000602,ORD-00299,P0019,5,0.0,1588.55,7942.75,3578.85
IT-000603,ORD-00299,P0003,2,0.0,107.87,215.74,101.78
IT-000604,ORD-00300,P0006,1,0.1,847.84,847.84,290.19
IT-000605,ORD-00300,P0011,2,0.0,78.52,157.04,63.9
IT-000606,ORD-00301,P0009,1,0.2,604.29,604.29,191.11
IT-000607,ORD-00301,P0013,2,0.15,1364.45,2728.91,990.43
IT-000608,ORD-00301,P0016,1,0.3,169.61,169.61,9.45
IT-000609,ORD-00301,P0012,1,0.0,494.17,494.17,85.97
IT-000610,ORD-00302,P0001,5,0.0,966.84,4834.2,1244.65
IT-000611,ORD-00303,P0011,4,0.15,66.74,266.97,80.69
IT-000612,ORD-00303,P0024,4,0.0,1045.55,4182.2,2061.64
IT-000613,ORD-00304,P0004,1,0.0,46.28,46.28,22.86
IT-000614,ORD-00304,P0002,1,0.3,587.52,587.52,48.34
IT-000615,ORD-00305,P0011,1,0.1,70.67,70.67,24.1
IT-000616,ORD-00305,P0023,4,0.0,500.04,2000.16,588.68
IT-000617,ORD-00305,P0003,5,0.2,86.3,431.48,146.58
IT-000618,ORD-00306,P0005,3,0.3,183.69,551.08,-34.04
IT-000619,ORD-00306,P0002,1,0.1,755.39,755.39,216.21
IT-000620,ORD-00306,P0003,1,0.2,86.3,86.3,29.32
IT-000621,ORD-00307,P0008,1,0.0,449.0,449.0,86.12
IT-000622,ORD-00307,P0022,1,0.0,927.66,927.66,456.51
IT-000623,ORD-00307,P0024,1,0.3,731.88,731.88,201.74
IT-000624,ORD-00307,P0003,4,0.2,86.3,345.18,117.26
IT-000625,ORD-00308,P0010,1,0.0,689.95,689.95,342.65
IT-000626,ORD-00308,P0016,2,0.0,242.3,484.6,164.28
IT-000627,ORD-00309,P0010,1,0.05,655.45,655.45,308.15
IT-000628,ORD-00309,P0002,1,0.05,797.35,797.35,258.17
IT-000629,ORD-00309,P0020,1,0.15,591.84,591.84,233.18
IT-000630,ORD-00310,P0009,1,0.15,642.06,642.06,228.88
IT-000631,ORD-00310,P0024,2,0.15,888.72,1777.44,717.16
IT-000632,ORD-00311,P0023,2,0.0,500.04,1000.08,294.34
IT-000633,ORD-00311,P0019,2,0.05,1509.12,3018.24,1272.68
IT-000634,ORD-00312,P0009,3,0.1,679.82,2039.47,799.93
IT-000635,ORD-00313,P0019,5,0.1,1429.7,7148.48,2784.58
IT-000636,ORD-00313,P0002,1,0.0,839.32,839.32,300.14
IT-000637,ORD-00313,P0023,1,0.1,450.04,450.04,97.17
IT-000638,ORD-00314,P0014,1,0.2,21.37,21.37,2.08
IT-000639,ORD-00314,P0012,2,0.0,494.17,988.34,171.94
IT-000640,ORD-00314,P0018,1,0.1,284.51,284.51,93.4
IT-000641,ORD-00314,P0010,2,0.1,620.96,1241.91,547.31
IT-000642,ORD-00315,P0019,1,0.0,1588.55,1588.55,715.77
IT-000643,ORD-00316,P0015,2,0.15,884.59,1769.17,536.13
IT-000644,ORD-00317,P0010,1,0.0,689.95,689.95,342.65
IT-000645,ORD-00317,P0025,2,0.0,241.5,483.0,220.74
IT-000646,ORD-00317,P0008,1,0.0,449.0,449.0,86.12
IT-000647,ORD-00318,P0007,1,0.0,561.14,561.14,169.55
IT-000648,ORD-00318,P0009,1,0.05,717.59,717.59,304.41
IT-000649,ORD-00319,P0024,2,0.15,888.72,1777.44,717.16
IT-000650,ORD-00319,P0007,4,0.05,533.08,2132.33,565.97
IT-000651,ORD-00319,P0019,1,0.15,1350.27,1350.27,477.49
IT-000652,ORD-00319,P0015,1,0.05,988.66,988.66,372.14
IT-000653,ORD-00320,P0022,3,0.2,742.13,2226.38,812.93
IT-000654,ORD-00321,P0011,1,0.1,70.67,70.67,24.1
IT-000655,ORD-00322,P0012,1,0.0,494.17,494.17,85.97
IT-000656,ORD-00322,P0022,1,0.0,927.66,927.66,456.51
IT-000657,ORD-00323,P0011,4,0.0,78.52,314.08,127.8
IT-000658,ORD-00324,P0005,2,0.15,223.06,446.11,56.03
IT-000659,ORD-00325,P0023,2,0.0,500.04,1000.08,294.34
IT-000660,ORD-00326,P0019,5,0.0,1588.55,7942.75,3578.85
IT-000661,ORD-00327,P0005,4,0.0,262.42,1049.68,269.52
IT-000662,ORD-00328,P0003,1,0.1,97.08,97.08,40.1
IT-000663,ORD-00328,P0012,1,0.05,469.46,469.46,61.26
IT-000664,ORD-00328,P0014,4,0.05,25.37,101.5,24.34
IT-000665,ORD-00328,P0019,1,0.05,1509.12,1509.12,636.34
IT-000666,ORD-00329,P0021,1,0.1,949.37,949.37,119.29
IT-000667,ORD-00330,P0019,1,0.1,1429.7,1429.7,556.92
IT-000668,ORD-00330,P0003,3,0.15,91.69,275.07,104.13
IT-000669,ORD-00331,P0014,2,0.1,24.04,48.08,9.5
IT-000670,ORD-00331,P0007,1,0.2,448.91,448.91,57.32
IT-000671,ORD-00331,P0020,1,0.0,696.28,696.28,337.62
IT-000672,ORD-00332,P0016,2,0.0,242.3,484.6,164.28
IT-000673,ORD-00332,P0011,1,0.05,74.59,74.59,28.02
IT-000674,ORD-00333,P0008,1,0.0,449.0,449.0,86.12
IT-000675,ORD-00333,P0007,2,0.05,533.08,1066.17,282.99
IT-000676,ORD-00334,P0002,3,0.15,713.42,2140.27,522.73
IT-000677,ORD-00334,P0003,2,0.2,86.3,172.59,58.63
IT-000678,ORD-00335,P0006,1,0.15,800.73,800.73,243.08
IT-000679,ORD-00335,P0002,1,0.0,839.32,839.32,300.14
IT-000680,ORD-00335,P0004,2,0.15,39.34,78.68,31.84
IT-000681,ORD-00336,P0021,5,0.0,1054.86,5274.3,1123.9
IT-000682,ORD-00336,P0020,1,0.15,591.84,591.84,233.18
IT-000683,ORD-00336,P0004,2,0.05,43.97,87.93,41.09
IT-000684,ORD-00337,P0002,1,0.2,671.46,671.46,132.28
IT-000685,ORD-00337,P0005,3,0.05,249.3,747.9,162.78
IT-000686,ORD-00338,P0017,3,0.0,866.66,2599.98,806.1
IT-000687,ORD-00338,P0016,5,0.15,205.96,1029.78,228.98
IT-000688,ORD-00338,P0012,1,0.0,494.17,494.17,85.97
IT-000689,ORD-00339,P0024,1,0.0,1045.55,1045.55,515.41
IT-000690,ORD-00339,P0019,4,0.0,1588.55,6354.2,2863.08
IT-000691,ORD-00340,P0019,2,0.2,1270.84,2541.68,796.12
IT-000692,ORD-00341,P0016,1,0.0,242.3,242.3,82.14
IT-000693,ORD-00341,P0025,1,0.0,241.5,241.5,110.37
IT-000694,ORD-00341,P0007,3,0.0,561.14,1683.42,508.65
IT-000695,ORD-00342,P0013,3,0.3,1123.67,3371.0,763.28
IT-000696,ORD-00342,P0021,4,0.05,1002.12,4008.47,688.15
IT-000697,ORD-00343,P0006,3,0.0,942.04,2826.12,1153.17
IT-000698,ORD-00343,P0025,1,0.1,217.35,217.35,86.22
IT-000699,ORD-00343,P0016,3,0.1,218.07,654.21,173.73
IT-000700,ORD-00344,P0005,1,0.05,249.3,249.3,54.26
IT-000701,ORD-00345,P0016,2,0.15,205.96,411.91,91.59
IT-000702,ORD-00346,P0016,1,0.05,230.18,230.18,70.03
IT-000703,ORD-00346,P0005,1,0.0,262.42,262.42,67.38
IT-000704,ORD-00346,P0004,1,0.2,37.02,37.02,13.6
IT-000705,ORD-00346,P0013,2,0.0,1605.24,3210.48,1472.0
IT-000706,ORD-00347,P0024,2,0.0,1045.55,2091.1,1030.82
IT-000707,ORD-00348,P0005,2,0.0,262.42,524.84,134.76
IT-000708,ORD-00348,P0023,5,0.0,500.04,2500.2,735.85
IT-000709,ORD-00348,P0003,2,0.0,107.87,215.74,101.78
IT-000710,ORD-00348,P0019,2,0.15,1350.27,2700.54,954.97
IT-000711,ORD-00349,P0001,5,0.2,773.47,3867.36,277.81
IT-000712,ORD-00349,P0015,1,0.0,1040.69,1040.69,424.17
IT-000713,ORD-00349,P0003,4,0.2,86.3,345.18,117.26
IT-000714,ORD-00349,P0007,1,0.15,476.97,476.97,85.38
IT-000715,ORD-00350,P0021,4,0.15,896.63,3586.52,266.2
IT-000716,ORD-00350,P0022,5,0.05,881.28,4406.38,2050.63
IT-000717,ORD-00350,P0016,1,0.3,169.61,169.61,9.45
IT-000718,ORD-00351,P0004,2,0.1,41.65,83.3,36.46
IT-000719,ORD-00351,P0017,1,0.3,606.66,606.66,8.7
IT-000720,ORD-00352,P0012,3,0.1,444.75,1334.26,109.66
IT-000721,ORD-00352,P0009,1,0.0,755.36,755.36,342.18
IT-000722,ORD-00353,P0021,2,0.0,1054.86,2109.72,449.56
IT-000723,ORD-00353,P0018,1,0.1,284.51,284.51,93.4
IT-000724,ORD-00353,P0006,1,0.1,847.84,847.84,290.19
IT-000725,ORD-00354,P0006,2,0.0,942.04,1884.08,768.78
IT-000726,ORD-00354,P0007,1,0.1,505.03,505.03,113.44
IT-000727,ORD-00354,P0010,1,0.05,655.45,655.45,308.15
IT-000728,ORD-00355,P0002,1,0.0,839.32,839.32,300.14
IT-000729,ORD-00355,P0005,1,0.05,249.3,249.3,54.26
IT-000730,ORD-00356,P0011,1,0.1,70.67,70.67,24.1
IT-000731,ORD-00356,P0009,3,0.0,755.36,2266.08,1026.54
IT-000732,ORD-00356,P0005,1,0.1,236.18,236.18,41.14
IT-000733,ORD-00356,P0020,3,0.15,591.84,1775.51,699.53
IT-000734,ORD-00357,P0021,2,0.15,896.63,1793.26,133.1
IT-000735,ORD-00357,P0010,2,0.0,689.95,1379.9,685.3
IT-000736,ORD-00358,P0007,1,0.05,533.08,533.08,141.49
IT-000737,ORD-00358,P0018,5,0.0,316.12,1580.6,625.05
IT-000738,ORD-00358,P0019,1,0.05,1509.12,1509.12,636.34
IT-000739,ORD-00358,P0014,1,0.2,21.37,21.37,2.08
IT-000740,ORD-00359,P0016,4,0.1,218.07,872.28,231.64
IT-000741,ORD-00360,P0018,1,0.1,284.51,284.51,93.4
IT-000742,ORD-00361,P0022,4,0.0,927.66,3710.64,1826.04
IT-000743,ORD-00361,P0020,1,0.1,626.65,626.65,267.99
IT-000744,ORD-00362,P0023,1,0.1,450.04,450.04,97.17
IT-000745,ORD-00363,P0007,1,0.2,448.91,448.91,57.32
IT-000746,ORD-00363,P0020,1,0.1,626.65,626.65,267.99
IT-000747,ORD-00363,P0002,1,0.0,839.32,839.32,300.14
IT-000748,ORD-00364,P0008,2,0.3,314.3,628.6,-97.16
IT-000749,ORD-00365,P0019,1,0.1,1429.7,1429.7,556.92
IT-000750,ORD-00365,P0002,1,0.15,713.42,713.42,174.24
IT-000751,ORD-00365,P0022,2,0.0,927.66,1855.32,913.02
IT-000752,ORD-00365,P0007,1,0.15,476.97,476.97,85.38
IT-000753,ORD-00366,P0014,1,0.1,24.04,24.04,4.75
IT-000754,ORD-00367,P0023,1,0.15,425.03,425.03,72.16
IT-000755,ORD-00367,P0005,1,0.15,223.06,223.06,28.02
IT-000756,ORD-00368,P0009,2,0.0,755.36,1510.72,684.36
IT-000757,ORD-00369,P0015,1,0.0,1040.69,1040.69,424.17
IT-000758,ORD-00369,P0025,1,0.0,241.5,241.5,110.37
IT-000759,ORD-00370,P0001,5,0.1,870.16,4350.78,761.23
IT-000760,ORD-00371,P0019,5,0.1,1429.7,7148.48,2784.58
IT-000761,ORD-00372,P0015,1,0.0,1040.69,1040.69,424.17
IT-000762,ORD-00372,P0010,2,0.05,655.45,1310.9,616.3
IT-000763,ORD-00373,P0002,5,0.0,839.32,4196.6,1500.7
IT-000764,ORD-00374,P0006,1,0.0,942.04,942.04,384.39
IT-000765,ORD-00375,P0001,2,0.1,870.16,1740.31,304.49
IT-000766,ORD-00375,P0014,2,0.05,25.37,50.75,12.17
IT-000767,ORD-00375,P0010,5,0.05,655.45,3277.26,1540.76
IT-000768,ORD-00376,P0023,1,0.1,450.04,450.04,97.17
IT-000769,ORD-00377,P0004,2,0.2,37.02,74.05,27.21
IT-000770,ORD-00377,P0025,1,0.0,241.5,241.5,110.37
IT-000771,ORD-00378,P0005,1,0.0,262.42,262.42,67.38
IT-000772,ORD-00379,P0013,5,0.0,1605.24,8026.2,3680.0
IT-000773,ORD-00380,P0005,3,0.0,262.42,787.26,202.14
IT-000774,ORD-00380,P0024,5,0.0,1045.55,5227.75,2577.05
IT-000775,ORD-00381,P0014,3,0.15,22.7,68.11,10.24
IT-000776,ORD-00382,P0012,1,0.3,345.92,345.92,-62.28
IT-000777,ORD-00382,P0007,1,0.15,476.97,476.97,85.38
IT-000778,ORD-00382,P0010,2,0.0,689.95,1379.9,685.3
IT-000779,ORD-00383,P0008,3,0.05,426.55,1279.65,191.01
IT-000780,ORD-00383,P0018,1,0.15,268.7,268.7,77.59
IT-000781,ORD-00383,P0007,1,0.2,448.91,448.91,57.32
IT-000782,ORD-00384,P0006,4,0.0,942.04,3768.16,1537.56
IT-000783,ORD-00385,P0017,1,0.0,866.66,866.66,268.7
IT-000784,ORD-00385,P0007,2,0.1,505.03,1010.05,226.87
IT-000785,ORD-00385,P0020,1,0.15,591.84,591.84,233.18
IT-000786,ORD-00385,P0002,1,0.0,839.32,839.32,300.14
IT-000787,ORD-00386,P0003,1,0.15,91.69,91.69,34.71
IT-000788,ORD-00387,P0023,1,0.0,500.04,500.04,147.17
IT-000789,ORD-00388,P0012,1,0.05,469.46,469.46,61.26
IT-000790,ORD-00389,P0009,1,0.05,717.59,717.59,304.41
IT-000791,ORD-00389,P0002,2,0.0,839.32,1678.64,600.28
IT-000792,ORD-00390,P0021,1,0.05,1002.12,1002.12,172.04
IT-000793,ORD-00390,P0018,2,0.15,268.7,537.4,155.18
IT-000794,ORD-00391,P0015,2,0.3,728.48,1456.97,223.93
IT-000795,ORD-00392,P0008,1,0.0,449.0,449.0,86.12
IT-000796,ORD-00392,P0001,2,0.0,966.84,1933.68,497.86
IT-000797,ORD-00392,P0020,1,0.0,696.28,696.28,337.62
IT-000798,ORD-00393,P0019,3,0.1,1429.7,4289.08,1670.74
IT-000799,ORD-00393,P0002,4,0.0,839.32,3357.28,1200.56
IT-000800,ORD-00394,P0020,2,0.3,487.4,974.79,257.47
IT-000801,ORD-00395,P0015,5,0.0,1040.69,5203.45,2120.85
IT-000802,ORD-00395,P0002,3,0.05,797.35,2392.06,774.52
IT-000803,ORD-00396,P0014,1,0.05,25.37,25.37,6.08
IT-000804,ORD-00396,P0003,1,0.3,75.51,75.51,18.53
IT-000805,ORD-00396,P0013,1,0.2,1284.19,1284.19,414.95
IT-000806,ORD-00396,P0011,1,0.1,70.67,70.67,24.1
IT-000807,ORD-00397,P0015,3,0.1,936.62,2809.86,960.3
IT-000808,ORD-00398,P0010,2,0.0,689.95,1379.9,685.3
IT-000809,ORD-00399,P0016,1,0.0,242.3,242.3,82.14
IT-000810,ORD-00399,P0002,1,0.15,713.42,713.42,174.24
IT-000811,ORD-00400,P0010,3,0.0,689.95,2069.85,1027.95
IT-000812,ORD-00400,P0013,2,0.0,1605.24,3210.48,1472.0
IT-000813,ORD-00401,P0006,2,0.2,753.63,1507.26,391.96
IT-000814,ORD-00401,P0014,2,0.05,25.37,50.75,12.17
IT-000815,ORD-00402,P0016,3,0.0,242.3,726.9,246.42
IT-000816,ORD-00403,P0013,2,0.0,1605.24,3210.48,1472.0
IT-000817,ORD-00403,P0021,1,0.1,949.37,949.37,119.29
IT-000818,ORD-00404,P0023,1,0.15,425.03,425.03,72.16
IT-000819,ORD-00404,P0008,1,0.2,359.2,359.2,-3.68
IT-000820,ORD-00405,P0025,3,0.15,205.28,615.83,222.44
IT-000821,ORD-00405,P0019,1,0.0,1588.55,1588.55,715.77
IT-000822,ORD-00406,P0011,2,0.0,78.52,157.04,63.9
IT-000823,ORD-00407,P0013,3,0.0,1605.24,4815.72,2208.0
IT-000824,ORD-00407,P0019,1,0.1,1429.7,1429.7,556.92
IT-000825,ORD-00408,P0009,4,0.05,717.59,2870.37,1217.65
IT-000826,ORD-00409,P0010,1,0.15,586.46,586.46,239.16
IT-000827,ORD-00409,P0011,1,0.0,78.52,78.52,31.95
IT-000828,ORD-00410,P0020,2,0.0,696.28,1392.56,675.24
IT-000829,ORD-00410,P0018,3,0.2,252.9,758.69,185.36
IT-000830,ORD-00410,P0016,5,0.15,205.96,1029.78,228.98
IT-000831,ORD-00410,P0022,1,0.1,834.89,834.89,363.74
IT-000832,ORD-00411,P0023,1,0.0,500.04,500.04,147.17
IT-000833,ORD-00411,P0001,1,0.0,966.84,966.84,248.93
IT-000834,ORD-00412,P0010,2,0.15,586.46,1172.92,478.31
IT-000835,ORD-00413,P0023,1,0.1,450.04,450.04,97.17
IT-000836,ORD-00413,P0013,1,0.0,1605.24,1605.24,736.0
IT-000837,ORD-00414,P0001,2,0.05,918.5,1837.0,401.18
IT-000838,ORD-00414,P0006,2,0.2,753.63,1507.26,391.96
IT-000839,ORD-00414,P0023,1,0.0,500.04,500.04,147.17
IT-000840,ORD-00415,P0014,1,0.0,26.71,26.71,7.42
IT-000841,ORD-00415,P0002,1,0.1,755.39,755.39,216.21
IT-000842,ORD-00415,P0004,1,0.15,39.34,39.34,15.92
IT-000843,ORD-00416,P0018,1,0.05,300.31,300.31,109.2
IT-000844,ORD-00416,P0023,2,0.05,475.04,950.08,244.34
IT-000845,ORD-00417,P0021,3,0.0,1054.86,3164.58,674.34
IT-000846,ORD-00418,P0022,5,0.0,927.66,4638.3,2282.55
IT-000847,ORD-00418,P0001,2,0.15,821.81,1643.63,207.81
IT-000848,ORD-00419,P0008,1,0.15,381.65,381.65,18.77
IT-000849,ORD-00419,P0002,1,0.0,839.32,839.32,300.14
IT-000850,ORD-00420,P0008,2,0.15,381.65,763.3,37.54
IT-000851,ORD-00420,P0011,2,0.0,78.52,157.04,63.9
IT-000852,ORD-00420,P0010,2,0.0,689.95,1379.9,685.3
IT-000853,ORD-00420,P0020,1,0.2,557.02,557.02,198.36
IT-000854,ORD-00421,P0007,1,0.15,476.97,476.97,85.38
IT-000855,ORD-00421,P0016,5,0.3,169.61,848.05,47.25
IT-000856,ORD-00422,P0020,1,0.1,626.65,626.65,267.99
IT-000857,ORD-00422,P0005,1,0.0,262.42,262.42,67.38
IT-000858,ORD-00423,P0025,1,0.0,241.5,241.5,110.37
IT-000859,ORD-00423,P0002,2,0.15,713.42,1426.84,348.48
IT-000860,ORD-00424,P0025,2,0.05,229.42,458.85,196.59
IT-000861,ORD-00425,P0023,5,0.0,500.04,2500.2,735.85
IT-000862,ORD-00425,P0024,2,0.1,941.0,1881.99,821.71
IT-000863,ORD-00425,P0004,1,0.05,43.97,43.97,20.55
IT-000864,ORD-00426,P0018,2,0.1,284.51,569.02,186.8
IT-000865,ORD-00426,P0010,5,0.0,689.95,3449.75,1713.25
IT-000866,ORD-00427,P0005,2,0.1,236.18,472.36,82.28
IT-000867,ORD-00427,P0017,1,0.15,736.66,736.66,138.7
IT-000868,ORD-00427,P0002,2,0.2,671.46,1342.91,264.55
IT-000869,ORD-00427,P0019,3,0.05,1509.12,4527.37,1909.03
IT-000870,ORD-00428,P0005,1,0.05,249.3,249.3,54.26
IT-000871,ORD-00428,P0001,3,0.15,821.81,2465.44,311.71
IT-000872,ORD-00429,P0013,4,0.1,1444.72,5778.86,2301.9
IT-000873,ORD-00430,P0013,2,0.0,1605.24,3210.48,1472.0
IT-000874,ORD-00430,P0009,4,0.1,679.82,2719.3,1066.58
IT-000875,ORD-00431,P0016,1,0.2,193.84,193.84,33.68
IT-000876,ORD-00432,P0008,2,0.1,404.1,808.2,82.44
IT-000877,ORD-00433,P0025,1,0.0,241.5,241.5,110.37
IT-000878,ORD-00434,P0017,1,0.0,866.66,866.66,268.7
IT-000879,ORD-00434,P0001,1,0.0,966.84,966.84,248.93
IT-000880,ORD-00435,P0017,1,0.2,693.33,693.33,95.37
IT-000881,ORD-00435,P0024,1,0.0,1045.55,1045.55,515.41
IT-000882,ORD-00436,P0001,3,0.05,918.5,2755.49,601.76
IT-000883,ORD-00437,P0022,1,0.0,927.66,927.66,456.51
IT-000884,ORD-00437,P0024,2,0.0,1045.55,2091.1,1030.82
IT-000885,ORD-00438,P0009,2,0.0,755.36,1510.72,684.36
IT-000886,ORD-00438,P0011,3,0.0,78.52,235.56,95.85
IT-000887,ORD-00439,P0013,1,0.1,1444.72,1444.72,575.48
IT-000888,ORD-00439,P0018,1,0.0,316.12,316.12,125.01
IT-000889,ORD-00439,P0014,2,0.05,25.37,50.75,12.17
IT-000890,ORD-00439,P0009,2,0.15,642.06,1284.11,457.75
IT-000891,ORD-00440,P0015,1,0.05,988.66,988.66,372.14
IT-000892,ORD-00440,P0016,3,0.1,218.07,654.21,173.73
IT-000893,ORD-00441,P0009,1,0.0,755.36,755.36,342.18
IT-000894,ORD-00441,P0013,4,0.0,1605.24,6420.96,2944.0
IT-000895,ORD-00442,P0011,2,0.2,62.82,125.63,32.49
IT-000896,ORD-00443,P0008,5,0.0,449.0,2245.0,430.6
IT-000897,ORD-00443,P0020,1,0.05,661.47,661.47,302.81
IT-000898,ORD-00443,P0022,1,0.05,881.28,881.28,410.13
IT-000899,ORD-00444,P0017,2,0.1,779.99,1559.99,364.07
IT-000900,ORD-00444,P0014,3,0.0,26.71,80.13,22.26
IT-000901,ORD-00445,P0017,2,0.05,823.33,1646.65,450.73
IT-000902,ORD-00445,P0011,3,0.0,78.52,235.56,95.85
IT-000903,ORD-00445,P0012,1,0.05,469.46,469.46,61.26
IT-000904,ORD-00446,P0019,1,0.0,1588.55,1588.55,715.77
IT-000905,ORD-00447,P0015,4,0.1,936.62,3746.48,1280.4
IT-000906,ORD-00447,P0003,1,0.2,86.3,86.3,29.32
IT-000907,ORD-00448,P0014,1,0.2,21.37,21.37,2.08
IT-000908,ORD-00448,P0019,3,0.0,1588.55,4765.65,2147.31
IT-000909,ORD-00449,P0017,2,0.0,866.66,1733.32,537.4
IT-000910,ORD-00450,P0009,3,0.0,755.36,2266.08,1026.54
IT-000911,ORD-00450,P0007,1,0.0,561.14,561.14,169.55
IT-000912,ORD-00451,P0020,2,0.05,661.47,1322.93,605.61
IT-000913,ORD-00451,P0008,1,0.05,426.55,426.55,63.67
IT-000914,ORD-00451,P0005,2,0.0,262.42,524.84,134.76
IT-000915,ORD-00451,P0022,2,0.15,788.51,1577.02,634.72
IT-000916,ORD-00452,P0017,4,0.15,736.66,2946.64,554.8
IT-000917,ORD-00452,P0022,4,0.3,649.36,2597.45,712.85
IT-000918,ORD-00453,P0025,4,0.0,241.5,966.0,441.48
IT-000919,ORD-00453,P0016,1,0.05,230.18,230.18,70.03
IT-000920,ORD-00453,P0018,1,0.0,316.12,316.12,125.01
IT-000921,ORD-00453,P0022,3,0.0,927.66,2782.98,1369.53
IT-000922,ORD-00454,P0020,5,0.3,487.4,2436.98,643.68
IT-000923,ORD-00455,P0001,1,0.0,966.84,966.84,248.93
IT-000924,ORD-00455,P0010,1,0.1,620.96,620.96,273.66
IT-000925,ORD-00456,P0001,3,0.05,918.5,2755.49,601.76
IT-000926,ORD-00456,P0025,3,0.05,229.42,688.28,294.88
IT-000927,ORD-00457,P0011,4,0.3,54.96,219.86,33.58
IT-000928,ORD-00457,P0014,1,0.0,26.71,26.71,7.42
IT-000929,ORD-00458,P0022,1,0.0,927.66,927.66,456.51
IT-000930,ORD-00458,P0025,3,0.1,217.35,652.05,258.66
IT-000931,ORD-00458,P0014,2,0.1,24.04,48.08,9.5
IT-000932,ORD-00458,P0001,1,0.0,966.84,966.84,248.93
IT-000933,ORD-00459,P0014,2,0.0,26.71,53.42,14.84
IT-000934,ORD-00460,P0011,2,0.0,78.52,157.04,63.9
IT-000935,ORD-00460,P0006,1,0.0,942.04,942.04,384.39
IT-000936,ORD-00460,P0005,3,0.0,262.42,787.26,202.14
IT-000937,ORD-00461,P0002,1,0.0,839.32,839.32,300.14
IT-000938,ORD-00461,P0005,2,0.0,262.42,524.84,134.76
IT-000939,ORD-00462,P0011,1,0.2,62.82,62.82,16.25
IT-000940,ORD-00463,P0008,1,0.0,449.0,449.0,86.12
IT-000941,ORD-00463,P0020,2,0.2,557.02,1114.05,396.73
IT-000942,ORD-00463,P0021,2,0.05,1002.12,2004.23,344.07
IT-000943,ORD-00464,P0022,2,0.3,649.36,1298.72,356.42
IT-000944,ORD-00464,P0015,2,0.05,988.66,1977.31,744.27
IT-000945,ORD-00465,P0024,1,0.0,1045.55,1045.55,515.41
IT-000946,ORD-00465,P0008,1,0.2,359.2,359.2,-3.68
IT-000947,ORD-00465,P0019,2,0.1,1429.7,2859.39,1113.83
IT-000948,ORD-00466,P0008,1,0.2,359.2,359.2,-3.68
IT-000949,ORD-00467,P0001,5,0.0,966.84,4834.2,1244.65
IT-000950,ORD-00467,P0007,1,0.0,561.14,561.14,169.55
IT-000951,ORD-00467,P0010,5,0.0,689.95,3449.75,1713.25
IT-000952,ORD-00468,P0001,1,0.15,821.81,821.81,103.9
IT-000953,ORD-00468,P0014,2,0.2,21.37,42.74,4.16
IT-000954,ORD-00469,P0015,1,0.15,884.59,884.59,268.07
IT-000955,ORD-00470,P0024,1,0.1,941.0,941.0,410.86
IT-000956,ORD-00470,P0017,1,0.0,866.66,866.66,268.7
IT-000957,ORD-00471,P0004,1,0.0,46.28,46.28,22.86
IT-000958,ORD-00472,P0011,1,0.2,62.82,62.82,16.25
IT-000959,ORD-00472,P0015,1,0.1,936.62,936.62,320.1
IT-000960,ORD-00473,P0007,1,0.0,561.14,561.14,169.55
IT-000961,ORD-00474,P0005,4,0.05,249.3,997.2,217.04
IT-000962,ORD-00475,P0015,2,0.0,1040.69,2081.38,848.34
IT-000963,ORD-00476,P0018,2,0.0,316.12,632.24,250.02
IT-000964,ORD-00476,P0024,1,0.1,941.0,941.0,410.86
IT-000965,ORD-00477,P0005,4,0.1,236.18,944.71,164.55
IT-000966,ORD-00477,P0024,1,0.0,1045.55,1045.55,515.41
IT-000967,ORD-00478,P0017,1,0.0,866.66,866.66,268.7
IT-000968,ORD-00478,P0018,3,0.2,252.9,758.69,185.36
IT-000969,ORD-00479,P0003,1,0.0,107.87,107.87,50.89
IT-000970,ORD-00480,P0016,3,0.3,169.61,508.83,28.35
IT-000971,ORD-00480,P0001,2,0.1,870.16,1740.31,304.49
IT-000972,ORD-00481,P0014,1,0.0,26.71,26.71,7.42
IT-000973,ORD-00481,P0009,2,0.0,755.36,1510.72,684.36
IT-000974,ORD-00482,P0005,1,0.0,262.42,262.42,67.38
IT-000975,ORD-00483,P0008,1,0.0,449.0,449.0,86.12
IT-000976,ORD-00483,P0012,1,0.05,469.46,469.46,61.26
IT-000977,ORD-00483,P0022,4,0.0,927.66,3710.64,1826.04
IT-000978,ORD-00484,P0017,3,0.1,779.99,2339.98,546.1
IT-000979,ORD-00484,P0018,5,0.0,316.12,1580.6,625.05
IT-000980,ORD-00485,P0022,4,0.05,881.28,3525.11,1640.51
IT-000981,ORD-00485,P0019,2,0.0,1588.55,3177.1,1431.54
IT-000982,ORD-00486,P0012,1,0.0,494.17,494.17,85.97
IT-000983,ORD-00487,P0011,1,0.2,62.82,62.82,16.25
IT-000984,ORD-00488,P0007,1,0.3,392.8,392.8,1.21
IT-000985,ORD-00488,P0016,5,0.0,242.3,1211.5,410.7
IT-000986,ORD-00488,P0005,1,0.15,223.06,223.06,28.02
IT-000987,ORD-00489,P0016,3,0.0,242.3,726.9,246.42
IT-000988,ORD-00489,P0001,4,0.3,676.79,2707.15,-164.49
IT-000989,ORD-00489,P0008,3,0.05,426.55,1279.65,191.01
IT-000990,ORD-00490,P0020,1,0.05,661.47,661.47,302.81
IT-000991,ORD-00491,P0023,1,0.0,500.04,500.04,147.17
IT-000992,ORD-00492,P0011,1,0.05,74.59,74.59,28.02
IT-000993,ORD-00492,P0001,3,0.2,773.47,2320.42,166.69
IT-000994,ORD-00493,P0002,3,0.1,755.39,2266.16,648.62
IT-000995,ORD-00493,P0016,1,0.1,218.07,218.07,57.91
IT-000996,ORD-00494,P0001,1,0.1,870.16,870.16,152.25
IT-000997,ORD-00494,P0006,2,0.1,847.84,1695.67,580.37
IT-000998,ORD-00494,P0003,1,0.3,75.51,75.51,18.53
IT-000999,ORD-00495,P0017,1,0.0,866.66,866.66,268.7
IT-001000,ORD-00496,P0011,1,0.0,78.52,78.52,31.95
IT-001001,ORD-00496,P0003,1,0.1,97.08,97.08,40.1
IT-001002,ORD-00497,P0009,1,0.1,679.82,679.82,266.64
IT-001003,ORD-00498,P0025,1,0.1,217.35,217.35,86.22
IT-001004,ORD-00499,P0025,5,0.0,241.5,1207.5,551.85
IT-001005,ORD-00500,P0023,1,0.0,500.04,500.04,147.17
IT-001006,ORD-00500,P0010,1,0.05,655.45,655.45,308.15
IT-001007,ORD-00500,P0018,3,0.0,316.12,948.36,375.03
IT-001008,ORD-00501,P0013,2,0.0,1605.24,3210.48,1472.0
IT-001009,ORD-00501,P0001,1,0.1,870.16,870.16,152.25
IT-001010,ORD-00502,P0025,3,0.1,217.35,652.05,258.66
IT-001011,ORD-00502,P0018,4,0.3,221.28,885.14,120.7
IT-001012,ORD-00502,P0024,4,0.0,1045.55,4182.2,2061.64
IT-001013,ORD-00503,P0001,5,0.0,966.84,4834.2,1244.65
IT-001014,ORD-00504,P0009,1,0.15,642.06,642.06,228.88
IT-001015,ORD-00505,P0020,1,0.0,696.28,696.28,337.62
IT-001016,ORD-00506,P0007,1,0.1,505.03,505.03,113.44
IT-001017,ORD-00507,P0017,1,0.0,866.66,866.66,268.7
IT-001018,ORD-00507,P0011,3,0.3,54.96,164.89,25.18
IT-001019,ORD-00507,P0009,1,0.0,755.36,755.36,342.18
IT-001020,ORD-00508,P0008,3,0.15,381.65,1144.95,56.31
IT-001021,ORD-00509,P0010,2,0.2,551.96,1103.92,409.32
IT-001022,ORD-00510,P0024,1,0.1,941.0,941.0,410.86
IT-001023,ORD-00511,P0025,1,0.15,205.28,205.28,74.15
IT-001024,ORD-00512,P0024,1,0.15,888.72,888.72,358.58
IT-001025,ORD-00512,P0023,1,0.0,500.04,500.04,147.17
IT-001026,ORD-00512,P0017,2,0.05,823.33,1646.65,450.73
IT-001027,ORD-00513,P0025,2,0.0,241.5,483.0,220.74
IT-001028,ORD-00513,P0023,2,0.0,500.04,1000.08,294.34
IT-001029,ORD-00514,P0013,5,0.0,1605.24,8026.2,3680.0
IT-001030,ORD-00514,P0015,2,0.0,1040.69,2081.38,848.34
IT-001031,ORD-00515,P0019,2,0.0,1588.55,3177.1,1431.54
IT-001032,ORD-00515,P0015,3,0.2,832.55,2497.66,648.1
IT-001033,ORD-00516,P0007,1,0.0,561.14,561.14,169.55
IT-001034,ORD-00517,P0009,2,0.0,755.36,1510.72,684.36
IT-001035,ORD-00518,P0023,1,0.0,500.04,500.04,147.17
IT-001036,ORD-00518,P0007,1,0.3,392.8,392.8,1.21
IT-001037,ORD-00518,P0006,1,0.2,753.63,753.63,195.98
IT-001038,ORD-00519,P0024,2,0.0,1045.55,2091.1,1030.82
IT-001039,ORD-00519,P0016,3,0.2,193.84,581.52,101.04
IT-001040,ORD-00520,P0023,1,0.0,500.04,500.04,147.17
IT-001041,ORD-00521,P0011,3,0.0,78.52,235.56,95.85
IT-001042,ORD-00522,P0019,2,0.0,1588.55,3177.1,1431.54
IT-001043,ORD-00523,P0014,1,0.0,26.71,26.71,7.42
IT-001044,ORD-00524,P0024,3,0.15,888.72,2666.15,1075.73
IT-001045,ORD-00525,P0018,2,0.0,316.12,632.24,250.02
IT-001046,ORD-00526,P0010,1,0.0,689.95,689.95,342.65
IT-001047,ORD-00526,P0017,1,0.05,823.33,823.33,225.37
IT-001048,ORD-00527,P0006,5,0.1,847.84,4239.18,1450.93
IT-001049,ORD-00528,P0004,3,0.1,41.65,124.96,54.7
IT-001050,ORD-00529,P0019,3,0.0,1588.55,4765.65,2147.31
IT-001051,ORD-00529,P0001,3,0.0,966.84,2900.52,746.79
IT-001052,ORD-00529,P0012,1,0.05,469.46,469.46,61.26
IT-001053,ORD-00530,P0004,1,0.0,46.28,46.28,22.86
IT-001054,ORD-00530,P0009,4,0.0,755.36,3021.44,1368.72
IT-001055,ORD-00531,P0025,1,0.1,217.35,217.35,86.22
IT-001056,ORD-00531,P0017,1,0.0,866.66,866.66,268.7
IT-001057,ORD-00531,P0018,1,0.05,300.31,300.31,109.2
IT-001058,ORD-00531,P0019,1,0.2,1270.84,1270.84,398.06
IT-001059,ORD-00532,P0022,1,0.1,834.89,834.89,363.74
IT-001060,ORD-00533,P0003,1,0.0,107.87,107.87,50.89
IT-001061,ORD-00533,P0017,1,0.05,823.33,823.33,225.37
IT-001062,ORD-00534,P0003,1,0.05,102.48,102.48,45.5
IT-001063,ORD-00535,P0022,3,0.15,788.51,2365.53,952.08
IT-001064,ORD-00535,P0001,1,0.15,821.81,821.81,103.9
IT-001065,ORD-00536,P0024,2,0.3,731.88,1463.77,403.49
IT-001066,ORD-00537,P0014,2,0.05,25.37,50.75,12.17
IT-001067,ORD-00538,P0005,1,0.0,262.42,262.42,67.38
IT-001068,ORD-00538,P0024,1,0.05,993.27,993.27,463.13
IT-001069,ORD-00538,P0017,2,0.2,693.33,1386.66,190.74
IT-001070,ORD-00538,P0004,3,0.15,39.34,118.01,47.75
IT-001071,ORD-00539,P0018,1,0.1,284.51,284.51,93.4
IT-001072,ORD-00539,P0021,1,0.15,896.63,896.63,66.55
IT-001073,ORD-00540,P0010,3,0.0,689.95,2069.85,1027.95
IT-001074,ORD-00540,P0020,1,0.15,591.84,591.84,233.18
IT-001075,ORD-00540,P0014,5,0.15,22.7,113.52,17.07
IT-001076,ORD-00540,P0021,1,0.0,1054.86,1054.86,224.78
IT-001077,ORD-00541,P0004,2,0.0,46.28,92.56,45.72
IT-001078,ORD-00542,P0011,1,0.0,78.52,78.52,31.95
IT-001079,ORD-00543,P0008,1,0.2,359.2,359.2,-3.68
IT-001080,ORD-00543,P0023,3,0.0,500.04,1500.12,441.51
IT-001081,ORD-00544,P0015,2,0.0,1040.69,2081.38,848.34
IT-001082,ORD-00544,P0021,1,0.0,1054.86,1054.86,224.78
IT-001083,ORD-00545,P0014,2,0.0,26.71,53.42,14.84
IT-001084,ORD-00545,P0023,3,0.1,450.04,1350.11,291.5
IT-001085,ORD-00546,P0001,2,0.05,918.5,1837.0,401.18
IT-001086,ORD-00546,P0010,1,0.2,551.96,551.96,204.66
IT-001087,ORD-00546,P0017,1,0.05,823.33,823.33,225.37
IT-001088,ORD-00546,P0009,2,0.0,755.36,1510.72,684.36
IT-001089,ORD-00547,P0001,1,0.0,966.84,966.84,248.93
IT-001090,ORD-00548,P0016,2,0.0,242.3,484.6,164.28
IT-001091,ORD-00548,P0011,1,0.0,78.52,78.52,31.95
IT-001092,ORD-00549,P0005,3,0.05,249.3,747.9,162.78
IT-001093,ORD-00550,P0003,1,0.0,107.87,107.87,50.89
IT-001094,ORD-00551,P0002,1,0.0,839.32,839.32,300.14
IT-001095,ORD-00551,P0015,2,0.3,728.48,1456.97,223.93
IT-001096,ORD-00552,P0017,3,0.0,866.66,2599.98,806.1
IT-001097,ORD-00552,P0004,1,0.0,46.28,46.28,22.86
IT-001098,ORD-00553,P0016,2,0.05,230.18,460.37,140.05
IT-001099,ORD-00554,P0016,1,0.15,205.96,205.96,45.8
IT-001100,ORD-00555,P0016,3,0.1,218.07,654.21,173.73
IT-001101,ORD-00555,P0005,2,0.05,249.3,498.6,108.52
IT-001102,ORD-00556,P0023,2,0.1,450.04,900.07,194.33
IT-001103,ORD-00556,P0001,1,0.0,966.84,966.84,248.93
IT-001104,ORD-00557,P0005,2,0.0,262.42,524.84,134.76
IT-001105,ORD-00558,P0022,1,0.0,927.66,927.66,456.51
IT-001106,ORD-00559,P0005,1,0.0,262.42,262.42,67.38
IT-001107,ORD-00560,P0025,3,0.0,241.5,724.5,331.11
IT-001108,ORD-00560,P0005,2,0.1,236.18,472.36,82.28
IT-001109,ORD-00560,P0015,2,0.3,728.48,1456.97,223.93
IT-001110,ORD-00560,P0018,1,0.2,252.9,252.9,61.79
IT-001111,ORD-00561,P0016,1,0.0,242.3,242.3,82.14
IT-001112,ORD-00561,P0019,1,0.0,1588.55,1588.55,715.77
IT-001113,ORD-00561,P0007,1,0.0,561.14,561.14,169.55
IT-001114,ORD-00561,P0011,2,0.05,74.59,149.19,56.05
IT-001115,ORD-00562,P0003,1,0.05,102.48,102.48,45.5
IT-001116,ORD-00562,P0020,1,0.0,696.28,696.28,337.62
IT-001117,ORD-00563,P0021,1,0.1,949.37,949.37,119.29
IT-001118,ORD-00563,P0015,1,0.0,1040.69,1040.69,424.17
IT-001119,ORD-00563,P0003,2,0.0,107.87,215.74,101.78
IT-001120,ORD-00563,P0023,1,0.05,475.04,475.04,122.17
IT-001121,ORD-00564,P0017,2,0.1,779.99,1559.99,364.07
IT-001122,ORD-00564,P0003,1,0.0,107.87,107.87,50.89
IT-001123,ORD-00565,P0001,3,0.0,966.84,2900.52,746.79
IT-001124,ORD-00566,P0012,3,0.1,444.75,1334.26,109.66
IT-001125,ORD-00567,P0016,1,0.05,230.18,230.18,70.03
IT-001126,ORD-00567,P0013,4,0.3,1123.67,4494.67,1017.71
IT-001127,ORD-00567,P0002,1,0.1,755.39,755.39,216.21
IT-001128,ORD-00568,P0006,1,0.0,942.04,942.04,384.39
IT-001129,ORD-00568,P0005,1,0.0,262.42,262.42,67.38
IT-001130,ORD-00569,P0011,1,0.3,54.96,54.96,8.39
IT-001131,ORD-00569,P0012,1,0.05,469.46,469.46,61.26
IT-001132,ORD-00569,P0010,3,0.1,620.96,1862.87,820.97
IT-001133,ORD-00570,P0006,1,0.15,800.73,800.73,243.08
IT-001134,ORD-00570,P0021,1,0.0,1054.86,1054.86,224.78
IT-001135,ORD-00570,P0004,3,0.1,41.65,124.96,54.7
IT-001136,ORD-00571,P0012,2,0.1,444.75,889.51,73.11
IT-001137,ORD-00571,P0018,1,0.0,316.12,316.12,125.01
IT-001138,ORD-00572,P0008,3,0.0,449.0,1347.0,258.36
IT-001139,ORD-00573,P0013,2,0.0,1605.24,3210.48,1472.0
IT-001140,ORD-00574,P0016,1,0.15,205.96,205.96,45.8
IT-001141,ORD-00575,P0003,3,0.0,107.87,323.61,152.67
IT-001142,ORD-00576,P0001,1,0.0,966.84,966.84,248.93
IT-001143,ORD-00576,P0005,1,0.05,249.3,249.3,54.26
IT-001144,ORD-00577,P0001,2,0.15,821.81,1643.63,207.81
IT-001145,ORD-00578,P0014,1,0.15,22.7,22.7,3.41
IT-001146,ORD-00579,P0003,2,0.0,107.87,215.74,101.78
IT-001147,ORD-00579,P0014,3,0.1,24.04,72.12,14.25
IT-001148,ORD-00580,P0005,2,0.2,209.94,419.87,29.79
IT-001149,ORD-00581,P0008,1,0.05,426.55,426.55,63.67
IT-001150,ORD-00581,P0002,4,0.2,671.46,2685.82,529.1
IT-001151,ORD-00582,P0013,5,0.05,1524.98,7624.89,3278.69
IT-001152,ORD-00582,P0001,1,0.0,966.84,966.84,248.93
IT-001153,ORD-00583,P0008,1,0.2,359.2,359.2,-3.68
IT-001154,ORD-00583,P0019,3,0.0,1588.55,4765.65,2147.31
IT-001155,ORD-00584,P0020,1,0.05,661.47,661.47,302.81
IT-001156,ORD-00584,P0024,1,0.0,1045.55,1045.55,515.41
IT-001157,ORD-00584,P0014,1,0.0,26.71,26.71,7.42
IT-001158,ORD-00584,P0015,1,0.0,1040.69,1040.69,424.17
IT-001159,ORD-00585,P0021,4,0.05,1002.12,4008.47,688.15
IT-001160,ORD-00586,P0004,1,0.2,37.02,37.02,13.6
IT-001161,ORD-00587,P0010,1,0.0,689.95,689.95,342.65
IT-001162,ORD-00587,P0002,2,0.0,839.32,1678.64,600.28
IT-001163,ORD-00587,P0008,4,0.0,449.0,1796.0,344.48
IT-001164,ORD-00588,P0008,2,0.15,381.65,763.3,37.54
IT-001165,ORD-00588,P0014,1,0.0,26.71,26.71,7.42
IT-001166,ORD-00589,P0018,1,0.0,316.12,316.12,125.01
IT-001167,ORD-00589,P0003,3,0.0,107.87,323.61,152.67
IT-001168,ORD-00589,P0010,2,0.3,482.96,965.93,271.33
IT-001169,ORD-00590,P0024,1,0.0,1045.55,1045.55,515.41
IT-001170,ORD-00591,P0006,1,0.0,942.04,942.04,384.39
IT-001171,ORD-00591,P0003,3,0.2,86.3,258.89,87.95
IT-001172,ORD-00591,P0023,4,0.0,500.04,2000.16,588.68
IT-001173,ORD-00592,P0004,2,0.0,46.28,92.56,45.72
IT-001174,ORD-00592,P0007,1,0.1,505.03,505.03,113.44
IT-001175,ORD-00592,P0006,3,0.15,800.73,2402.2,729.25
IT-001176,ORD-00592,P0021,5,0.0,1054.86,5274.3,1123.9
IT-001177,ORD-00593,P0023,2,0.05,475.04,950.08,244.34
IT-001178,ORD-00593,P0004,4,0.0,46.28,185.12,91.44
IT-001179,ORD-00594,P0014,1,0.2,21.37,21.37,2.08
IT-001180,ORD-00595,P0012,1,0.0,494.17,494.17,85.97
IT-001181,ORD-00595,P0002,1,0.0,839.32,839.32,300.14
IT-001182,ORD-00595,P0019,2,0.0,1588.55,3177.1,1431.54
IT-001183,ORD-00596,P0014,1,0.0,26.71,26.71,7.42
IT-001184,ORD-00596,P0012,1,0.3,345.92,345.92,-62.28
IT-001185,ORD-00596,P0001,1,0.05,918.5,918.5,200.59
IT-001186,ORD-00597,P0023,1,0.1,450.04,450.04,97.17
IT-001187,ORD-00597,P0017,2,0.0,866.66,1733.32,537.4
IT-001188,ORD-00597,P0014,2,0.0,26.71,53.42,14.84
IT-001189,ORD-00598,P0006,5,0.0,942.04,4710.2,1921.95
IT-001190,ORD-00599,P0006,2,0.3,659.43,1318.86,203.56
IT-001191,ORD-00599,P0021,1,0.0,1054.86,1054.86,224.78
IT-001192,ORD-00599,P0005,1,0.1,236.18,236.18,41.14
IT-001193,ORD-00600,P0014,5,0.0,26.71,133.55,37.1
IT-001194,ORD-00601,P0021,1,0.0,1054.86,1054.86,224.78
IT-001195,ORD-00602,P0021,2,0.3,738.4,1476.8,-183.36
IT-001196,ORD-00602,P0020,3,0.0,696.28,2088.84,1012.86
IT-001197,ORD-00603,P0016,3,0.0,242.3,726.9,246.42
IT-001198,ORD-00604,P0008,1,0.1,404.1,404.1,41.22
IT-001199,ORD-00604,P0014,1,0.0,26.71,26.71,7.42
IT-001200,ORD-00605,P0005,2,0.2,209.94,419.87,29.79
IT-001201,ORD-00605,P0016,4,0.0,242.3,969.2,328.56
IT-001202,ORD-00606,P0016,2,0.0,242.3,484.6,164.28
IT-001203,ORD-00607,P0021,5,0.0,1054.86,5274.3,1123.9
IT-001204,ORD-00607,P0010,1,0.15,586.46,586.46,239.16
IT-001205,ORD-00608,P0010,3,0.05,655.45,1966.36,924.46
IT-001206,ORD-00608,P0014,1,0.3,18.7,18.7,-0.59
IT-001207,ORD-00608,P0001,2,0.05,918.5,1837.0,401.18
IT-001208,ORD-00608,P0007,4,0.0,561.14,2244.56,678.2
IT-001209,ORD-00609,P0024,3,0.0,1045.55,3136.65,1546.23
IT-001210,ORD-00610,P0012,1,0.1,444.75,444.75,36.55
IT-001211,ORD-00610,P0001,3,0.0,966.84,2900.52,746.79
IT-001212,ORD-00611,P0022,2,0.15,788.51,1577.02,634.72
IT-001213,ORD-00612,P0012,2,0.2,395.34,790.67,-25.73
IT-001214,ORD-00612,P0022,2,0.15,788.51,1577.02,634.72
IT-001215,ORD-00613,P0025,1,0.3,169.05,169.05,37.92
IT-001216,ORD-00614,P0001,1,0.0,966.84,966.84,248.93
IT-001217,ORD-00615,P0020,2,0.05,661.47,1322.93,605.61
IT-001218,ORD-00616,P0014,2,0.2,21.37,42.74,4.16
IT-001219,ORD-00616,P0022,2,0.1,834.89,1669.79,727.49
IT-001220,ORD-00616,P0024,1,0.05,993.27,993.27,463.13
IT-001221,ORD-00616,P0018,2,0.15,268.7,537.4,155.18
IT-001222,ORD-00617,P0010,5,0.0,689.95,3449.75,1713.25
IT-001223,ORD-00617,P0014,3,0.0,26.71,80.13,22.26
IT-001224,ORD-00618,P0008,1,0.2,359.2,359.2,-3.68
IT-001225,ORD-00618,P0025,2,0.0,241.5,483.0,220.74
IT-001226,ORD-00619,P0009,3,0.15,642.06,1926.17,686.63
IT-001227,ORD-00620,P0012,2,0.0,494.17,988.34,171.94
IT-001228,ORD-00620,P0007,1,0.2,448.91,448.91,57.32
IT-001229,ORD-00621,P0012,2,0.05,469.46,938.92,122.52
IT-001230,ORD-00622,P0020,4,0.0,696.28,2785.12,1350.48
IT-001231,ORD-00623,P0003,1,0.05,102.48,102.48,45.5
IT-001232,ORD-00623,P0006,3,0.3,659.43,1978.28,305.33
IT-001233,ORD-00624,P0003,1,0.0,107.87,107.87,50.89
IT-001234,ORD-00625,P0009,1,0.0,755.36,755.36,342.18
IT-001235,ORD-00626,P0022,3,0.1,834.89,2504.68,1091.23
IT-001236,ORD-00626,P0006,3,0.05,894.94,2684.81,1011.86
IT-001237,ORD-00627,P0001,2,0.1,870.16,1740.31,304.49
IT-001238,ORD-00627,P0021,1,0.0,1054.86,1054.86,224.78
IT-001239,ORD-00627,P0006,2,0.1,847.84,1695.67,580.37
IT-001240,ORD-00628,P0012,1,0.0,494.17,494.17,85.97
IT-001241,ORD-00629,P0008,2,0.0,449.0,898.0,172.24
IT-001242,ORD-00630,P0018,1,0.0,316.12,316.12,125.01
IT-001243,ORD-00631,P0009,5,0.0,755.36,3776.8,1710.9
IT-001244,ORD-00631,P0016,4,0.0,242.3,969.2,328.56
IT-001245,ORD-00631,P0021,2,0.05,1002.12,2004.23,344.07
IT-001246,ORD-00631,P0022,3,0.0,927.66,2782.98,1369.53
IT-001247,ORD-00632,P0021,2,0.0,1054.86,2109.72,449.56
IT-001248,ORD-00632,P0008,1,0.0,449.0,449.0,86.12
IT-001249,ORD-00632,P0011,1,0.1,70.67,70.67,24.1
IT-001250,ORD-00633,P0010,3,0.3,482.96,1448.9,406.99
IT-001251,ORD-00633,P0025,3,0.05,229.42,688.28,294.88
IT-001252,ORD-00634,P0001,1,0.15,821.81,821.81,103.9
IT-001253,ORD-00634,P0002,1,0.05,797.35,797.35,258.17
IT-001254,ORD-00634,P0003,5,0.3,75.51,377.54,92.65
IT-001255,ORD-00634,P0021,1,0.05,1002.12,1002.12,172.04
IT-001256,ORD-00635,P0013,1,0.1,1444.72,1444.72,575.48
IT-001257,ORD-00635,P0025,1,0.05,229.42,229.42,98.29
IT-001258,ORD-00636,P0023,4,0.0,500.04,2000.16,588.68
IT-001259,ORD-00636,P0015,1,0.2,832.55,832.55,216.03
IT-001260,ORD-00636,P0006,3,0.05,894.94,2684.81,1011.86
IT-001261,ORD-00636,P0020,3,0.0,696.28,2088.84,1012.86
IT-001262,ORD-00637,P0011,5,0.2,62.82,314.08,81.23
IT-001263,ORD-00638,P0018,1,0.1,284.51,284.51,93.4
IT-001264,ORD-00639,P0018,1,0.05,300.31,300.31,109.2
IT-001265,ORD-00639,P0002,1,0.05,797.35,797.35,258.17
IT-001266,ORD-00640,P0010,3,0.0,689.95,2069.85,1027.95
IT-001267,ORD-00641,P0002,3,0.0,839.32,2517.96,900.42
IT-001268,ORD-00641,P0010,1,0.0,689.95,689.95,342.65
IT-001269,ORD-00642,P0017,3,0.3,606.66,1819.99,26.11
IT-001270,ORD-00643,P0025,1,0.1,217.35,217.35,86.22
IT-001271,ORD-00643,P0005,4,0.05,249.3,997.2,217.04
IT-001272,ORD-00644,P0012,1,0.0,494.17,494.17,85.97
IT-001273,ORD-00645,P0024,1,0.15,888.72,888.72,358.58
IT-001274,ORD-00646,P0017,2,0.0,866.66,1733.32,537.4
IT-001275,ORD-00646,P0025,2,0.1,217.35,434.7,172.44
IT-001276,ORD-00646,P0016,1,0.0,242.3,242.3,82.14
IT-001277,ORD-00647,P0016,2,0.05,230.18,460.37,140.05
IT-001278,ORD-00647,P0010,1,0.05,655.45,655.45,308.15
IT-001279,ORD-00647,P0019,2,0.0,1588.55,3177.1,1431.54
IT-001280,ORD-00648,P0001,1,0.1,870.16,870.16,152.25
IT-001281,ORD-00648,P0009,4,0.0,755.36,3021.44,1368.72
IT-001282,ORD-00648,P0016,1,0.1,218.07,218.07,57.91
IT-001283,ORD-00648,P0006,2,0.0,942.04,1884.08,768.78
IT-001284,ORD-00649,P0011,1,0.0,78.52,78.52,31.95
IT-001285,ORD-00649,P0007,5,0.15,476.97,2384.84,426.9
IT-001286,ORD-00650,P0019,4,0.2,1270.84,5083.36,1592.24
IT-001287,ORD-00650,P0018,1,0.1,284.51,284.51,93.4
IT-001288,ORD-00651,P0019,1,0.3,1111.98,1111.98,239.2
IT-001289,ORD-00651,P0004,1,0.05,43.97,43.97,20.55
IT-001290,ORD-00652,P0019,2,0.0,1588.55,3177.1,1431.54
IT-001291,ORD-00653,P0020,1,0.0,696.28,696.28,337.62
IT-001292,ORD-00654,P0006,5,0.1,847.84,4239.18,1450.93
IT-001293,ORD-00655,P0014,1,0.0,26.71,26.71,7.42
IT-001294,ORD-00655,P0002,1,0.2,671.46,671.46,132.28
IT-001295,ORD-00655,P0023,1,0.1,450.04,450.04,97.17
IT-001296,ORD-00656,P0003,2,0.05,102.48,204.95,90.99
IT-001297,ORD-00657,P0003,1,0.0,107.87,107.87,50.89
IT-001298,ORD-00657,P0014,1,0.0,26.71,26.71,7.42
IT-001299,ORD-00657,P0012,1,0.3,345.92,345.92,-62.28
IT-001300,ORD-00657,P0018,1,0.0,316.12,316.12,125.01
IT-001301,ORD-00658,P0018,1,0.0,316.12,316.12,125.01
IT-001302,ORD-00658,P0024,5,0.0,1045.55,5227.75,2577.05
IT-001303,ORD-00659,P0003,1,0.05,102.48,102.48,45.5
IT-001304,ORD-00659,P0012,1,0.15,420.04,420.04,11.84
IT-001305,ORD-00660,P0013,4,0.05,1524.98,6099.91,2622.95
IT-001306,ORD-00661,P0015,3,0.15,884.59,2653.76,804.2
IT-001307,ORD-00662,P0016,2,0.0,242.3,484.6,164.28
IT-001308,ORD-00662,P0010,3,0.2,551.96,1655.88,613.98
IT-001309,ORD-00662,P0001,1,0.0,966.84,966.84,248.93
IT-001310,ORD-00662,P0017,4,0.2,693.33,2773.31,381.47
IT-001311,ORD-00663,P0010,1,0.1,620.96,620.96,273.66
IT-001312,ORD-00664,P0017,4,0.05,823.33,3293.31,901.47
IT-001313,ORD-00665,P0009,2,0.0,755.36,1510.72,684.36
IT-001314,ORD-00666,P0019,3,0.2,1270.84,3812.52,1194.18
IT-001315,ORD-00667,P0018,1,0.0,316.12,316.12,125.01
IT-001316,ORD-00668,P0018,3,0.0,316.12,948.36,375.03
IT-001317,ORD-00668,P0004,2,0.05,43.97,87.93,41.09
IT-001318,ORD-00669,P0023,2,0.05,475.04,950.08,244.34
IT-001319,ORD-00669,P0008,1,0.3,314.3,314.3,-48.58
IT-001320,ORD-00670,P0011,1,0.2,62.82,62.82,16.25
IT-001321,ORD-00670,P0001,2,0.0,966.84,1933.68,497.86
IT-001322,ORD-00671,P0006,3,0.0,942.04,2826.12,1153.17
IT-001323,ORD-00672,P0024,1,0.0,1045.55,1045.55,515.41
IT-001324,ORD-00672,P0025,1,0.1,217.35,217.35,86.22
IT-001325,ORD-00672,P0018,4,0.1,284.51,1138.03,373.59
IT-001326,ORD-00673,P0013,2,0.0,1605.24,3210.48,1472.0
IT-001327,ORD-00673,P0024,1,0.15,888.72,888.72,358.58
IT-001328,ORD-00673,P0009,1,0.15,642.06,642.06,228.88
IT-001329,ORD-00674,P0004,3,0.0,46.28,138.84,68.58
IT-001330,ORD-00675,P0010,4,0.0,689.95,2759.8,1370.6
IT-001331,ORD-00676,P0025,1,0.0,241.5,241.5,110.37
IT-001332,ORD-00677,P0023,4,0.05,475.04,1900.15,488.67
IT-001333,ORD-00677,P0003,1,0.15,91.69,91.69,34.71
IT-001334,ORD-00677,P0008,1,0.0,449.0,449.0,86.12
IT-001335,ORD-00678,P0011,1,0.1,70.67,70.67,24.1
IT-001336,ORD-00678,P0017,3,0.0,866.66,2599.98,806.1
IT-001337,ORD-00679,P0005,1,0.0,262.42,262.42,67.38
IT-001338,ORD-00679,P0016,2,0.05,230.18,460.37,140.05
IT-001339,ORD-00679,P0001,1,0.05,918.5,918.5,200.59
IT-001340,ORD-00680,P0016,1,0.2,193.84,193.84,33.68
IT-001341,ORD-00681,P0019,3,0.3,1111.98,3335.96,717.61
IT-001342,ORD-00681,P0011,2,0.05,74.59,149.19,56.05
IT-001343,ORD-00682,P0007,3,0.1,505.03,1515.08,340.31
IT-001344,ORD-00683,P0024,3,0.0,1045.55,3136.65,1546.23
IT-001345,ORD-00684,P0008,5,0.1,404.1,2020.5,206.1
IT-001346,ORD-00684,P0003,1,0.05,102.48,102.48,45.5
IT-001347,ORD-00685,P0016,3,0.15,205.96,617.86,137.39
IT-001348,ORD-00686,P0008,1,0.05,426.55,426.55,63.67
IT-001349,ORD-00686,P0015,2,0.0,1040.69,2081.38,848.34
IT-001350,ORD-00687,P0009,5,0.05,717.59,3587.96,1522.06
IT-001351,ORD-00687,P0019,3,0.0,1588.55,4765.65,2147.31
IT-001352,ORD-00688,P0014,2,0.3,18.7,37.39,-1.19
IT-001353,ORD-00688,P0022,1,0.15,788.51,788.51,317.36
IT-001354,ORD-00688,P0024,3,0.0,1045.55,3136.65,1546.23
IT-001355,ORD-00689,P0015,2,0.2,832.55,1665.1,432.06
IT-001356,ORD-00690,P0003,1,0.0,107.87,107.87,50.89
IT-001357,ORD-00690,P0008,2,0.05,426.55,853.1,127.34
IT-001358,ORD-00690,P0014,1,0.0,26.71,26.71,7.42
IT-001359,ORD-00691,P0005,3,0.0,262.42,787.26,202.14
IT-001360,ORD-00691,P0021,2,0.3,738.4,1476.8,-183.36
IT-001361,ORD-00691,P0013,1,0.0,1605.24,1605.24,736.0
IT-001362,ORD-00691,P0007,1,0.1,505.03,505.03,113.44
IT-001363,ORD-00692,P0023,3,0.0,500.04,1500.12,441.51
IT-001364,ORD-00692,P0013,1,0.0,1605.24,1605.24,736.0
IT-001365,ORD-00692,P0004,1,0.15,39.34,39.34,15.92
IT-001366,ORD-00693,P0007,5,0.0,561.14,2805.7,847.75
IT-001367,ORD-00693,P0006,1,0.05,894.94,894.94,337.29
IT-001368,ORD-00693,P0023,4,0.1,450.04,1800.14,388.66
IT-001369,ORD-00694,P0011,2,0.0,78.52,157.04,63.9
IT-001370,ORD-00694,P0004,1,0.05,43.97,43.97,20.55
IT-001371,ORD-00694,P0025,3,0.2,193.2,579.6,186.21
IT-001372,ORD-00695,P0016,1,0.05,230.18,230.18,70.03
IT-001373,ORD-00695,P0013,1,0.0,1605.24,1605.24,736.0
IT-001374,ORD-00696,P0003,2,0.3,75.51,151.02,37.06
IT-001375,ORD-00697,P0009,2,0.1,679.82,1359.65,533.29
IT-001376,ORD-00697,P0008,2,0.2,359.2,718.4,-7.36
IT-001377,ORD-00698,P0012,2,0.0,494.17,988.34,171.94
IT-001378,ORD-00698,P0013,2,0.0,1605.24,3210.48,1472.0
IT-001379,ORD-00699,P0008,1,0.0,449.0,449.0,86.12
IT-001380,ORD-00699,P0020,1,0.0,696.28,696.28,337.62
IT-001381,ORD-00699,P0021,1,0.05,1002.12,1002.12,172.04
IT-001382,ORD-00699,P0001,1,0.2,773.47,773.47,55.56
IT-001383,ORD-00700,P0021,1,0.3,738.4,738.4,-91.68
IT-001384,ORD-00700,P0005,3,0.0,262.42,787.26,202.14
IT-001385,ORD-00701,P0021,1,0.0,1054.86,1054.86,224.78
IT-001386,ORD-00702,P0011,1,0.0,78.52,78.52,31.95
IT-001387,ORD-00702,P0009,1,0.05,717.59,717.59,304.41
IT-001388,ORD-00703,P0014,2,0.0,26.71,53.42,14.84
IT-001389,ORD-00703,P0021,2,0.0,1054.86,2109.72,449.56
IT-001390,ORD-00703,P0004,1,0.15,39.34,39.34,15.92
IT-001391,ORD-00703,P0022,1,0.2,742.13,742.13,270.98
IT-001392,ORD-00704,P0002,2,0.1,755.39,1510.78,432.42
IT-001393,ORD-00705,P0014,1,0.2,21.37,21.37,2.08
IT-001394,ORD-00706,P0010,1,0.0,689.95,689.95,342.65
IT-001395,ORD-00706,P0004,4,0.0,46.28,185.12,91.44
IT-001396,ORD-00707,P0025,2,0.0,241.5,483.0,220.74
IT-001397,ORD-00708,P0024,2,0.0,1045.55,2091.1,1030.82
IT-001398,ORD-00709,P0016,2,0.0,242.3,484.6,164.28
IT-001399,ORD-00710,P0004,1,0.0,46.28,46.28,22.86
IT-001400,ORD-00710,P0005,2,0.0,262.42,524.84,134.76
IT-001401,ORD-00710,P0007,1,0.0,561.14,561.14,169.55
IT-001402,ORD-00711,P0016,1,0.0,242.3,242.3,82.14
IT-001403,ORD-00712,P0019,2,0.0,1588.55,3177.1,1431.54
IT-001404,ORD-00712,P0005,1,0.05,249.3,249.3,54.26
IT-001405,ORD-00713,P0012,2,0.15,420.04,840.09,23.69
IT-001406,ORD-00713,P0022,2,0.0,927.66,1855.32,913.02
IT-001407,ORD-00713,P0011,2,0.0,78.52,157.04,63.9
IT-001408,ORD-00714,P0014,1,0.05,25.37,25.37,6.08
IT-001409,ORD-00714,P0016,3,0.0,242.3,726.9,246.42
IT-001410,ORD-00714,P0021,2,0.1,949.37,1898.75,238.59
IT-001411,ORD-00714,P0005,1,0.15,223.06,223.06,28.02
IT-001412,ORD-00715,P0005,5,0.15,223.06,1115.29,140.09
IT-001413,ORD-00715,P0001,1,0.2,773.47,773.47,55.56
IT-001414,ORD-00715,P0007,4,0.05,533.08,2132.33,565.97
IT-001415,ORD-00715,P0006,1,0.05,894.94,894.94,337.29
IT-001416,ORD-00716,P0013,1,0.0,1605.24,1605.24,736.0
IT-001417,ORD-00716,P0018,3,0.2,252.9,758.69,185.36
IT-001418,ORD-00717,P0004,2,0.0,46.28,92.56,45.72
IT-001419,ORD-00717,P0024,4,0.0,1045.55,4182.2,2061.64
IT-001420,ORD-00717,P0018,5,0.05,300.31,1501.57,546.02
IT-001421,ORD-00717,P0011,2,0.0,78.52,157.04,63.9
IT-001422,ORD-00718,P0018,1,0.0,316.12,316.12,125.01
IT-001423,ORD-00719,P0003,2,0.1,97.08,194.17,80.21
IT-001424,ORD-00719,P0016,1,0.05,230.18,230.18,70.03
IT-001425,ORD-00720,P0016,2,0.0,242.3,484.6,164.28
IT-001426,ORD-00720,P0011,2,0.2,62.82,125.63,32.49
IT-001427,ORD-00721,P0002,3,0.0,839.32,2517.96,900.42
IT-001428,ORD-00722,P0015,2,0.2,832.55,1665.1,432.06
IT-001429,ORD-00722,P0004,1,0.15,39.34,39.34,15.92
IT-001430,ORD-00723,P0024,1,0.2,836.44,836.44,306.3
IT-001431,ORD-00724,P0004,2,0.0,46.28,92.56,45.72
IT-001432,ORD-00724,P0006,5,0.2,753.63,3768.16,979.91
IT-001433,ORD-00724,P0017,1,0.05,823.33,823.33,225.37
IT-001434,ORD-00725,P0015,4,0.0,1040.69,4162.76,1696.68
IT-001435,ORD-00726,P0001,3,0.1,870.16,2610.47,456.74
IT-001436,ORD-00726,P0020,5,0.05,661.47,3307.33,1514.03
IT-001437,ORD-00727,P0007,1,0.2,448.91,448.91,57.32
IT-001438,ORD-00728,P0015,2,0.0,1040.69,2081.38,848.34
IT-001439,ORD-00729,P0024,3,0.0,1045.55,3136.65,1546.23
IT-001440,ORD-00729,P0009,1,0.05,717.59,717.59,304.41
IT-001441,ORD-00729,P0001,2,0.0,966.84,1933.68,497.86
IT-001442,ORD-00729,P0003,2,0.1,97.08,194.17,80.21
IT-001443,ORD-00730,P0011,1,0.05,74.59,74.59,28.02
IT-001444,ORD-00730,P0012,1,0.0,494.17,494.17,85.97
IT-001445,ORD-00730,P0006,4,0.0,942.04,3768.16,1537.56
IT-001446,ORD-00731,P0017,1,0.0,866.66,866.66,268.7
IT-001447,ORD-00731,P0018,2,0.0,316.12,632.24,250.02
IT-001448,ORD-00731,P0007,2,0.05,533.08,1066.17,282.99
IT-001449,ORD-00731,P0002,2,0.1,755.39,1510.78,432.42
IT-001450,ORD-00732,P0021,3,0.1,949.37,2848.12,357.88
IT-001451,ORD-00733,P0015,2,0.0,1040.69,2081.38,848.34
IT-001452,ORD-00734,P0010,1,0.1,620.96,620.96,273.66
IT-001453,ORD-00734,P0021,1,0.15,896.63,896.63,66.55
IT-001454,ORD-00735,P0015,4,0.05,988.66,3954.62,1488.54
IT-001455,ORD-00735,P0019,1,0.0,1588.55,1588.55,715.77
IT-001456,ORD-00736,P0014,1,0.2,21.37,21.37,2.08
IT-001457,ORD-00737,P0008,1,0.0,449.0,449.0,86.12
IT-001458,ORD-00737,P0018,1,0.0,316.12,316.12,125.01
IT-001459,ORD-00738,P0006,1,0.05,894.94,894.94,337.29
IT-001460,ORD-00739,P0002,3,0.05,797.35,2392.06,774.52
IT-001461,ORD-00740,P0025,1,0.1,217.35,217.35,86.22
IT-001462,ORD-00741,P0022,1,0.2,742.13,742.13,270.98
IT-001463,ORD-00741,P0015,3,0.15,884.59,2653.76,804.2
IT-001464,ORD-00742,P0014,3,0.05,25.37,76.12,18.25
IT-001465,ORD-00742,P0022,4,0.3,649.36,2597.45,712.85
IT-001466,ORD-00743,P0002,1,0.05,797.35,797.35,258.17
IT-001467,ORD-00743,P0013,2,0.0,1605.24,3210.48,1472.0
IT-001468,ORD-00744,P0013,5,0.0,1605.24,8026.2,3680.0
IT-001469,ORD-00744,P0020,2,0.3,487.4,974.79,257.47
IT-001470,ORD-00745,P0016,1,0.0,242.3,242.3,82.14
IT-001471,ORD-00746,P0019,2,0.2,1270.84,2541.68,796.12
IT-001472,ORD-00746,P0007,1,0.0,561.14,561.14,169.55
IT-001473,ORD-00746,P0005,4,0.1,236.18,944.71,164.55
IT-001474,ORD-00747,P0017,1,0.2,693.33,693.33,95.37
IT-001475,ORD-00747,P0023,5,0.0,500.04,2500.2,735.85
IT-001476,ORD-00747,P0007,1,0.0,561.14,561.14,169.55
IT-001477,ORD-00747,P0016,1,0.1,218.07,218.07,57.91
IT-001478,ORD-00748,P0013,2,0.0,1605.24,3210.48,1472.0
IT-001479,ORD-00748,P0020,2,0.3,487.4,974.79,257.47
IT-001480,ORD-00749,P0015,1,0.1,936.62,936.62,320.1
IT-001481,ORD-00750,P0023,1,0.05,475.04,475.04,122.17
IT-001482,ORD-00750,P0007,2,0.0,561.14,1122.28,339.1
IT-001483,ORD-00751,P0012,2,0.3,345.92,691.84,-124.56
IT-001484,ORD-00751,P0005,1,0.05,249.3,249.3,54.26
IT-001485,ORD-00752,P0015,1,0.1,936.62,936.62,320.1
IT-001486,ORD-00752,P0009,1,0.15,642.06,642.06,228.88
IT-001487,ORD-00752,P0003,5,0.1,97.08,485.42,200.52
IT-001488,ORD-00752,P0014,3,0.05,25.37,76.12,18.25
IT-001489,ORD-00753,P0020,1,0.0,696.28,696.28,337.62
IT-001490,ORD-00753,P0011,1,0.0,78.52,78.52,31.95
IT-001491,ORD-00753,P0010,1,0.0,689.95,689.95,342.65
IT-001492,ORD-00753,P0012,1,0.1,444.75,444.75,36.55
IT-001493,ORD-00754,P0025,2,0.0,241.5,483.0,220.74
IT-001494,ORD-00754,P0012,4,0.15,420.04,1680.18,47.38
IT-001495,ORD-00754,P0007,1,0.0,561.14,561.14,169.55
IT-001496,ORD-00755,P0018,3,0.0,316.12,948.36,375.03
IT-001497,ORD-00756,P0011,3,0.05,74.59,223.78,84.07
IT-001498,ORD-00756,P0016,2,0.2,193.84,387.68,67.36
IT-001499,ORD-00756,P0001,5,0.0,966.84,4834.2,1244.65
IT-001500,ORD-00756,P0022,3,0.1,834.89,2504.68,1091.23
IT-001501,ORD-00757,P0006,1,0.1,847.84,847.84,290.19
IT-001502,ORD-00757,P0025,4,0.0,241.5,966.0,441.48
IT-001503,ORD-00758,P0003,1,0.1,97.08,97.08,40.1
IT-001504,ORD-00758,P0002,1,0.0,839.32,839.32,300.14
IT-001505,ORD-00758,P0021,1,0.2,843.89,843.89,13.81
IT-001506,ORD-00759,P0004,1,0.1,41.65,41.65,18.23
IT-001507,ORD-00759,P0022,1,0.05,881.28,881.28,410.13
IT-001508,ORD-00760,P0014,2,0.05,25.37,50.75,12.17
IT-001509,ORD-00761,P0006,2,0.1,847.84,1695.67,580.37
IT-001510,ORD-00761,P0003,4,0.0,107.87,431.48,203.56
IT-001511,ORD-00762,P0017,2,0.0,866.66,1733.32,537.4
IT-001512,ORD-00763,P0005,1,0.0,262.42,262.42,67.38
IT-001513,ORD-00764,P0020,3,0.0,696.28,2088.84,1012.86
IT-001514,ORD-00764,P0014,1,0.05,25.37,25.37,6.08
IT-001515,ORD-00764,P0022,5,0.0,927.66,4638.3,2282.55
IT-001516,ORD-00765,P0017,3,0.05,823.33,2469.98,676.1
IT-001517,ORD-00766,P0002,3,0.0,839.32,2517.96,900.42
IT-001518,ORD-00767,P0016,1,0.2,193.84,193.84,33.68
IT-001519,ORD-00768,P0010,2,0.1,620.96,1241.91,547.31
IT-001520,ORD-00768,P0004,1,0.0,46.28,46.28,22.86
IT-001521,ORD-00769,P0013,2,0.0,1605.24,3210.48,1472.0
IT-001522,ORD-00769,P0002,2,0.1,755.39,1510.78,432.42
IT-001523,ORD-00769,P0008,1,0.0,449.0,449.0,86.12
IT-001524,ORD-00769,P0010,1,0.0,689.95,689.95,342.65
IT-001525,ORD-00770,P0021,2,0.2,843.89,1687.78,27.62
IT-001526,ORD-00771,P0015,1,0.05,988.66,988.66,372.14
IT-001527,ORD-00772,P0013,1,0.2,1284.19,1284.19,414.95
IT-001528,ORD-00772,P0010,2,0.1,620.96,1241.91,547.31
IT-001529,ORD-00772,P0024,5,0.15,888.72,4443.59,1792.89
IT-001530,ORD-00773,P0018,1,0.15,268.7,268.7,77.59
IT-001531,ORD-00773,P0003,1,0.0,107.87,107.87,50.89
IT-001532,ORD-00773,P0006,4,0.1,847.84,3391.34,1160.74
IT-001533,ORD-00774,P0002,5,0.0,839.32,4196.6,1500.7
IT-001534,ORD-00775,P0016,1,0.15,205.96,205.96,45.8
IT-001535,ORD-00775,P0023,2,0.3,350.03,700.06,-5.68
IT-001536,ORD-00775,P0005,3,0.05,249.3,747.9,162.78
IT-001537,ORD-00776,P0015,1,0.0,1040.69,1040.69,424.17
IT-001538,ORD-00776,P0020,1,0.1,626.65,626.65,267.99
IT-001539,ORD-00777,P0020,1,0.1,626.65,626.65,267.99
IT-001540,ORD-00777,P0012,1,0.0,494.17,494.17,85.97
IT-001541,ORD-00777,P0007,2,0.0,561.14,1122.28,339.1
IT-001542,ORD-00778,P0019,2,0.0,1588.55,3177.1,1431.54
IT-001543,ORD-00778,P0023,4,0.05,475.04,1900.15,488.67
IT-001544,ORD-00779,P0012,3,0.0,494.17,1482.51,257.91
IT-001545,ORD-00779,P0022,2,0.0,927.66,1855.32,913.02
IT-001546,ORD-00779,P0017,2,0.0,866.66,1733.32,537.4
IT-001547,ORD-00779,P0013,1,0.0,1605.24,1605.24,736.0
IT-001548,ORD-00780,P0009,1,0.15,642.06,642.06,228.88
IT-001549,ORD-00781,P0024,2,0.0,1045.55,2091.1,1030.82
IT-001550,ORD-00782,P0022,1,0.3,649.36,649.36,178.21
IT-001551,ORD-00783,P0001,3,0.05,918.5,2755.49,601.76
IT-001552,ORD-00783,P0015,1,0.0,1040.69,1040.69,424.17
IT-001553,ORD-00784,P0018,1,0.2,252.9,252.9,61.79
IT-001554,ORD-00784,P0022,1,0.0,927.66,927.66,456.51
IT-001555,ORD-00784,P0009,4,0.0,755.36,3021.44,1368.72
IT-001556,ORD-00784,P0010,2,0.1,620.96,1241.91,547.31
IT-001557,ORD-00785,P0003,1,0.2,86.3,86.3,29.32
IT-001558,ORD-00785,P0004,1,0.0,46.28,46.28,22.86
IT-001559,ORD-00786,P0015,4,0.3,728.48,2913.93,447.85
IT-001560,ORD-00787,P0004,1,0.0,46.28,46.28,22.86
IT-001561,ORD-00787,P0024,1,0.0,1045.55,1045.55,515.41
IT-001562,ORD-00788,P0015,2,0.0,1040.69,2081.38,848.34
IT-001563,ORD-00788,P0013,1,0.15,1364.45,1364.45,495.21
IT-001564,ORD-00789,P0003,1,0.15,91.69,91.69,34.71
IT-001565,ORD-00789,P0024,1,0.0,1045.55,1045.55,515.41
IT-001566,ORD-00789,P0013,1,0.0,1605.24,1605.24,736.0
IT-001567,ORD-00789,P0005,2,0.0,262.42,524.84,134.76
IT-001568,ORD-00790,P0007,2,0.0,561.14,1122.28,339.1
IT-001569,ORD-00790,P0013,2,0.0,1605.24,3210.48,1472.0
IT-001570,ORD-00791,P0004,1,0.05,43.97,43.97,20.55
IT-001571,ORD-00791,P0006,3,0.0,942.04,2826.12,1153.17
IT-001572,ORD-00792,P0006,3,0.0,942.04,2826.12,1153.17
IT-001573,ORD-00792,P0024,1,0.0,1045.55,1045.55,515.41
IT-001574,ORD-00793,P0022,1,0.0,927.66,927.66,456.51
IT-001575,ORD-00793,P0011,1,0.05,74.59,74.59,28.02
IT-001576,ORD-00793,P0001,3,0.0,966.84,2900.52,746.79
IT-001577,ORD-00794,P0012,3,0.05,469.46,1408.38,183.78
IT-001578,ORD-00794,P0006,1,0.1,847.84,847.84,290.19
IT-001579,ORD-00795,P0009,1,0.05,717.59,717.59,304.41
IT-001580,ORD-00796,P0015,5,0.15,884.59,4422.93,1340.33
IT-001581,ORD-00796,P0008,3,0.05,426.55,1279.65,191.01
IT-001582,ORD-00796,P0020,1,0.3,487.4,487.4,128.74
IT-001583,ORD-00797,P0012,1,0.1,444.75,444.75,36.55
IT-001584,ORD-00797,P0022,2,0.05,881.28,1762.55,820.25
IT-001585,ORD-00798,P0013,1,0.0,1605.24,1605.24,736.0
IT-001586,ORD-00798,P0016,1,0.0,242.3,242.3,82.14
IT-001587,ORD-00799,P0015,1,0.2,832.55,832.55,216.03
IT-001588,ORD-00799,P0007,1,0.1,505.03,505.03,113.44
IT-001589,ORD-00799,P0009,3,0.05,717.59,2152.78,913.24
IT-001590,ORD-00799,P0016,2,0.1,218.07,436.14,115.82
IT-001591,ORD-00800,P0011,5,0.0,78.52,392.6,159.75
IT-001592,ORD-00800,P0002,4,0.1,755.39,3021.55,864.83
IT-001593,ORD-00800,P0006,4,0.1,847.84,3391.34,1160.74
IT-001594,ORD-00801,P0024,1,0.15,888.72,888.72,358.58
IT-001595,ORD-00801,P0018,1,0.0,316.12,316.12,125.01
IT-001596,ORD-00801,P0004,4,0.2,37.02,148.1,54.42
IT-001597,ORD-00802,P0020,1,0.05,661.47,661.47,302.81
IT-001598,ORD-00802,P0010,1,0.3,482.96,482.96,135.66
IT-001599,ORD-00802,P0018,1,0.0,316.12,316.12,125.01
IT-001600,ORD-00802,P0024,2,0.15,888.72,1777.44,717.16
IT-001601,ORD-00803,P0020,1,0.1,626.65,626.65,267.99
IT-001602,ORD-00804,P0016,1,0.0,242.3,242.3,82.14
IT-001603,ORD-00804,P0019,1,0.0,1588.55,1588.55,715.77
IT-001604,ORD-00805,P0007,5,0.15,476.97,2384.84,426.9
IT-001605,ORD-00805,P0003,2,0.0,107.87,215.74,101.78
IT-001606,ORD-00806,P0009,1,0.05,717.59,717.59,304.41
IT-001607,ORD-00807,P0022,1,0.0,927.66,927.66,456.51
IT-001608,ORD-00807,P0001,3,0.0,966.84,2900.52,746.79
IT-001609,ORD-00807,P0006,2,0.15,800.73,1601.47,486.17
IT-001610,ORD-00808,P0013,2,0.0,1605.24,3210.48,1472.0
IT-001611,ORD-00808,P0017,2,0.0,866.66,1733.32,537.4
IT-001612,ORD-00808,P0025,1,0.0,241.5,241.5,110.37
IT-001613,ORD-00809,P0008,1,0.1,404.1,404.1,41.22
IT-001614,ORD-00809,P0018,3,0.2,252.9,758.69,185.36
IT-001615,ORD-00810,P0004,1,0.0,46.28,46.28,22.86
IT-001616,ORD-00810,P0013,4,0.2,1284.19,5136.77,1659.81
IT-001617,ORD-00810,P0006,1,0.3,659.43,659.43,101.78
IT-001618,ORD-00810,P0017,1,0.1,779.99,779.99,182.03
IT-001619,ORD-00811,P0003,3,0.1,97.08,291.25,120.31
IT-001620,ORD-00812,P0018,2,0.0,316.12,632.24,250.02
IT-001621,ORD-00812,P0011,1,0.2,62.82,62.82,16.25
IT-001622,ORD-00813,P0007,5,0.05,533.08,2665.42,707.46
IT-001623,ORD-00813,P0013,3,0.0,1605.24,4815.72,2208.0
IT-001624,ORD-00814,P0018,1,0.3,221.28,221.28,30.17
IT-001625,ORD-00815,P0004,2,0.2,37.02,74.05,27.21
IT-001626,ORD-00816,P0024,4,0.2,836.44,3345.76,1225.2
IT-001627,ORD-00816,P0001,2,0.0,966.84,1933.68,497.86
IT-001628,ORD-00816,P0004,1,0.2,37.02,37.02,13.6
IT-001629,ORD-00817,P0002,3,0.0,839.32,2517.96,900.42
IT-001630,ORD-00817,P0013,3,0.05,1524.98,4574.93,1967.21
IT-001631,ORD-00818,P0003,2,0.0,107.87,215.74,101.78
IT-001632,ORD-00818,P0011,1,0.0,78.52,78.52,31.95
IT-001633,ORD-00818,P0017,2,0.1,779.99,1559.99,364.07
IT-001634,ORD-00819,P0002,1,0.1,755.39,755.39,216.21
IT-001635,ORD-00819,P0013,2,0.2,1284.19,2568.38,829.9
IT-001636,ORD-00820,P0014,1,0.05,25.37,25.37,6.08
IT-001637,ORD-00821,P0025,2,0.0,241.5,483.0,220.74
IT-001638,ORD-00822,P0016,1,0.05,230.18,230.18,70.03
IT-001639,ORD-00823,P0005,1,0.0,262.42,262.42,67.38
IT-001640,ORD-00823,P0025,3,0.0,241.5,724.5,331.11
IT-001641,ORD-00823,P0016,4,0.0,242.3,969.2,328.56
IT-001642,ORD-00823,P0015,2,0.1,936.62,1873.24,640.2
IT-001643,ORD-00824,P0008,1,0.1,404.1,404.1,41.22
IT-001644,ORD-00825,P0003,1,0.2,86.3,86.3,29.32
IT-001645,ORD-00825,P0022,1,0.0,927.66,927.66,456.51
IT-001646,ORD-00825,P0018,1,0.1,284.51,284.51,93.4
IT-001647,ORD-00825,P0009,1,0.0,755.36,755.36,342.18
IT-001648,ORD-00826,P0018,4,0.0,316.12,1264.48,500.04
IT-001649,ORD-00826,P0008,1,0.1,404.1,404.1,41.22
IT-001650,ORD-00826,P0024,1,0.15,888.72,888.72,358.58
IT-001651,ORD-00826,P0021,1,0.0,1054.86,1054.86,224.78
IT-001652,ORD-00827,P0014,5,0.15,22.7,113.52,17.07
IT-001653,ORD-00827,P0008,1,0.05,426.55,426.55,63.67
IT-001654,ORD-00827,P0010,2,0.05,655.45,1310.9,616.3
IT-001655,ORD-00827,P0012,1,0.0,494.17,494.17,85.97
IT-001656,ORD-00828,P0025,1,0.0,241.5,241.5,110.37
IT-001657,ORD-00828,P0015,4,0.1,936.62,3746.48,1280.4
IT-001658,ORD-00829,P0019,1,0.2,1270.84,1270.84,398.06
IT-001659,ORD-00829,P0022,1,0.0,927.66,927.66,456.51
IT-001660,ORD-00829,P0002,3,0.1,755.39,2266.16,648.62
IT-001661,ORD-00829,P0009,2,0.15,642.06,1284.11,457.75
IT-001662,ORD-00830,P0013,1,0.0,1605.24,1605.24,736.0
IT-001663,ORD-00831,P0012,1,0.0,494.17,494.17,85.97
IT-001664,ORD-00832,P0004,2,0.05,43.97,87.93,41.09
IT-001665,ORD-00833,P0001,1,0.0,966.84,966.84,248.93
IT-001666,ORD-00833,P0013,3,0.3,1123.67,3371.0,763.28
IT-001667,ORD-00833,P0005,2,0.2,209.94,419.87,29.79
IT-001668,ORD-00833,P0020,5,0.0,696.28,3481.4,1688.1
IT-001669,ORD-00834,P0001,3,0.15,821.81,2465.44,311.71
IT-001670,ORD-00835,P0016,2,0.0,242.3,484.6,164.28
IT-001671,ORD-00835,P0006,2,0.2,753.63,1507.26,391.96
IT-001672,ORD-00836,P0016,3,0.0,242.3,726.9,246.42
IT-001673,ORD-00837,P0011,1,0.0,78.52,78.52,31.95
IT-001674,ORD-00838,P0001,1,0.0,966.84,966.84,248.93
IT-001675,ORD-00839,P0013,1,0.0,1605.24,1605.24,736.0
IT-001676,ORD-00839,P0007,1,0.05,533.08,533.08,141.49
IT-001677,ORD-00839,P0008,1,0.0,449.0,449.0,86.12
IT-001678,ORD-00840,P0020,2,0.0,696.28,1392.56,675.24
IT-001679,ORD-00840,P0002,1,0.3,587.52,587.52,48.34
IT-001680,ORD-00841,P0025,2,0.05,229.42,458.85,196.59
IT-001681,ORD-00841,P0019,4,0.2,1270.84,5083.36,1592.24
IT-001682,ORD-00841,P0003,2,0.0,107.87,215.74,101.78
IT-001683,ORD-00842,P0016,1,0.1,218.07,218.07,57.91
IT-001684,ORD-00842,P0014,1,0.05,25.37,25.37,6.08
IT-001685,ORD-00843,P0021,1,0.0,1054.86,1054.86,224.78
IT-001686,ORD-00843,P0008,2,0.0,449.0,898.0,172.24
IT-001687,ORD-00843,P0010,1,0.2,551.96,551.96,204.66
IT-001688,ORD-00843,P0016,1,0.0,242.3,242.3,82.14
IT-001689,ORD-00844,P0022,1,0.0,927.66,927.66,456.51
IT-001690,ORD-00844,P0001,1,0.0,966.84,966.84,248.93
IT-001691,ORD-00845,P0020,1,0.15,591.84,591.84,233.18
IT-001692,ORD-00845,P0002,1,0.0,839.32,839.32,300.14
IT-001693,ORD-00846,P0006,1,0.0,942.04,942.04,384.39
IT-001694,ORD-00846,P0015,1,0.2,832.55,832.55,216.03
IT-001695,ORD-00847,P0001,3,0.0,966.84,2900.52,746.79
IT-001696,ORD-00847,P0024,1,0.05,993.27,993.27,463.13
IT-001697,ORD-00848,P0022,5,0.0,927.66,4638.3,2282.55
IT-001698,ORD-00848,P0025,5,0.3,169.05,845.25,189.6
IT-001699,ORD-00848,P0007,1,0.2,448.91,448.91,57.32
IT-001700,ORD-00849,P0018,3,0.05,300.31,900.94,327.61
IT-001701,ORD-00849,P0022,1,0.2,742.13,742.13,270.98
IT-001702,ORD-00850,P0008,1,0.0,449.0,449.0,86.12
IT-001703,ORD-00850,P0023,2,0.0,500.04,1000.08,294.34
IT-001704,ORD-00850,P0019,2,0.1,1429.7,2859.39,1113.83
IT-001705,ORD-00851,P0005,2,0.05,249.3,498.6,108.52
IT-001706,ORD-00851,P0019,4,0.0,1588.55,6354.2,2863.08
IT-001707,ORD-00851,P0016,1,0.0,242.3,242.3,82.14
IT-001708,ORD-00852,P0021,1,0.0,1054.86,1054.86,224.78
IT-001709,ORD-00853,P0012,2,0.05,469.46,938.92,122.52
IT-001710,ORD-00853,P0018,5,0.0,316.12,1580.6,625.05
IT-001711,ORD-00854,P0024,5,0.0,1045.55,5227.75,2577.05
IT-001712,ORD-00855,P0018,2,0.05,300.31,600.63,218.41
IT-001713,ORD-00855,P0008,1,0.0,449.0,449.0,86.12
IT-001714,ORD-00856,P0020,1,0.0,696.28,696.28,337.62
IT-001715,ORD-00856,P0017,3,0.0,866.66,2599.98,806.1
IT-001716,ORD-00857,P0006,2,0.05,894.94,1789.88,674.58
IT-001717,ORD-00857,P0023,1,0.05,475.04,475.04,122.17
IT-001718,ORD-00857,P0021,1,0.05,1002.12,1002.12,172.04
IT-001719,ORD-00857,P0024,2,0.0,1045.55,2091.1,1030.82
IT-001720,ORD-00858,P0016,1,0.0,242.3,242.3,82.14
IT-001721,ORD-00859,P0025,3,0.0,241.5,724.5,331.11
IT-001722,ORD-00860,P0018,2,0.0,316.12,632.24,250.02
IT-001723,ORD-00861,P0017,1,0.1,779.99,779.99,182.03
IT-001724,ORD-00862,P0020,1,0.0,696.28,696.28,337.62
IT-001725,ORD-00862,P0013,1,0.05,1524.98,1524.98,655.74
IT-001726,ORD-00862,P0012,3,0.1,444.75,1334.26,109.66
IT-001727,ORD-00863,P0009,1,0.2,604.29,604.29,191.11
IT-001728,ORD-00863,P0013,1,0.1,1444.72,1444.72,575.48
IT-001729,ORD-00863,P0014,3,0.05,25.37,76.12,18.25
IT-001730,ORD-00864,P0010,2,0.05,655.45,1310.9,616.3
IT-001731,ORD-00864,P0006,2,0.0,942.04,1884.08,768.78
IT-001732,ORD-00865,P0004,1,0.0,46.28,46.28,22.86
IT-001733,ORD-00865,P0008,5,0.0,449.0,2245.0,430.6
IT-001734,ORD-00865,P0019,1,0.2,1270.84,1270.84,398.06
IT-001735,ORD-00866,P0007,1,0.0,561.14,561.14,169.55
IT-001736,ORD-00867,P0020,1,0.05,661.47,661.47,302.81
IT-001737,ORD-00868,P0021,3,0.05,1002.12,3006.35,516.11
IT-001738,ORD-00869,P0016,3,0.15,205.96,617.86,137.39
IT-001739,ORD-00869,P0019,2,0.2,1270.84,2541.68,796.12
IT-001740,ORD-00869,P0020,1,0.0,696.28,696.28,337.62
IT-001741,ORD-00870,P0017,1,0.1,779.99,779.99,182.03
IT-001742,ORD-00870,P0013,4,0.15,1364.45,5457.82,1980.86
IT-001743,ORD-00871,P0003,1,0.15,91.69,91.69,34.71
IT-001744,ORD-00871,P0017,1,0.0,866.66,866.66,268.7
IT-001745,ORD-00872,P0007,1,0.15,476.97,476.97,85.38
IT-001746,ORD-00873,P0004,1,0.05,43.97,43.97,20.55
IT-001747,ORD-00874,P0025,2,0.05,229.42,458.85,196.59
IT-001748,ORD-00874,P0024,4,0.0,1045.55,4182.2,2061.64
IT-001749,ORD-00874,P0004,3,0.0,46.28,138.84,68.58
IT-001750,ORD-00874,P0009,1,0.0,755.36,755.36,342.18
IT-001751,ORD-00875,P0020,4,0.0,696.28,2785.12,1350.48
IT-001752,ORD-00876,P0010,2,0.2,551.96,1103.92,409.32
IT-001753,ORD-00876,P0004,1,0.0,46.28,46.28,22.86
IT-001754,ORD-00876,P0006,4,0.0,942.04,3768.16,1537.56
IT-001755,ORD-00877,P0023,2,0.05,475.04,950.08,244.34
IT-001756,ORD-00878,P0005,5,0.0,262.42,1312.1,336.9
IT-001757,ORD-00879,P0003,1,0.1,97.08,97.08,40.1
IT-001758,ORD-00879,P0018,1,0.0,316.12,316.12,125.01
IT-001759,ORD-00880,P0020,1,0.0,696.28,696.28,337.62
IT-001760,ORD-00881,P0023,3,0.1,450.04,1350.11,291.5
IT-001761,ORD-00881,P0005,2,0.0,262.42,524.84,134.76
IT-001762,ORD-00882,P0004,1,0.0,46.28,46.28,22.86
IT-001763,ORD-00882,P0007,1,0.15,476.97,476.97,85.38
IT-001764,ORD-00883,P0006,2,0.0,942.04,1884.08,768.78
IT-001765,ORD-00883,P0003,1,0.0,107.87,107.87,50.89
IT-001766,ORD-00884,P0010,1,0.0,689.95,689.95,342.65
IT-001767,ORD-00884,P0011,3,0.15,66.74,200.23,60.52
IT-001768,ORD-00884,P0002,5,0.0,839.32,4196.6,1500.7
IT-001769,ORD-00885,P0008,1,0.2,359.2,359.2,-3.68
IT-001770,ORD-00885,P0003,2,0.1,97.08,194.17,80.21
IT-001771,ORD-00886,P0019,1,0.15,1350.27,1350.27,477.49
IT-001772,ORD-00887,P0023,2,0.0,500.04,1000.08,294.34
IT-001773,ORD-00887,P0002,1,0.2,671.46,671.46,132.28
IT-001774,ORD-00888,P0020,1,0.0,696.28,696.28,337.62
IT-001775,ORD-00888,P0009,1,0.15,642.06,642.06,228.88
IT-001776,ORD-00889,P0006,2,0.0,942.04,1884.08,768.78
IT-001777,ORD-00890,P0020,1,0.0,696.28,696.28,337.62
IT-001778,ORD-00890,P0017,2,0.1,779.99,1559.99,364.07
IT-001779,ORD-00890,P0025,1,0.1,217.35,217.35,86.22
IT-001780,ORD-00891,P0001,4,0.0,966.84,3867.36,995.72
IT-001781,ORD-00891,P0025,3,0.0,241.5,724.5,331.11
IT-001782,ORD-00892,P0001,2,0.0,966.84,1933.68,497.86
IT-001783,ORD-00892,P0004,2,0.0,46.28,92.56,45.72
IT-001784,ORD-00892,P0016,3,0.3,169.61,508.83,28.35
IT-001785,ORD-00893,P0025,3,0.15,205.28,615.83,222.44
IT-001786,ORD-00893,P0009,1,0.15,642.06,642.06,228.88
IT-001787,ORD-00893,P0024,2,0.0,1045.55,2091.1,1030.82
IT-001788,ORD-00894,P0016,2,0.0,242.3,484.6,164.28
IT-001789,ORD-00894,P0011,1,0.0,78.52,78.52,31.95
IT-001790,ORD-00895,P0025,4,0.0,241.5,966.0,441.48
IT-001791,ORD-00895,P0008,1,0.0,449.0,449.0,86.12
IT-001792,ORD-00896,P0019,3,0.15,1350.27,4050.8,1432.46
IT-001793,ORD-00896,P0020,1,0.15,591.84,591.84,233.18
IT-001794,ORD-00897,P0003,1,0.0,107.87,107.87,50.89
IT-001795,ORD-00897,P0016,4,0.0,242.3,969.2,328.56
IT-001796,ORD-00898,P0012,1,0.15,420.04,420.04,11.84
IT-001797,ORD-00898,P0004,1,0.05,43.97,43.97,20.55
IT-001798,ORD-00898,P0002,1,0.0,839.32,839.32,300.14
IT-001799,ORD-00899,P0002,4,0.2,671.46,2685.82,529.1
IT-001800,ORD-00899,P0018,3,0.1,284.51,853.52,280.19
IT-001801,ORD-00899,P0024,1,0.05,993.27,993.27,463.13
IT-001802,ORD-00900,P0009,5,0.0,755.36,3776.8,1710.9
IT-001803,ORD-00901,P0007,2,0.05,533.08,1066.17,282.99
IT-001804,ORD-00901,P0012,4,0.2,395.34,1581.34,-51.46
IT-001805,ORD-00902,P0006,1,0.0,942.04,942.04,384.39
IT-001806,ORD-00902,P0025,1,0.0,241.5,241.5,110.37
IT-001807,ORD-00902,P0001,1,0.15,821.81,821.81,103.9
IT-001808,ORD-00902,P0021,3,0.0,1054.86,3164.58,674.34
IT-001809,ORD-00903,P0022,2,0.0,927.66,1855.32,913.02
IT-001810,ORD-00903,P0017,1,0.2,693.33,693.33,95.37
IT-001811,ORD-00904,P0010,1,0.1,620.96,620.96,273.66
IT-001812,ORD-00904,P0005,3,0.0,262.42,787.26,202.14
IT-001813,ORD-00904,P0007,2,0.1,505.03,1010.05,226.87
IT-001814,ORD-00905,P0025,3,0.0,241.5,724.5,331.11
IT-001815,ORD-00905,P0013,5,0.2,1284.19,6420.96,2074.76
IT-001816,ORD-00905,P0018,5,0.2,252.9,1264.48,308.93
IT-001817,ORD-00906,P0010,2,0.05,655.45,1310.9,616.3
IT-001818,ORD-00907,P0021,5,0.0,1054.86,5274.3,1123.9
IT-001819,ORD-00908,P0014,1,0.1,24.04,24.04,4.75
IT-001820,ORD-00908,P0015,1,0.2,832.55,832.55,216.03
IT-001821,ORD-00909,P0020,1,0.0,696.28,696.28,337.62
IT-001822,ORD-00909,P0025,2,0.0,241.5,483.0,220.74
IT-001823,ORD-00910,P0003,2,0.0,107.87,215.74,101.78
IT-001824,ORD-00910,P0014,5,0.2,21.37,106.84,10.39
IT-001825,ORD-00911,P0003,1,0.05,102.48,102.48,45.5
IT-001826,ORD-00911,P0021,1,0.1,949.37,949.37,119.29
IT-001827,ORD-00912,P0006,1,0.0,942.04,942.04,384.39
IT-001828,ORD-00912,P0009,1,0.0,755.36,755.36,342.18
IT-001829,ORD-00912,P0004,2,0.05,43.97,87.93,41.09
IT-001830,ORD-00913,P0020,1,0.0,696.28,696.28,337.62
IT-001831,ORD-00914,P0010,1,0.2,551.96,551.96,204.66
IT-001832,ORD-00915,P0017,1,0.05,823.33,823.33,225.37
IT-001833,ORD-00916,P0016,1,0.0,242.3,242.3,82.14
IT-001834,ORD-00916,P0025,3,0.0,241.5,724.5,331.11
IT-001835,ORD-00917,P0017,1,0.0,866.66,866.66,268.7
IT-001836,ORD-00918,P0021,2,0.15,896.63,1793.26,133.1
IT-001837,ORD-00918,P0016,1,0.0,242.3,242.3,82.14
IT-001838,ORD-00919,P0024,1,0.15,888.72,888.72,358.58
IT-001839,ORD-00920,P0025,2,0.0,241.5,483.0,220.74
IT-001840,ORD-00920,P0006,1,0.0,942.04,942.04,384.39
IT-001841,ORD-00921,P0001,1,0.1,870.16,870.16,152.25
IT-001842,ORD-00922,P0024,1,0.1,941.0,941.0,410.86
IT-001843,ORD-00922,P0003,1,0.0,107.87,107.87,50.89
IT-001844,ORD-00923,P0008,1,0.3,314.3,314.3,-48.58
IT-001845,ORD-00923,P0003,1,0.0,107.87,107.87,50.89
IT-001846,ORD-00924,P0021,3,0.3,738.4,2215.21,-275.03
IT-001847,ORD-00925,P0023,2,0.05,475.04,950.08,244.34
IT-001848,ORD-00925,P0010,1,0.0,689.95,689.95,342.65
IT-001849,ORD-00925,P0004,2,0.05,43.97,87.93,41.09
IT-001850,ORD-00926,P0007,3,0.3,392.8,1178.39,3.62
IT-001851,ORD-00927,P0018,4,0.05,300.31,1201.26,436.82
IT-001852,ORD-00927,P0022,2,0.2,742.13,1484.26,541.96
IT-001853,ORD-00928,P0005,1,0.2,209.94,209.94,14.9
IT-001854,ORD-00928,P0002,4,0.0,839.32,3357.28,1200.56
IT-001855,ORD-00928,P0021,1,0.0,1054.86,1054.86,224.78
IT-001856,ORD-00928,P0024,1,0.15,888.72,888.72,358.58
IT-001857,ORD-00929,P0023,1,0.0,500.04,500.04,147.17
IT-001858,ORD-00929,P0025,5,0.05,229.42,1147.12,491.47
IT-001859,ORD-00930,P0023,1,0.05,475.04,475.04,122.17
IT-001860,ORD-00930,P0021,1,0.2,843.89,843.89,13.81
IT-001861,ORD-00930,P0012,1,0.15,420.04,420.04,11.84
IT-001862,ORD-00931,P0002,3,0.0,839.32,2517.96,900.42
IT-001863,ORD-00932,P0016,1,0.05,230.18,230.18,70.03
IT-001864,ORD-00932,P0008,1,0.0,449.0,449.0,86.12
IT-001865,ORD-00933,P0024,1,0.15,888.72,888.72,358.58
IT-001866,ORD-00933,P0007,1,0.1,505.03,505.03,113.44
IT-001867,ORD-00934,P0004,1,0.0,46.28,46.28,22.86
IT-001868,ORD-00935,P0010,1,0.3,482.96,482.96,135.66
IT-001869,ORD-00935,P0021,3,0.0,1054.86,3164.58,674.34
IT-001870,ORD-00936,P0005,3,0.2,209.94,629.81,44.69
IT-001871,ORD-00937,P0001,1,0.0,966.84,966.84,248.93
IT-001872,ORD-00937,P0013,2,0.0,1605.24,3210.48,1472.0
IT-001873,ORD-00938,P0004,2,0.0,46.28,92.56,45.72
IT-001874,ORD-00938,P0010,1,0.0,689.95,689.95,342.65
IT-001875,ORD-00938,P0024,1,0.0,1045.55,1045.55,515.41
IT-001876,ORD-00938,P0018,1,0.05,300.31,300.31,109.2
IT-001877,ORD-00939,P0019,1,0.2,1270.84,1270.84,398.06
IT-001878,ORD-00940,P0013,1,0.0,1605.24,1605.24,736.0
IT-001879,ORD-00941,P0015,1,0.0,1040.69,1040.69,424.17
IT-001880,ORD-00941,P0012,1,0.0,494.17,494.17,85.97
IT-001881,ORD-00942,P0016,2,0.2,193.84,387.68,67.36
IT-001882,ORD-00942,P0019,2,0.0,1588.55,3177.1,1431.54
IT-001883,ORD-00943,P0024,1,0.05,993.27,993.27,463.13
IT-001884,ORD-00943,P0004,2,0.1,41.65,83.3,36.46
IT-001885,ORD-00943,P0013,5,0.15,1364.45,6822.27,2476.07
IT-001886,ORD-00944,P0003,5,0.05,102.48,512.38,227.48
IT-001887,ORD-00944,P0023,2,0.1,450.04,900.07,194.33
IT-001888,ORD-00945,P0009,1,0.0,755.36,755.36,342.18
IT-001889,ORD-00946,P0013,5,0.1,1444.72,7223.58,2877.38
IT-001890,ORD-00946,P0017,1,0.0,866.66,866.66,268.7
IT-001891,ORD-00947,P0009,2,0.1,679.82,1359.65,533.29
IT-001892,ORD-00947,P0025,3,0.15,205.28,615.83,222.44
IT-001893,ORD-00947,P0013,1,0.1,1444.72,1444.72,575.48
IT-001894,ORD-00948,P0020,5,0.1,626.65,3133.26,1339.96
IT-001895,ORD-00948,P0021,4,0.0,1054.86,4219.44,899.12
IT-001896,ORD-00949,P0019,2,0.0,1588.55,3177.1,1431.54
IT-001897,ORD-00949,P0021,2,0.1,949.37,1898.75,238.59
IT-001898,ORD-00950,P0013,1,0.2,1284.19,1284.19,414.95
IT-001899,ORD-00951,P0004,4,0.2,37.02,148.1,54.42
IT-001900,ORD-00952,P0007,2,0.0,561.14,1122.28,339.1
IT-001901,ORD-00953,P0014,2,0.0,26.71,53.42,14.84
IT-001902,ORD-00953,P0008,4,0.2,359.2,1436.8,-14.72
IT-001903,ORD-00954,P0018,1,0.0,316.12,316.12,125.01
IT-001904,ORD-00954,P0010,3,0.05,655.45,1966.36,924.46
IT-001905,ORD-00954,P0017,1,0.15,736.66,736.66,138.7
IT-001906,ORD-00954,P0019,3,0.05,1509.12,4527.37,1909.03
IT-001907,ORD-00955,P0012,3,0.1,444.75,1334.26,109.66
IT-001908,ORD-00955,P0005,3,0.0,262.42,787.26,202.14
IT-001909,ORD-00956,P0019,2,0.15,1350.27,2700.54,954.97
IT-001910,ORD-00957,P0020,2,0.05,661.47,1322.93,605.61
IT-001911,ORD-00958,P0025,3,0.2,193.2,579.6,186.21
IT-001912,ORD-00959,P0014,2,0.05,25.37,50.75,12.17
IT-001913,ORD-00959,P0018,1,0.0,316.12,316.12,125.01
IT-001914,ORD-00960,P0015,4,0.0,1040.69,4162.76,1696.68
IT-001915,ORD-00960,P0025,2,0.05,229.42,458.85,196.59
IT-001916,ORD-00961,P0012,2,0.15,420.04,840.09,23.69
IT-001917,ORD-00962,P0020,4,0.0,696.28,2785.12,1350.48
IT-001918,ORD-00962,P0004,1,0.0,46.28,46.28,22.86
IT-001919,ORD-00963,P0006,1,0.0,942.04,942.04,384.39
IT-001920,ORD-00964,P0006,2,0.0,942.04,1884.08,768.78
IT-001921,ORD-00965,P0012,1,0.1,444.75,444.75,36.55
IT-001922,ORD-00966,P0001,1,0.1,870.16,870.16,152.25
IT-001923,ORD-00967,P0008,2,0.2,359.2,718.4,-7.36
IT-001924,ORD-00968,P0001,2,0.05,918.5,1837.0,401.18
IT-001925,ORD-00969,P0008,1,0.15,381.65,381.65,18.77
IT-001926,ORD-00969,P0019,1,0.0,1588.55,1588.55,715.77
IT-001927,ORD-00969,P0012,2,0.15,420.04,840.09,23.69
IT-001928,ORD-00970,P0016,2,0.0,242.3,484.6,164.28
IT-001929,ORD-00970,P0009,1,0.0,755.36,755.36,342.18
IT-001930,ORD-00971,P0007,2,0.0,561.14,1122.28,339.1
IT-001931,ORD-00971,P0010,2,0.0,689.95,1379.9,685.3
IT-001932,ORD-00972,P0024,2,0.0,1045.55,2091.1,1030.82
IT-001933,ORD-00972,P0017,3,0.0,866.66,2599.98,806.1
IT-001934,ORD-00972,P0005,1,0.05,249.3,249.3,54.26
IT-001935,ORD-00973,P0024,1,0.2,836.44,836.44,306.3
IT-001936,ORD-00974,P0007,1,0.0,561.14,561.14,169.55
IT-001937,ORD-00974,P0020,1,0.0,696.28,696.28,337.62
IT-001938,ORD-00974,P0006,1,0.05,894.94,894.94,337.29
IT-001939,ORD-00975,P0001,3,0.0,966.84,2900.52,746.79
IT-001940,ORD-00976,P0015,1,0.2,832.55,832.55,216.03
IT-001941,ORD-00976,P0014,1,0.05,25.37,25.37,6.08
IT-001942,ORD-00977,P0012,4,0.0,494.17,1976.68,343.88
IT-001943,ORD-00977,P0011,2,0.05,74.59,149.19,56.05
IT-001944,ORD-00978,P0012,3,0.15,420.04,1260.13,35.53
IT-001945,ORD-00979,P0006,3,0.1,847.84,2543.51,870.56
IT-001946,ORD-00979,P0019,1,0.2,1270.84,1270.84,398.06
IT-001947,ORD-00979,P0018,5,0.2,252.9,1264.48,308.93
IT-001948,ORD-00979,P0015,2,0.0,1040.69,2081.38,848.34
IT-001949,ORD-00980,P0004,1,0.2,37.02,37.02,13.6
IT-001950,ORD-00981,P0024,3,0.0,1045.55,3136.65,1546.23
IT-001951,ORD-00982,P0010,2,0.1,620.96,1241.91,547.31
IT-001952,ORD-00983,P0024,1,0.0,1045.55,1045.55,515.41
IT-001953,ORD-00984,P0016,3,0.05,230.18,690.56,210.08
IT-001954,ORD-00985,P0001,2,0.3,676.79,1353.58,-82.24
IT-001955,ORD-00986,P0014,2,0.0,26.71,53.42,14.84
IT-001956,ORD-00987,P0005,2,0.0,262.42,524.84,134.76
IT-001957,ORD-00987,P0018,1,0.05,300.31,300.31,109.2
IT-001958,ORD-00987,P0010,1,0.1,620.96,620.96,273.66
IT-001959,ORD-00988,P0016,1,0.0,242.3,242.3,82.14
IT-001960,ORD-00989,P0010,5,0.0,689.95,3449.75,1713.25
IT-001961,ORD-00990,P0002,1,0.05,797.35,797.35,258.17
IT-001962,ORD-00990,P0022,1,0.0,927.66,927.66,456.51
IT-001963,ORD-00991,P0011,1,0.0,78.52,78.52,31.95
IT-001964,ORD-00991,P0006,1,0.0,942.04,942.04,384.39
IT-001965,ORD-00991,P0023,1,0.05,475.04,475.04,122.17
IT-001966,ORD-00991,P0004,1,0.0,46.28,46.28,22.86
IT-001967,ORD-00992,P0001,5,0.0,966.84,4834.2,1244.65
IT-001968,ORD-00993,P0006,1,0.0,942.04,942.04,384.39
IT-001969,ORD-00994,P0004,2,0.3,32.4,64.79,17.95
IT-001970,ORD-00994,P0011,1,0.1,70.67,70.67,24.1
IT-001971,ORD-00994,P0012,1,0.0,494.17,494.17,85.97
IT-001972,ORD-00994,P0015,3,0.1,936.62,2809.86,960.3
IT-001973,ORD-00995,P0018,2,0.2,252.9,505.79,123.57
IT-001974,ORD-00996,P0002,2,0.1,755.39,1510.78,432.42
IT-001975,ORD-00996,P0014,1,0.1,24.04,24.04,4.75
IT-001976,ORD-00997,P0011,2,0.0,78.52,157.04,63.9
IT-001977,ORD-00998,P0024,1,0.05,993.27,993.27,463.13
IT-001978,ORD-00998,P0019,1,0.15,1350.27,1350.27,477.49
IT-001979,ORD-00998,P0001,1,0.2,773.47,773.47,55.56
IT-001980,ORD-00998,P0016,2,0.0,242.3,484.6,164.28
IT-001981,ORD-00999,P0022,2,0.0,927.66,1855.32,913.02
IT-001982,ORD-00999,P0008,2,0.05,426.55,853.1,127.34
IT-001983,ORD-00999,P0018,1,0.05,300.31,300.31,109.2
IT-001984,ORD-00999,P0007,1,0.05,533.08,533.08,141.49
IT-001985,ORD-01000,P0014,1,0.05,25.37,25.37,6.08
IT-001986,ORD-01000,P0018,2,0.0,316.12,632.24,250.02
IT-001987,ORD-01000,P0012,4,0.05,469.46,1877.85,245.05
IT-001988,ORD-01001,P0010,1,0.0,689.95,689.95,342.65
IT-001989,ORD-01002,P0008,3,0.0,449.0,1347.0,258.36
IT-001990,ORD-01002,P0013,1,0.0,1605.24,1605.24,736.0
IT-001991,ORD-01003,P0018,1,0.0,316.12,316.12,125.01
IT-001992,ORD-01004,P0011,2,0.0,78.52,157.04,63.9
IT-001993,ORD-01004,P0012,1,0.2,395.34,395.34,-12.86
IT-001994,ORD-01004,P0002,1,0.2,671.46,671.46,132.28
IT-001995,ORD-01005,P0013,1,0.2,1284.19,1284.19,414.95
IT-001996,ORD-01005,P0017,1,0.0,866.66,866.66,268.7
IT-001997,ORD-01005,P0021,4,0.0,1054.86,4219.44,899.12
IT-001998,ORD-01006,P0003,5,0.3,75.51,377.54,92.65
IT-001999,ORD-01006,P0011,2,0.0,78.52,157.04,63.9
IT-002000,ORD-01007,P0021,1,0.05,1002.12,1002.12,172.04
IT-002001,ORD-01007,P0001,1,0.2,773.47,773.47,55.56
IT-002002,ORD-01008,P0022,3,0.3,649.36,1948.09,534.64
IT-002003,ORD-01009,P0014,2,0.0,26.71,53.42,14.84
IT-002004,ORD-01009,P0022,1,0.1,834.89,834.89,363.74
IT-002005,ORD-01010,P0019,1,0.0,1588.55,1588.55,715.77
IT-002006,ORD-01010,P0012,1,0.1,444.75,444.75,36.55
IT-002007,ORD-01011,P0001,1,0.15,821.81,821.81,103.9
IT-002008,ORD-01012,P0022,1,0.1,834.89,834.89,363.74
IT-002009,ORD-01013,P0024,1,0.05,993.27,993.27,463.13
IT-002010,ORD-01014,P0008,3,0.15,381.65,1144.95,56.31
IT-002011,ORD-01014,P0002,1,0.0,839.32,839.32,300.14
IT-002012,ORD-01014,P0007,1,0.05,533.08,533.08,141.49
IT-002013,ORD-01015,P0015,2,0.1,936.62,1873.24,640.2
IT-002014,ORD-01015,P0012,1,0.0,494.17,494.17,85.97
IT-002015,ORD-01015,P0003,2,0.0,107.87,215.74,101.78
IT-002016,ORD-01016,P0015,4,0.15,884.59,3538.35,1072.27
IT-002017,ORD-01016,P0002,2,0.1,755.39,1510.78,432.42
IT-002018,ORD-01016,P0003,1,0.05,102.48,102.48,45.5
IT-002019,ORD-01016,P0012,4,0.0,494.17,1976.68,343.88
IT-002020,ORD-01017,P0019,3,0.1,1429.7,4289.08,1670.74
IT-002021,ORD-01017,P0018,1,0.05,300.31,300.31,109.2
IT-002022,ORD-01018,P0006,1,0.0,942.04,942.04,384.39
IT-002023,ORD-01018,P0011,2,0.0,78.52,157.04,63.9
IT-002024,ORD-01019,P0002,1,0.0,839.32,839.32,300.14
IT-002025,ORD-01020,P0016,2,0.0,242.3,484.6,164.28
IT-002026,ORD-01020,P0004,3,0.1,41.65,124.96,54.7
IT-002027,ORD-01020,P0012,3,0.05,469.46,1408.38,183.78
IT-002028,ORD-01020,P0025,4,0.1,217.35,869.4,344.88
IT-002029,ORD-01021,P0021,1,0.0,1054.86,1054.86,224.78
IT-002030,ORD-01021,P0010,2,0.0,689.95,1379.9,685.3
IT-002031,ORD-01022,P0002,1,0.0,839.32,839.32,300.14
IT-002032,ORD-01022,P0001,1,0.0,966.84,966.84,248.93
IT-002033,ORD-01023,P0014,4,0.3,18.7,74.79,-2.37
IT-002034,ORD-01023,P0007,3,0.05,533.08,1599.25,424.48
IT-002035,ORD-01024,P0009,1,0.1,679.82,679.82,266.64
IT-002036,ORD-01024,P0024,1,0.2,836.44,836.44,306.3
IT-002037,ORD-01024,P0022,1,0.1,834.89,834.89,363.74
IT-002038,ORD-01025,P0025,2,0.0,241.5,483.0,220.74
IT-002039,ORD-01026,P0018,1,0.1,284.51,284.51,93.4
IT-002040,ORD-01027,P0005,1,0.2,209.94,209.94,14.9
IT-002041,ORD-01027,P0013,1,0.0,1605.24,1605.24,736.0
IT-002042,ORD-01028,P0005,3,0.3,183.69,551.08,-34.04
IT-002043,ORD-01028,P0016,1,0.0,242.3,242.3,82.14
IT-002044,ORD-01028,P0021,2,0.1,949.37,1898.75,238.59
IT-002045,ORD-01029,P0019,1,0.0,1588.55,1588.55,715.77
IT-002046,ORD-01029,P0001,1,0.0,966.84,966.84,248.93
IT-002047,ORD-01030,P0022,4,0.2,742.13,2968.51,1083.91
IT-002048,ORD-01030,P0020,1,0.0,696.28,696.28,337.62
IT-002049,ORD-01031,P0023,1,0.0,500.04,500.04,147.17
IT-002050,ORD-01032,P0017,5,0.0,866.66,4333.3,1343.5
IT-002051,ORD-01032,P0008,2,0.0,449.0,898.0,172.24
IT-002052,ORD-01033,P0019,3,0.1,1429.7,4289.08,1670.74
IT-002053,ORD-01033,P0014,4,0.0,26.71,106.84,29.68
IT-002054,ORD-01034,P0010,1,0.2,551.96,551.96,204.66
IT-002055,ORD-01034,P0005,1,0.0,262.42,262.42,67.38
IT-002056,ORD-01035,P0004,1,0.0,46.28,46.28,22.86
IT-002057,ORD-01036,P0006,1,0.0,942.04,942.04,384.39
IT-002058,ORD-01036,P0025,2,0.1,217.35,434.7,172.44
IT-002059,ORD-01036,P0011,1,0.2,62.82,62.82,16.25
IT-002060,ORD-01036,P0020,1,0.1,626.65,626.65,267.99
IT-002061,ORD-01037,P0008,1,0.0,449.0,449.0,86.12
IT-002062,ORD-01037,P0001,1,0.0,966.84,966.84,248.93
IT-002063,ORD-01038,P0004,1,0.05,43.97,43.97,20.55
IT-002064,ORD-01038,P0012,2,0.1,444.75,889.51,73.11
IT-002065,ORD-01038,P0007,2,0.2,448.91,897.82,114.64
IT-002066,ORD-01039,P0022,3,0.2,742.13,2226.38,812.93
IT-002067,ORD-01040,P0002,1,0.1,755.39,755.39,216.21
IT-002068,ORD-01041,P0014,3,0.1,24.04,72.12,14.25
IT-002069,ORD-01041,P0023,3,0.0,500.04,1500.12,441.51
IT-002070,ORD-01041,P0007,3,0.05,533.08,1599.25,424.48
IT-002071,ORD-01042,P0010,2,0.0,689.95,1379.9,685.3
IT-002072,ORD-01043,P0016,1,0.0,242.3,242.3,82.14
IT-002073,ORD-01043,P0010,1,0.1,620.96,620.96,273.66
IT-002074,ORD-01044,P0014,1,0.0,26.71,26.71,7.42
IT-002075,ORD-01044,P0004,1,0.0,46.28,46.28,22.86
IT-002076,ORD-01045,P0015,2,0.0,1040.69,2081.38,848.34
IT-002077,ORD-01045,P0016,1,0.15,205.96,205.96,45.8
IT-002078,ORD-01045,P0024,1,0.0,1045.55,1045.55,515.41
IT-002079,ORD-01046,P0012,2,0.0,494.17,988.34,171.94
IT-002080,ORD-01047,P0023,1,0.0,500.04,500.04,147.17
IT-002081,ORD-01048,P0025,1,0.15,205.28,205.28,74.15
IT-002082,ORD-01048,P0004,1,0.0,46.28,46.28,22.86
IT-002083,ORD-01048,P0012,2,0.0,494.17,988.34,171.94
IT-002084,ORD-01048,P0014,2,0.3,18.7,37.39,-1.19
IT-002085,ORD-01049,P0014,5,0.0,26.71,133.55,37.1
IT-002086,ORD-01049,P0025,1,0.0,241.5,241.5,110.37
IT-002087,ORD-01050,P0002,1,0.0,839.32,839.32,300.14
IT-002088,ORD-01051,P0011,2,0.15,66.74,133.48,40.34
IT-002089,ORD-01052,P0006,1,0.0,942.04,942.04,384.39
IT-002090,ORD-01052,P0002,1,0.15,713.42,713.42,174.24
IT-002091,ORD-01052,P0016,1,0.0,242.3,242.3,82.14
IT-002092,ORD-01052,P0014,1,0.0,26.71,26.71,7.42
IT-002093,ORD-01053,P0002,1,0.1,755.39,755.39,216.21
IT-002094,ORD-01054,P0002,4,0.15,713.42,2853.69,696.97
IT-002095,ORD-01054,P0004,2,0.3,32.4,64.79,17.95
IT-002096,ORD-01055,P0013,4,0.1,1444.72,5778.86,2301.9
IT-002097,ORD-01055,P0010,1,0.1,620.96,620.96,273.66
IT-002098,ORD-01056,P0023,2,0.1,450.04,900.07,194.33
IT-002099,ORD-01056,P0022,1,0.15,788.51,788.51,317.36
IT-002100,ORD-01056,P0013,2,0.0,1605.24,3210.48,1472.0
IT-002101,ORD-01057,P0022,1,0.0,927.66,927.66,456.51
IT-002102,ORD-01057,P0025,1,0.2,193.2,193.2,62.07
IT-002103,ORD-01057,P0015,1,0.0,1040.69,1040.69,424.17
IT-002104,ORD-01058,P0012,2,0.05,469.46,938.92,122.52
IT-002105,ORD-01058,P0016,4,0.0,242.3,969.2,328.56
IT-002106,ORD-01059,P0002,1,0.1,755.39,755.39,216.21
IT-002107,ORD-01060,P0006,2,0.15,800.73,1601.47,486.17
IT-002108,ORD-01060,P0024,1,0.1,941.0,941.0,410.86
IT-002109,ORD-01060,P0011,1,0.1,70.67,70.67,24.1
IT-002110,ORD-01061,P0008,2,0.05,426.55,853.1,127.34
IT-002111,ORD-01061,P0022,1,0.0,927.66,927.66,456.51
IT-002112,ORD-01062,P0016,5,0.2,193.84,969.2,168.4
IT-002113,ORD-01062,P0020,5,0.1,626.65,3133.26,1339.96
IT-002114,ORD-01062,P0008,5,0.1,404.1,2020.5,206.1
IT-002115,ORD-01062,P0002,3,0.0,839.32,2517.96,900.42
IT-002116,ORD-01063,P0024,1,0.05,993.27,993.27,463.13
IT-002117,ORD-01063,P0013,2,0.15,1364.45,2728.91,990.43
IT-002118,ORD-01064,P0014,1,0.0,26.71,26.71,7.42
IT-002119,ORD-01064,P0005,2,0.05,249.3,498.6,108.52
IT-002120,ORD-01065,P0017,1,0.0,866.66,866.66,268.7
IT-002121,ORD-01066,P0022,1,0.05,881.28,881.28,410.13
IT-002122,ORD-01066,P0005,1,0.2,209.94,209.94,14.9
IT-002123,ORD-01067,P0023,3,0.1,450.04,1350.11,291.5
IT-002124,ORD-01068,P0021,1,0.2,843.89,843.89,13.81
IT-002125,ORD-01069,P0006,1,0.0,942.04,942.04,384.39
IT-002126,ORD-01070,P0009,1,0.0,755.36,755.36,342.18
IT-002127,ORD-01071,P0011,1,0.3,54.96,54.96,8.39
IT-002128,ORD-01072,P0007,2,0.0,561.14,1122.28,339.1
IT-002129,ORD-01073,P0003,1,0.2,86.3,86.3,29.32
IT-002130,ORD-01073,P0016,1,0.1,218.07,218.07,57.91
IT-002131,ORD-01073,P0012,3,0.0,494.17,1482.51,257.91
IT-002132,ORD-01074,P0002,1,0.15,713.42,713.42,174.24
IT-002133,ORD-01075,P0001,2,0.0,966.84,1933.68,497.86
IT-002134,ORD-01075,P0022,2,0.15,788.51,1577.02,634.72
IT-002135,ORD-01076,P0015,1,0.15,884.59,884.59,268.07
IT-002136,ORD-01077,P0013,1,0.0,1605.24,1605.24,736.0
IT-002137,ORD-01077,P0008,2,0.05,426.55,853.1,127.34
IT-002138,ORD-01078,P0008,1,0.05,426.55,426.55,63.67
IT-002139,ORD-01078,P0005,1,0.0,262.42,262.42,67.38
IT-002140,ORD-01079,P0002,1,0.0,839.32,839.32,300.14
IT-002141,ORD-01079,P0023,1,0.0,500.04,500.04,147.17
IT-002142,ORD-01079,P0017,2,0.0,866.66,1733.32,537.4
IT-002143,ORD-01079,P0018,1,0.0,316.12,316.12,125.01
IT-002144,ORD-01080,P0003,2,0.15,91.69,183.38,69.42
IT-002145,ORD-01080,P0016,3,0.0,242.3,726.9,246.42
IT-002146,ORD-01080,P0025,1,0.1,217.35,217.35,86.22
IT-002147,ORD-01081,P0024,4,0.0,1045.55,4182.2,2061.64
IT-002148,ORD-01081,P0012,1,0.05,469.46,469.46,61.26
IT-002149,ORD-01082,P0024,3,0.05,993.27,2979.82,1389.4
IT-002150,ORD-01082,P0002,1,0.0,839.32,839.32,300.14
IT-002151,ORD-01082,P0015,5,0.05,988.66,4943.28,1860.68
IT-002152,ORD-01083,P0021,1,0.15,896.63,896.63,66.55
IT-002153,ORD-01084,P0009,2,0.0,755.36,1510.72,684.36
IT-002154,ORD-01084,P0012,4,0.0,494.17,1976.68,343.88
IT-002155,ORD-01085,P0011,3,0.0,78.52,235.56,95.85
IT-002156,ORD-01086,P0022,2,0.05,881.28,1762.55,820.25
IT-002157,ORD-01087,P0005,2,0.15,223.06,446.11,56.03
IT-002158,ORD-01088,P0004,2,0.0,46.28,92.56,45.72
IT-002159,ORD-01088,P0024,2,0.1,941.0,1881.99,821.71
IT-002160,ORD-01089,P0007,3,0.1,505.03,1515.08,340.31
IT-002161,ORD-01089,P0017,2,0.0,866.66,1733.32,537.4
IT-002162,ORD-01090,P0004,5,0.1,41.65,208.26,91.16
IT-002163,ORD-01090,P0013,1,0.05,1524.98,1524.98,655.74
IT-002164,ORD-01090,P0001,1,0.0,966.84,966.84,248.93
IT-002165,ORD-01091,P0014,1,0.15,22.7,22.7,3.41
IT-002166,ORD-01091,P0017,1,0.15,736.66,736.66,138.7
IT-002167,ORD-01092,P0017,2,0.15,736.66,1473.32,277.4
IT-002168,ORD-01093,P0001,1,0.0,966.84,966.84,248.93
IT-002169,ORD-01093,P0014,3,0.1,24.04,72.12,14.25
IT-002170,ORD-01094,P0021,1,0.15,896.63,896.63,66.55
IT-002171,ORD-01094,P0006,4,0.05,894.94,3579.75,1349.15
IT-002172,ORD-01094,P0016,1,0.2,193.84,193.84,33.68
IT-002173,ORD-01095,P0004,2,0.0,46.28,92.56,45.72
IT-002174,ORD-01095,P0023,1,0.0,500.04,500.04,147.17
IT-002175,ORD-01095,P0003,1,0.0,107.87,107.87,50.89
IT-002176,ORD-01096,P0002,3,0.0,839.32,2517.96,900.42
IT-002177,ORD-01096,P0004,2,0.0,46.28,92.56,45.72
IT-002178,ORD-01097,P0016,4,0.1,218.07,872.28,231.64
IT-002179,ORD-01097,P0023,1,0.05,475.04,475.04,122.17
IT-002180,ORD-01097,P0025,1,0.15,205.28,205.28,74.15
IT-002181,ORD-01098,P0016,1,0.0,242.3,242.3,82.14
IT-002182,ORD-01098,P0001,1,0.05,918.5,918.5,200.59
IT-002183,ORD-01098,P0010,2,0.1,620.96,1241.91,547.31
IT-002184,ORD-01099,P0009,5,0.1,679.82,3399.12,1333.22
IT-002185,ORD-01100,P0022,1,0.1,834.89,834.89,363.74
IT-002186,ORD-01101,P0015,1,0.0,1040.69,1040.69,424.17
IT-002187,ORD-01102,P0015,1,0.0,1040.69,1040.69,424.17
IT-002188,ORD-01103,P0003,2,0.2,86.3,172.59,58.63
IT-002189,ORD-01103,P0016,1,0.0,242.3,242.3,82.14
IT-002190,ORD-01104,P0020,1,0.1,626.65,626.65,267.99
IT-002191,ORD-01104,P0004,1,0.0,46.28,46.28,22.86
IT-002192,ORD-01104,P0024,1,0.0,1045.55,1045.55,515.41
IT-002193,ORD-01104,P0008,2,0.05,426.55,853.1,127.34
IT-002194,ORD-01105,P0019,2,0.05,1509.12,3018.24,1272.68
IT-002195,ORD-01105,P0017,2,0.0,866.66,1733.32,537.4
IT-002196,ORD-01106,P0016,3,0.15,205.96,617.86,137.39
IT-002197,ORD-01106,P0006,4,0.2,753.63,3014.53,783.93
IT-002198,ORD-01107,P0017,2,0.2,693.33,1386.66,190.74
IT-002199,ORD-01107,P0021,1,0.3,738.4,738.4,-91.68
IT-002200,ORD-01108,P0017,2,0.2,693.33,1386.66,190.74
IT-002201,ORD-01109,P0019,1,0.0,1588.55,1588.55,715.77
IT-002202,ORD-01110,P0001,1,0.15,821.81,821.81,103.9
IT-002203,ORD-01110,P0025,1,0.3,169.05,169.05,37.92
IT-002204,ORD-01111,P0019,1,0.15,1350.27,1350.27,477.49
IT-002205,ORD-01111,P0012,2,0.2,395.34,790.67,-25.73
IT-002206,ORD-01112,P0006,1,0.1,847.84,847.84,290.19
IT-002207,ORD-01112,P0025,1,0.0,241.5,241.5,110.37
IT-002208,ORD-01112,P0021,3,0.05,1002.12,3006.35,516.11
IT-002209,ORD-01112,P0010,3,0.1,620.96,1862.87,820.97
IT-002210,ORD-01113,P0003,2,0.05,102.48,204.95,90.99
IT-002211,ORD-01114,P0001,5,0.3,676.79,3383.94,-205.61
IT-002212,ORD-01114,P0023,5,0.0,500.04,2500.2,735.85
IT-002213,ORD-01114,P0021,1,0.0,1054.86,1054.86,224.78
IT-002214,ORD-01115,P0011,3,0.3,54.96,164.89,25.18
IT-002215,ORD-01116,P0012,3,0.05,469.46,1408.38,183.78
IT-002216,ORD-01116,P0004,1,0.1,41.65,41.65,18.23
IT-002217,ORD-01117,P0001,1,0.05,918.5,918.5,200.59
IT-002218,ORD-01117,P0025,1,0.0,241.5,241.5,110.37
IT-002219,ORD-01118,P0017,1,0.0,866.66,866.66,268.7
IT-002220,ORD-01119,P0007,4,0.0,561.14,2244.56,678.2
IT-002221,ORD-01120,P0015,1,0.0,1040.69,1040.69,424.17
IT-002222,ORD-01121,P0019,3,0.15,1350.27,4050.8,1432.46
IT-002223,ORD-01122,P0022,3,0.0,927.66,2782.98,1369.53
IT-002224,ORD-01122,P0008,2,0.0,449.0,898.0,172.24
IT-002225,ORD-01123,P0018,2,0.0,316.12,632.24,250.02
IT-002226,ORD-01124,P0004,1,0.0,46.28,46.28,22.86
IT-002227,ORD-01124,P0009,1,0.1,679.82,679.82,266.64
IT-002228,ORD-01125,P0015,4,0.1,936.62,3746.48,1280.4
IT-002229,ORD-01126,P0016,1,0.0,242.3,242.3,82.14
IT-002230,ORD-01126,P0013,1,0.2,1284.19,1284.19,414.95
IT-002231,ORD-01126,P0023,4,0.15,425.03,1700.14,288.66
IT-002232,ORD-01127,P0011,1,0.2,62.82,62.82,16.25
IT-002233,ORD-01127,P0012,3,0.1,444.75,1334.26,109.66
IT-002234,ORD-01127,P0003,3,0.0,107.87,323.61,152.67
IT-002235,ORD-01128,P0003,4,0.15,91.69,366.76,138.84
IT-002236,ORD-01128,P0004,1,0.0,46.28,46.28,22.86
IT-002237,ORD-01128,P0011,4,0.0,78.52,314.08,127.8
IT-002238,ORD-01129,P0015,1,0.1,936.62,936.62,320.1
IT-002239,ORD-01129,P0023,3,0.0,500.04,1500.12,441.51
IT-002240,ORD-01130,P0002,3,0.15,713.42,2140.27,522.73
IT-002241,ORD-01131,P0009,1,0.1,679.82,679.82,266.64
IT-002242,ORD-01131,P0023,1,0.2,400.03,400.03,47.16
IT-002243,ORD-01131,P0015,1,0.0,1040.69,1040.69,424.17
IT-002244,ORD-01132,P0006,1,0.0,942.04,942.04,384.39
IT-002245,ORD-01133,P0010,4,0.1,620.96,2483.82,1094.62
IT-002246,ORD-01134,P0010,1,0.0,689.95,689.95,342.65
IT-002247,ORD-01135,P0025,2,0.0,241.5,483.0,220.74
IT-002248,ORD-01135,P0005,1,0.2,209.94,209.94,14.9
IT-002249,ORD-01136,P0003,2,0.2,86.3,172.59,58.63
IT-002250,ORD-01136,P0007,1,0.05,533.08,533.08,141.49
IT-002251,ORD-01137,P0005,1,0.15,223.06,223.06,28.02
IT-002252,ORD-01137,P0023,2,0.05,475.04,950.08,244.34
IT-002253,ORD-01138,P0019,3,0.2,1270.84,3812.52,1194.18
IT-002254,ORD-01138,P0006,2,0.3,659.43,1318.86,203.56
IT-002255,ORD-01139,P0020,1,0.1,626.65,626.65,267.99
IT-002256,ORD-01140,P0018,2,0.0,316.12,632.24,250.02
IT-002257,ORD-01140,P0021,4,0.15,896.63,3586.52,266.2
IT-002258,ORD-01140,P0003,2,0.0,107.87,215.74,101.78
IT-002259,ORD-01141,P0003,1,0.0,107.87,107.87,50.89
IT-002260,ORD-01141,P0012,2,0.2,395.34,790.67,-25.73
IT-002261,ORD-01142,P0021,2,0.2,843.89,1687.78,27.62
IT-002262,ORD-01142,P0002,1,0.15,713.42,713.42,174.24
IT-002263,ORD-01143,P0014,1,0.05,25.37,25.37,6.08
IT-002264,ORD-01143,P0024,5,0.3,731.88,3659.42,1008.72
IT-002265,ORD-01144,P0010,1,0.15,586.46,586.46,239.16
IT-002266,ORD-01145,P0001,1,0.1,870.16,870.16,152.25
IT-002267,ORD-01146,P0015,1,0.0,1040.69,1040.69,424.17
IT-002268,ORD-01146,P0007,1,0.0,561.14,561.14,169.55
IT-002269,ORD-01147,P0014,2,0.05,25.37,50.75,12.17
IT-002270,ORD-01148,P0004,1,0.0,46.28,46.28,22.86
IT-002271,ORD-01149,P0002,4,0.15,713.42,2853.69,696.97
IT-002272,ORD-01149,P0022,2,0.0,927.66,1855.32,913.02
IT-002273,ORD-01149,P0014,2,0.0,26.71,53.42,14.84
IT-002274,ORD-01150,P0001,3,0.0,966.84,2900.52,746.79
IT-002275,ORD-01150,P0016,2,0.2,193.84,387.68,67.36
IT-002276,ORD-01151,P0008,1,0.2,359.2,359.2,-3.68
IT-002277,ORD-01151,P0006,1,0.0,942.04,942.04,384.39
IT-002278,ORD-01152,P0009,4,0.0,755.36,3021.44,1368.72
IT-002279,ORD-01152,P0024,1,0.0,1045.55,1045.55,515.41
IT-002280,ORD-01153,P0007,5,0.0,561.14,2805.7,847.75
IT-002281,ORD-01153,P0006,1,0.0,942.04,942.04,384.39
IT-002282,ORD-01153,P0015,2,0.0,1040.69,2081.38,848.34
IT-002283,ORD-01153,P0024,1,0.15,888.72,888.72,358.58
IT-002284,ORD-01154,P0020,1,0.2,557.02,557.02,198.36
IT-002285,ORD-01155,P0021,3,0.0,1054.86,3164.58,674.34
IT-002286,ORD-01155,P0013,1,0.05,1524.98,1524.98,655.74
IT-002287,ORD-01155,P0024,1,0.2,836.44,836.44,306.3
IT-002288,ORD-01156,P0001,3,0.2,773.47,2320.42,166.69
IT-002289,ORD-01156,P0009,2,0.0,755.36,1510.72,684.36
IT-002290,ORD-01157,P0017,1,0.0,866.66,866.66,268.7
IT-002291,ORD-01158,P0015,1,0.05,988.66,988.66,372.14
IT-002292,ORD-01159,P0001,2,0.0,966.84,1933.68,497.86
IT-002293,ORD-01159,P0014,1,0.0,26.71,26.71,7.42
IT-002294,ORD-01160,P0015,3,0.15,884.59,2653.76,804.2
IT-002295,ORD-01160,P0007,1,0.0,561.14,561.14,169.55
IT-002296,ORD-01161,P0003,3,0.0,107.87,323.61,152.67
IT-002297,ORD-01162,P0008,1,0.0,449.0,449.0,86.12
IT-002298,ORD-01162,P0003,2,0.05,102.48,204.95,90.99
IT-002299,ORD-01163,P0025,1,0.0,241.5,241.5,110.37
IT-002300,ORD-01163,P0008,5,0.05,426.55,2132.75,318.35
IT-002301,ORD-01164,P0020,1,0.0,696.28,696.28,337.62
IT-002302,ORD-01164,P0005,3,0.0,262.42,787.26,202.14
IT-002303,ORD-01165,P0024,1,0.0,1045.55,1045.55,515.41
IT-002304,ORD-01165,P0007,1,0.3,392.8,392.8,1.21
IT-002305,ORD-01165,P0010,1,0.05,655.45,655.45,308.15
IT-002306,ORD-01166,P0003,5,0.0,107.87,539.35,254.45
IT-002307,ORD-01166,P0010,1,0.05,655.45,655.45,308.15
IT-002308,ORD-01166,P0012,1,0.0,494.17,494.17,85.97
IT-002309,ORD-01167,P0018,1,0.1,284.51,284.51,93.4
IT-002310,ORD-01167,P0005,2,0.1,236.18,472.36,82.28
IT-002311,ORD-01168,P0016,4,0.1,218.07,872.28,231.64
IT-002312,ORD-01168,P0023,3,0.2,400.03,1200.1,141.49
IT-002313,ORD-01168,P0024,3,0.0,1045.55,3136.65,1546.23
IT-002314,ORD-01168,P0010,1,0.05,655.45,655.45,308.15
IT-002315,ORD-01169,P0014,1,0.15,22.7,22.7,3.41
IT-002316,ORD-01170,P0025,4,0.0,241.5,966.0,441.48
IT-002317,ORD-01171,P0025,1,0.0,241.5,241.5,110.37
IT-002318,ORD-01172,P0021,1,0.0,1054.86,1054.86,224.78
IT-002319,ORD-01172,P0017,5,0.0,866.66,4333.3,1343.5
IT-002320,ORD-01173,P0013,1,0.0,1605.24,1605.24,736.0
IT-002321,ORD-01173,P0015,1,0.2,832.55,832.55,216.03
IT-002322,ORD-01174,P0005,1,0.15,223.06,223.06,28.02
IT-002323,ORD-01174,P0014,1,0.0,26.71,26.71,7.42
IT-002324,ORD-01175,P0014,2,0.0,26.71,53.42,14.84
IT-002325,ORD-01176,P0016,1,0.2,193.84,193.84,33.68
IT-002326,ORD-01177,P0014,1,0.0,26.71,26.71,7.42
IT-002327,ORD-01177,P0009,1,0.1,679.82,679.82,266.64
IT-002328,ORD-01177,P0004,3,0.0,46.28,138.84,68.58
IT-002329,ORD-01178,P0013,2,0.1,1444.72,2889.43,1150.95
IT-002330,ORD-01178,P0022,1,0.0,927.66,927.66,456.51
IT-002331,ORD-01178,P0021,3,0.0,1054.86,3164.58,674.34
IT-002332,ORD-01179,P0008,2,0.05,426.55,853.1,127.34
IT-002333,ORD-01179,P0025,1,0.0,241.5,241.5,110.37
IT-002334,ORD-01180,P0006,4,0.2,753.63,3014.53,783.93
IT-002335,ORD-01180,P0012,1,0.05,469.46,469.46,61.26
IT-002336,ORD-01181,P0017,3,0.15,736.66,2209.98,416.1
IT-002337,ORD-01181,P0008,1,0.0,449.0,449.0,86.12
IT-002338,ORD-01182,P0024,5,0.0,1045.55,5227.75,2577.05
IT-002339,ORD-01183,P0011,3,0.0,78.52,235.56,95.85
IT-002340,ORD-01183,P0014,2,0.0,26.71,53.42,14.84
IT-002341,ORD-01184,P0003,1,0.3,75.51,75.51,18.53
IT-002342,ORD-01184,P0005,1,0.1,236.18,236.18,41.14
IT-002343,ORD-01185,P0017,1,0.0,866.66,866.66,268.7
IT-002344,ORD-01185,P0012,2,0.0,494.17,988.34,171.94
IT-002345,ORD-01186,P0002,3,0.0,839.32,2517.96,900.42
IT-002346,ORD-01187,P0008,1,0.15,381.65,381.65,18.77
IT-002347,ORD-01187,P0009,2,0.3,528.75,1057.5,231.14
IT-002348,ORD-01187,P0016,2,0.0,242.3,484.6,164.28
IT-002349,ORD-01187,P0020,3,0.1,626.65,1879.96,803.98
IT-002350,ORD-01188,P0021,1,0.0,1054.86,1054.86,224.78
IT-002351,ORD-01188,P0009,3,0.1,679.82,2039.47,799.93
IT-002352,ORD-01188,P0018,5,0.2,252.9,1264.48,308.93
IT-002353,ORD-01189,P0019,1,0.05,1509.12,1509.12,636.34
IT-002354,ORD-01190,P0025,2,0.1,217.35,434.7,172.44
IT-002355,ORD-01190,P0014,1,0.0,26.71,26.71,7.42
IT-002356,ORD-01191,P0024,3,0.05,993.27,2979.82,1389.4
IT-002357,ORD-01191,P0011,1,0.0,78.52,78.52,31.95
IT-002358,ORD-01191,P0021,1,0.0,1054.86,1054.86,224.78
IT-002359,ORD-01191,P0018,5,0.15,268.7,1343.51,387.96
IT-002360,ORD-01192,P0017,1,0.1,779.99,779.99,182.03
IT-002361,ORD-01193,P0008,1,0.2,359.2,359.2,-3.68
IT-002362,ORD-01193,P0019,4,0.0,1588.55,6354.2,2863.08
IT-002363,ORD-01194,P0005,1,0.0,262.42,262.42,67.38
IT-002364,ORD-01194,P0015,1,0.0,1040.69,1040.69,424.17
IT-002365,ORD-01195,P0019,4,0.0,1588.55,6354.2,2863.08
IT-002366,ORD-01195,P0009,1,0.1,679.82,679.82,266.64
IT-002367,ORD-01196,P0007,3,0.2,448.91,1346.74,171.97
IT-002368,ORD-01196,P0012,2,0.3,345.92,691.84,-124.56
IT-002369,ORD-01196,P0009,2,0.05,717.59,1435.18,608.82
IT-002370,ORD-01197,P0021,1,0.0,1054.86,1054.86,224.78
IT-002371,ORD-01198,P0008,1,0.0,449.0,449.0,86.12
IT-002372,ORD-01199,P0023,1,0.1,450.04,450.04,97.17
IT-002373,ORD-01200,P0017,1,0.0,866.66,866.66,268.7
IT-002374,ORD-01201,P0003,1,0.2,86.3,86.3,29.32
IT-002375,ORD-01201,P0016,1,0.1,218.07,218.07,57.91
IT-002376,ORD-01202,P0003,2,0.0,107.87,215.74,101.78
IT-002377,ORD-01202,P0011,1,0.0,78.52,78.52,31.95
IT-002378,ORD-01203,P0006,1,0.15,800.73,800.73,243.08
IT-002379,ORD-01204,P0006,1,0.05,894.94,894.94,337.29
IT-002380,ORD-01204,P0011,5,0.15,66.74,333.71,100.86
IT-002381,ORD-01205,P0006,1,0.15,800.73,800.73,243.08
IT-002382,ORD-01205,P0001,1,0.15,821.81,821.81,103.9
IT-002383,ORD-01206,P0006,1,0.0,942.04,942.04,384.39
IT-002384,ORD-01207,P0015,2,0.15,884.59,1769.17,536.13
IT-002385,ORD-01207,P0023,4,0.05,475.04,1900.15,488.67
IT-002386,ORD-01208,P0006,3,0.1,847.84,2543.51,870.56
IT-002387,ORD-01208,P0002,2,0.0,839.32,1678.64,600.28
IT-002388,ORD-01209,P0009,4,0.0,755.36,3021.44,1368.72
IT-002389,ORD-01209,P0011,1,0.0,78.52,78.52,31.95
IT-002390,ORD-01210,P0018,1,0.0,316.12,316.12,125.01
IT-002391,ORD-01211,P0013,1,0.1,1444.72,1444.72,575.48
IT-002392,ORD-01211,P0011,1,0.2,62.82,62.82,16.25
IT-002393,ORD-01212,P0025,3,0.2,193.2,579.6,186.21
IT-002394,ORD-01212,P0012,2,0.05,469.46,938.92,122.52
IT-002395,ORD-01212,P0013,1,0.0,1605.24,1605.24,736.0
IT-002396,ORD-01212,P0020,1,0.15,591.84,591.84,233.18
IT-002397,ORD-01213,P0019,1,0.1,1429.7,1429.7,556.92
IT-002398,ORD-01213,P0016,2,0.0,242.3,484.6,164.28
IT-002399,ORD-01214,P0025,2,0.05,229.42,458.85,196.59
IT-002400,ORD-01215,P0005,1,0.3,183.69,183.69,-11.35
IT-002401,ORD-01215,P0020,2,0.1,626.65,1253.3,535.98
IT-002402,ORD-01216,P0005,2,0.0,262.42,524.84,134.76
IT-002403,ORD-01217,P0023,1,0.15,425.03,425.03,72.16
IT-002404,ORD-01217,P0022,1,0.1,834.89,834.89,363.74
IT-002405,ORD-01218,P0015,1,0.15,884.59,884.59,268.07
IT-002406,ORD-01219,P0018,2,0.0,316.12,632.24,250.02
IT-002407,ORD-01220,P0020,2,0.3,487.4,974.79,257.47
IT-002408,ORD-01220,P0022,1,0.0,927.66,927.66,456.51
IT-002409,ORD-01221,P0022,3,0.0,927.66,2782.98,1369.53
IT-002410,ORD-01222,P0019,1,0.0,1588.55,1588.55,715.77
IT-002411,ORD-01222,P0016,2,0.0,242.3,484.6,164.28
IT-002412,ORD-01223,P0022,1,0.0,927.66,927.66,456.51
IT-002413,ORD-01224,P0018,1,0.0,316.12,316.12,125.01
IT-002414,ORD-01225,P0005,1,0.0,262.42,262.42,67.38
IT-002415,ORD-01225,P0010,4,0.0,689.95,2759.8,1370.6
IT-002416,ORD-01225,P0025,1,0.0,241.5,241.5,110.37
IT-002417,ORD-01226,P0015,2,0.0,1040.69,2081.38,848.34
IT-002418,ORD-01226,P0002,1,0.0,839.32,839.32,300.14
IT-002419,ORD-01226,P0011,1,0.0,78.52,78.52,31.95
IT-002420,ORD-01227,P0020,1,0.0,696.28,696.28,337.62
IT-002421,ORD-01228,P0024,1,0.1,941.0,941.0,410.86
IT-002422,ORD-01228,P0002,1,0.0,839.32,839.32,300.14
IT-002423,ORD-01229,P0005,2,0.1,236.18,472.36,82.28
IT-002424,ORD-01230,P0017,5,0.1,779.99,3899.97,910.17
IT-002425,ORD-01230,P0009,2,0.2,604.29,1208.58,382.22
IT-002426,ORD-01231,P0022,1,0.05,881.28,881.28,410.13
IT-002427,ORD-01231,P0024,5,0.2,836.44,4182.2,1531.5
IT-002428,ORD-01232,P0018,1,0.0,316.12,316.12,125.01
IT-002429,ORD-01233,P0020,1,0.1,626.65,626.65,267.99
IT-002430,ORD-01233,P0025,1,0.0,241.5,241.5,110.37
IT-002431,ORD-01234,P0021,1,0.0,1054.86,1054.86,224.78
IT-002432,ORD-01235,P0015,1,0.1,936.62,936.62,320.1
IT-002433,ORD-01236,P0019,1,0.15,1350.27,1350.27,477.49
IT-002434,ORD-01236,P0004,4,0.15,39.34,157.35,63.67
IT-002435,ORD-01236,P0020,1,0.0,696.28,696.28,337.62
IT-002436,ORD-01237,P0001,1,0.05,918.5,918.5,200.59
IT-002437,ORD-01237,P0009,1,0.1,679.82,679.82,266.64
IT-002438,ORD-01238,P0017,1,0.1,779.99,779.99,182.03
IT-002439,ORD-01238,P0011,2,0.1,70.67,141.34,48.2
IT-002440,ORD-01239,P0013,1,0.05,1524.98,1524.98,655.74
IT-002441,ORD-01239,P0009,1,0.0,755.36,755.36,342.18
IT-002442,ORD-01240,P0015,1,0.0,1040.69,1040.69,424.17
IT-002443,ORD-01240,P0008,1,0.0,449.0,449.0,86.12
IT-002444,ORD-01241,P0016,2,0.05,230.18,460.37,140.05
IT-002445,ORD-01241,P0015,2,0.05,988.66,1977.31,744.27
IT-002446,ORD-01242,P0012,3,0.0,494.17,1482.51,257.91
IT-002447,ORD-01243,P0003,1,0.0,107.87,107.87,50.89
IT-002448,ORD-01243,P0025,1,0.0,241.5,241.5,110.37
IT-002449,ORD-01244,P0012,2,0.0,494.17,988.34,171.94
IT-002450,ORD-01244,P0011,3,0.2,62.82,188.45,48.74
IT-002451,ORD-01245,P0007,2,0.0,561.14,1122.28,339.1
IT-002452,ORD-01245,P0023,3,0.0,500.04,1500.12,441.51
IT-002453,ORD-01246,P0004,2,0.3,32.4,64.79,17.95
IT-002454,ORD-01246,P0009,4,0.1,679.82,2719.3,1066.58
IT-002455,ORD-01247,P0017,1,0.05,823.33,823.33,225.37
IT-002456,ORD-01248,P0014,3,0.05,25.37,76.12,18.25
IT-002457,ORD-01248,P0015,1,0.05,988.66,988.66,372.14
IT-002458,ORD-01249,P0005,1,0.15,223.06,223.06,28.02
IT-002459,ORD-01250,P0011,1,0.1,70.67,70.67,24.1
IT-002460,ORD-01250,P0012,1,0.0,494.17,494.17,85.97
IT-002461,ORD-01251,P0017,2,0.05,823.33,1646.65,450.73
IT-002462,ORD-01251,P0023,1,0.0,500.04,500.04,147.17
IT-002463,ORD-01252,P0023,1,0.15,425.03,425.03,72.16
IT-002464,ORD-01252,P0007,1,0.0,561.14,561.14,169.55
IT-002465,ORD-01252,P0011,1,0.0,78.52,78.52,31.95
IT-002466,ORD-01253,P0014,3,0.0,26.71,80.13,22.26
IT-002467,ORD-01253,P0005,2,0.05,249.3,498.6,108.52
IT-002468,ORD-01254,P0007,2,0.0,561.14,1122.28,339.1
IT-002469,ORD-01254,P0017,3,0.15,736.66,2209.98,416.1
IT-002470,ORD-01254,P0010,3,0.1,620.96,1862.87,820.97
IT-002471,ORD-01255,P0016,3,0.05,230.18,690.56,210.08
IT-002472,ORD-01255,P0025,1,0.05,229.42,229.42,98.29
IT-002473,ORD-01256,P0012,1,0.0,494.17,494.17,85.97
IT-002474,ORD-01256,P0020,3,0.0,696.28,2088.84,1012.86
IT-002475,ORD-01256,P0016,3,0.0,242.3,726.9,246.42
IT-002476,ORD-01256,P0025,1,0.0,241.5,241.5,110.37
IT-002477,ORD-01257,P0012,1,0.05,469.46,469.46,61.26
IT-002478,ORD-01257,P0011,2,0.2,62.82,125.63,32.49
IT-002479,ORD-01258,P0004,1,0.1,41.65,41.65,18.23
IT-002480,ORD-01258,P0016,1,0.1,218.07,218.07,57.91
IT-002481,ORD-01258,P0017,1,0.05,823.33,823.33,225.37
IT-002482,ORD-01258,P0025,1,0.0,241.5,241.5,110.37
IT-002483,ORD-01259,P0009,3,0.0,755.36,2266.08,1026.54
IT-002484,ORD-01260,P0025,2,0.1,217.35,434.7,172.44
IT-002485,ORD-01261,P0003,1,0.3,75.51,75.51,18.53
IT-002486,ORD-01261,P0008,3,0.05,426.55,1279.65,191.01
IT-002487,ORD-01262,P0020,1,0.0,696.28,696.28,337.62
IT-002488,ORD-01262,P0015,2,0.3,728.48,1456.97,223.93
IT-002489,ORD-01262,P0014,1,0.0,26.71,26.71,7.42
IT-002490,ORD-01262,P0008,1,0.05,426.55,426.55,63.67
IT-002491,ORD-01263,P0020,2,0.0,696.28,1392.56,675.24
IT-002492,ORD-01263,P0025,1,0.05,229.42,229.42,98.29
IT-002493,ORD-01264,P0007,3,0.0,561.14,1683.42,508.65
IT-002494,ORD-01265,P0019,2,0.0,1588.55,3177.1,1431.54
IT-002495,ORD-01265,P0018,1,0.0,316.12,316.12,125.01
IT-002496,ORD-01266,P0014,2,0.05,25.37,50.75,12.17
IT-002497,ORD-01266,P0007,2,0.0,561.14,1122.28,339.1
IT-002498,ORD-01267,P0023,1,0.0,500.04,500.04,147.17
IT-002499,ORD-01268,P0014,4,0.1,24.04,96.16,19.0
IT-002500,ORD-01268,P0012,1,0.1,444.75,444.75,36.55
IT-002501,ORD-01269,P0010,1,0.1,620.96,620.96,273.66
IT-002502,ORD-01269,P0009,5,0.0,755.36,3776.8,1710.9
IT-002503,ORD-01269,P0002,2,0.15,713.42,1426.84,348.48
IT-002504,ORD-01269,P0023,1,0.15,425.03,425.03,72.16
IT-002505,ORD-01270,P0014,4,0.0,26.71,106.84,29.68
IT-002506,ORD-01270,P0006,3,0.0,942.04,2826.12,1153.17
IT-002507,ORD-01270,P0015,2,0.0,1040.69,2081.38,848.34
IT-002508,ORD-01271,P0004,3,0.0,46.28,138.84,68.58
IT-002509,ORD-01272,P0011,1,0.0,78.52,78.52,31.95
IT-002510,ORD-01273,P0008,1,0.2,359.2,359.2,-3.68
IT-002511,ORD-01274,P0014,1,0.2,21.37,21.37,2.08
IT-002512,ORD-01275,P0002,1,0.15,713.42,713.42,174.24
IT-002513,ORD-01276,P0015,1,0.2,832.55,832.55,216.03
IT-002514,ORD-01276,P0004,3,0.0,46.28,138.84,68.58
IT-002515,ORD-01276,P0011,1,0.15,66.74,66.74,20.17
IT-002516,ORD-01277,P0003,2,0.0,107.87,215.74,101.78
IT-002517,ORD-01278,P0003,2,0.0,107.87,215.74,101.78
IT-002518,ORD-01278,P0008,2,0.0,449.0,898.0,172.24
IT-002519,ORD-01278,P0001,3,0.2,773.47,2320.42,166.69
IT-002520,ORD-01279,P0001,2,0.05,918.5,1837.0,401.18
IT-002521,ORD-01279,P0014,3,0.0,26.71,80.13,22.26
IT-002522,ORD-01279,P0018,1,0.05,300.31,300.31,109.2
IT-002523,ORD-01279,P0004,1,0.2,37.02,37.02,13.6
IT-002524,ORD-01280,P0005,2,0.1,236.18,472.36,82.28
IT-002525,ORD-01281,P0002,1,0.1,755.39,755.39,216.21
IT-002526,ORD-01281,P0017,2,0.3,606.66,1213.32,17.4
IT-002527,ORD-01281,P0021,2,0.0,1054.86,2109.72,449.56
IT-002528,ORD-01281,P0006,1,0.0,942.04,942.04,384.39
IT-002529,ORD-01282,P0020,1,0.1,626.65,626.65,267.99
IT-002530,ORD-01282,P0022,1,0.0,927.66,927.66,456.51
IT-002531,ORD-01283,P0013,1,0.1,1444.72,1444.72,575.48
IT-002532,ORD-01283,P0019,1,0.0,1588.55,1588.55,715.77
IT-002533,ORD-01284,P0021,1,0.2,843.89,843.89,13.81
IT-002534,ORD-01285,P0017,1,0.0,866.66,866.66,268.7
IT-002535,ORD-01285,P0010,2,0.0,689.95,1379.9,685.3
IT-002536,ORD-01286,P0002,1,0.1,755.39,755.39,216.21
IT-002537,ORD-01287,P0005,4,0.0,262.42,1049.68,269.52
IT-002538,ORD-01287,P0004,2,0.0,46.28,92.56,45.72
IT-002539,ORD-01288,P0015,2,0.0,1040.69,2081.38,848.34
IT-002540,ORD-01289,P0013,5,0.0,1605.24,8026.2,3680.0
IT-002541,ORD-01289,P0010,1,0.1,620.96,620.96,273.66
IT-002542,ORD-01290,P0020,3,0.0,696.28,2088.84,1012.86
IT-002543,ORD-01291,P0004,1,0.05,43.97,43.97,20.55
IT-002544,ORD-01292,P0008,1,0.1,404.1,404.1,41.22
IT-002545,ORD-01292,P0009,1,0.1,679.82,679.82,266.64
IT-002546,ORD-01293,P0006,1,0.0,942.04,942.04,384.39
IT-002547,ORD-01293,P0012,2,0.0,494.17,988.34,171.94
IT-002548,ORD-01294,P0009,1,0.0,755.36,755.36,342.18
IT-002549,ORD-01294,P0019,1,0.0,1588.55,1588.55,715.77
IT-002550,ORD-01295,P0009,2,0.05,717.59,1435.18,608.82
IT-002551,ORD-01296,P0004,2,0.0,46.28,92.56,45.72
IT-002552,ORD-01296,P0017,3,0.05,823.33,2469.98,676.1
IT-002553,ORD-01296,P0024,1,0.0,1045.55,1045.55,515.41
IT-002554,ORD-01297,P0003,1,0.2,86.3,86.3,29.32
IT-002555,ORD-01297,P0016,4,0.1,218.07,872.28,231.64
IT-002556,ORD-01298,P0003,2,0.0,107.87,215.74,101.78
IT-002557,ORD-01299,P0006,2,0.05,894.94,1789.88,674.58
IT-002558,ORD-01299,P0015,4,0.0,1040.69,4162.76,1696.68
IT-002559,ORD-01300,P0019,3,0.0,1588.55,4765.65,2147.31
IT-002560,ORD-01300,P0010,4,0.0,689.95,2759.8,1370.6
IT-002561,ORD-01301,P0011,3,0.2,62.82,188.45,48.74
IT-002562,ORD-01302,P0024,1,0.2,836.44,836.44,306.3
IT-002563,ORD-01302,P0014,2,0.0,26.71,53.42,14.84
IT-002564,ORD-01303,P0021,4,0.0,1054.86,4219.44,899.12
IT-002565,ORD-01303,P0010,1,0.1,620.96,620.96,273.66
IT-002566,ORD-01303,P0009,1,0.1,679.82,679.82,266.64
IT-002567,ORD-01304,P0014,1,0.0,26.71,26.71,7.42
IT-002568,ORD-01304,P0004,4,0.2,37.02,148.1,54.42
IT-002569,ORD-01305,P0005,1,0.05,249.3,249.3,54.26
IT-002570,ORD-01306,P0004,1,0.0,46.28,46.28,22.86
IT-002571,ORD-01306,P0023,1,0.05,475.04,475.04,122.17
IT-002572,ORD-01306,P0013,3,0.0,1605.24,4815.72,2208.0
IT-002573,ORD-01307,P0007,2,0.0,561.14,1122.28,339.1
IT-002574,ORD-01308,P0002,5,0.0,839.32,4196.6,1500.7
IT-002575,ORD-01308,P0008,4,0.05,426.55,1706.2,254.68
IT-002576,ORD-01308,P0019,3,0.05,1509.12,4527.37,1909.03
IT-002577,ORD-01308,P0017,2,0.0,866.66,1733.32,537.4
IT-002578,ORD-01309,P0015,2,0.3,728.48,1456.97,223.93
IT-002579,ORD-01310,P0025,1,0.3,169.05,169.05,37.92
IT-002580,ORD-01310,P0016,1,0.0,242.3,242.3,82.14
IT-002581,ORD-01311,P0016,2,0.05,230.18,460.37,140.05
IT-002582,ORD-01311,P0019,4,0.0,1588.55,6354.2,2863.08
IT-002583,ORD-01312,P0002,1,0.0,839.32,839.32,300.14
IT-002584,ORD-01313,P0008,1,0.0,449.0,449.0,86.12
IT-002585,ORD-01313,P0011,1,0.0,78.52,78.52,31.95
IT-002586,ORD-01313,P0024,2,0.0,1045.55,2091.1,1030.82
IT-002587,ORD-01314,P0014,1,0.05,25.37,25.37,6.08
IT-002588,ORD-01314,P0008,2,0.0,449.0,898.0,172.24
IT-002589,ORD-01315,P0015,1,0.0,1040.69,1040.69,424.17
IT-002590,ORD-01316,P0012,1,0.0,494.17,494.17,85.97
IT-002591,ORD-01316,P0015,2,0.0,1040.69,2081.38,848.34
IT-002592,ORD-01317,P0024,1,0.05,993.27,993.27,463.13
IT-002593,ORD-01317,P0015,2,0.2,832.55,1665.1,432.06
IT-002594,ORD-01318,P0006,5,0.3,659.43,3297.14,508.89
IT-002595,ORD-01319,P0023,1,0.2,400.03,400.03,47.16
IT-002596,ORD-01319,P0010,1,0.1,620.96,620.96,273.66
IT-002597,ORD-01319,P0017,1,0.1,779.99,779.99,182.03
IT-002598,ORD-01319,P0024,2,0.15,888.72,1777.44,717.16
IT-002599,ORD-01320,P0014,1,0.0,26.71,26.71,7.42
IT-002600,ORD-01320,P0024,3,0.15,888.72,2666.15,1075.73
IT-002601,ORD-01320,P0001,1,0.0,966.84,966.84,248.93
IT-002602,ORD-01321,P0003,1,0.0,107.87,107.87,50.89
IT-002603,ORD-01322,P0008,1,0.05,426.55,426.55,63.67
IT-002604,ORD-01322,P0025,2,0.15,205.28,410.55,148.29
IT-002605,ORD-01323,P0007,1,0.15,476.97,476.97,85.38
IT-002606,ORD-01324,P0016,1,0.1,218.07,218.07,57.91
IT-002607,ORD-01324,P0010,4,0.2,551.96,2207.84,818.64
IT-002608,ORD-01324,P0022,4,0.1,834.89,3339.58,1454.98
IT-002609,ORD-01325,P0009,1,0.05,717.59,717.59,304.41
IT-002610,ORD-01325,P0005,1,0.1,236.18,236.18,41.14
IT-002611,ORD-01325,P0014,2,0.0,26.71,53.42,14.84
IT-002612,ORD-01325,P0007,2,0.1,505.03,1010.05,226.87
IT-002613,ORD-01326,P0023,1,0.3,350.03,350.03,-2.84
IT-002614,ORD-01327,P0005,2,0.15,223.06,446.11,56.03
IT-002615,ORD-01327,P0017,5,0.0,866.66,4333.3,1343.5
IT-002616,ORD-01327,P0008,1,0.2,359.2,359.2,-3.68
IT-002617,ORD-01328,P0018,1,0.3,221.28,221.28,30.17
IT-002618,ORD-01328,P0023,2,0.0,500.04,1000.08,294.34
IT-002619,ORD-01329,P0025,3,0.1,217.35,652.05,258.66
IT-002620,ORD-01330,P0001,4,0.3,676.79,2707.15,-164.49
IT-002621,ORD-01330,P0022,1,0.1,834.89,834.89,363.74
IT-002622,ORD-01330,P0007,3,0.0,561.14,1683.42,508.65
IT-002623,ORD-01330,P0011,1,0.0,78.52,78.52,31.95
IT-002624,ORD-01331,P0010,1,0.05,655.45,655.45,308.15
IT-002625,ORD-01331,P0019,3,0.05,1509.12,4527.37,1909.03
IT-002626,ORD-01332,P0001,2,0.3,676.79,1353.58,-82.24
IT-002627,ORD-01332,P0014,1,0.0,26.71,26.71,7.42
IT-002628,ORD-01333,P0025,1,0.1,217.35,217.35,86.22
IT-002629,ORD-01333,P0008,1,0.0,449.0,449.0,86.12
IT-002630,ORD-01334,P0006,3,0.0,942.04,2826.12,1153.17
IT-002631,ORD-01335,P0018,1,0.1,284.51,284.51,93.4
IT-002632,ORD-01336,P0018,1,0.1,284.51,284.51,93.4
IT-002633,ORD-01336,P0008,3,0.0,449.0,1347.0,258.36
IT-002634,ORD-01336,P0024,2,0.0,1045.55,2091.1,1030.82
IT-002635,ORD-01336,P0021,2,0.05,1002.12,2004.23,344.07
IT-002636,ORD-01337,P0010,1,0.0,689.95,689.95,342.65
IT-002637,ORD-01337,P0014,2,0.05,25.37,50.75,12.17
IT-002638,ORD-01338,P0009,1,0.0,755.36,755.36,342.18
IT-002639,ORD-01338,P0006,1,0.0,942.04,942.04,384.39
IT-002640,ORD-01338,P0024,3,0.0,1045.55,3136.65,1546.23
IT-002641,ORD-01339,P0012,2,0.15,420.04,840.09,23.69
IT-002642,ORD-01340,P0012,4,0.0,494.17,1976.68,343.88
IT-002643,ORD-01340,P0008,1,0.05,426.55,426.55,63.67
IT-002644,ORD-01341,P0023,2,0.2,400.03,800.06,94.32
IT-002645,ORD-01341,P0004,2,0.0,46.28,92.56,45.72
IT-002646,ORD-01341,P0024,4,0.05,993.27,3973.09,1852.53
IT-002647,ORD-01341,P0021,1,0.05,1002.12,1002.12,172.04
IT-002648,ORD-01342,P0019,1,0.2,1270.84,1270.84,398.06
IT-002649,ORD-01343,P0023,2,0.15,425.03,850.07,144.33
IT-002650,ORD-01344,P0013,1,0.1,1444.72,1444.72,575.48
IT-002651,ORD-01344,P0019,1,0.2,1270.84,1270.84,398.06
IT-002652,ORD-01345,P0014,1,0.0,26.71,26.71,7.42
IT-002653,ORD-01346,P0012,1,0.0,494.17,494.17,85.97
IT-002654,ORD-01347,P0009,3,0.2,604.29,1812.86,573.32
IT-002655,ORD-01347,P0007,1,0.05,533.08,533.08,141.49
IT-002656,ORD-01347,P0001,1,0.0,966.84,966.84,248.93
IT-002657,ORD-01348,P0008,4,0.0,449.0,1796.0,344.48
IT-002658,ORD-01348,P0016,1,0.1,218.07,218.07,57.91
IT-002659,ORD-01348,P0020,2,0.0,696.28,1392.56,675.24
IT-002660,ORD-01348,P0015,1,0.05,988.66,988.66,372.14
IT-002661,ORD-01349,P0021,2,0.0,1054.86,2109.72,449.56
IT-002662,ORD-01349,P0002,1,0.1,755.39,755.39,216.21
IT-002663,ORD-01350,P0015,4,0.1,936.62,3746.48,1280.4
IT-002664,ORD-01350,P0022,2,0.0,927.66,1855.32,913.02
IT-002665,ORD-01350,P0023,3,0.05,475.04,1425.11,366.5
IT-002666,ORD-01351,P0011,1,0.05,74.59,74.59,28.02
IT-002667,ORD-01351,P0017,1,0.0,866.66,866.66,268.7
IT-002668,ORD-01351,P0003,4,0.05,102.48,409.91,181.99
IT-002669,ORD-01352,P0009,2,0.1,679.82,1359.65,533.29
IT-002670,ORD-01352,P0021,2,0.0,1054.86,2109.72,449.56
IT-002671,ORD-01353,P0015,1,0.0,1040.69,1040.69,424.17
IT-002672,ORD-01354,P0023,1,0.2,400.03,400.03,47.16
IT-002673,ORD-01355,P0009,1,0.0,755.36,755.36,342.18
IT-002674,ORD-01356,P0001,2,0.15,821.81,1643.63,207.81
IT-002675,ORD-01357,P0002,1,0.15,713.42,713.42,174.24
IT-002676,ORD-01358,P0016,2,0.0,242.3,484.6,164.28
IT-002677,ORD-01359,P0013,3,0.2,1284.19,3852.58,1244.86
IT-002678,ORD-01360,P0022,2,0.1,834.89,1669.79,727.49
IT-002679,ORD-01361,P0009,2,0.0,755.36,1510.72,684.36
IT-002680,ORD-01361,P0014,2,0.15,22.7,45.41,6.83
IT-002681,ORD-01362,P0024,1,0.15,888.72,888.72,358.58
IT-002682,ORD-01363,P0006,2,0.0,942.04,1884.08,768.78
IT-002683,ORD-01363,P0016,2,0.0,242.3,484.6,164.28
IT-002684,ORD-01363,P0024,2,0.0,1045.55,2091.1,1030.82
IT-002685,ORD-01364,P0006,1,0.0,942.04,942.04,384.39
IT-002686,ORD-01365,P0020,1,0.0,696.28,696.28,337.62
IT-002687,ORD-01365,P0004,2,0.0,46.28,92.56,45.72
IT-002688,ORD-01365,P0017,1,0.05,823.33,823.33,225.37
IT-002689,ORD-01366,P0007,1,0.2,448.91,448.91,57.32
IT-002690,ORD-01366,P0005,1,0.1,236.18,236.18,41.14
IT-002691,ORD-01366,P0017,2,0.1,779.99,1559.99,364.07
IT-002692,ORD-01366,P0011,2,0.0,78.52,157.04,63.9
IT-002693,ORD-01367,P0011,1,0.0,78.52,78.52,31.95
IT-002694,ORD-01367,P0023,5,0.15,425.03,2125.17,360.82
IT-002695,ORD-01368,P0019,1,0.1,1429.7,1429.7,556.92
IT-002696,ORD-01368,P0010,2,0.0,689.95,1379.9,685.3
IT-002697,ORD-01369,P0007,3,0.1,505.03,1515.08,340.31
IT-002698,ORD-01369,P0001,5,0.2,773.47,3867.36,277.81
IT-002699,ORD-01369,P0019,1,0.2,1270.84,1270.84,398.06
IT-002700,ORD-01369,P0023,1,0.3,350.03,350.03,-2.84
IT-002701,ORD-01370,P0003,1,0.05,102.48,102.48,45.5
IT-002702,ORD-01371,P0016,4,0.2,193.84,775.36,134.72
IT-002703,ORD-01371,P0024,1,0.0,1045.55,1045.55,515.41
IT-002704,ORD-01371,P0025,3,0.15,205.28,615.83,222.44
IT-002705,ORD-01371,P0020,1,0.05,661.47,661.47,302.81
IT-002706,ORD-01372,P0009,1,0.1,679.82,679.82,266.64
IT-002707,ORD-01372,P0017,1,0.1,779.99,779.99,182.03
IT-002708,ORD-01372,P0014,1,0.2,21.37,21.37,2.08
IT-002709,ORD-01373,P0002,2,0.0,839.32,1678.64,600.28
IT-002710,ORD-01373,P0011,1,0.0,78.52,78.52,31.95
IT-002711,ORD-01374,P0024,3,0.05,993.27,2979.82,1389.4
IT-002712,ORD-01375,P0015,1,0.0,1040.69,1040.69,424.17
IT-002713,ORD-01375,P0025,5,0.15,205.28,1026.38,370.72
IT-002714,ORD-01376,P0021,1,0.05,1002.12,1002.12,172.04
IT-002715,ORD-01376,P0012,1,0.0,494.17,494.17,85.97
IT-002716,ORD-01377,P0008,1,0.2,359.2,359.2,-3.68
IT-002717,ORD-01377,P0002,2,0.1,755.39,1510.78,432.42
IT-002718,ORD-01378,P0019,4,0.1,1429.7,5718.78,2227.66
IT-002719,ORD-01378,P0020,2,0.0,696.28,1392.56,675.24
IT-002720,ORD-01379,P0017,2,0.05,823.33,1646.65,450.73
IT-002721,ORD-01380,P0005,2,0.0,262.42,524.84,134.76
IT-002722,ORD-01381,P0025,1,0.05,229.42,229.42,98.29
IT-002723,ORD-01381,P0004,1,0.0,46.28,46.28,22.86
IT-002724,ORD-01382,P0020,3,0.0,696.28,2088.84,1012.86
IT-002725,ORD-01383,P0021,3,0.1,949.37,2848.12,357.88
IT-002726,ORD-01384,P0020,1,0.05,661.47,661.47,302.81
IT-002727,ORD-01385,P0022,2,0.15,788.51,1577.02,634.72
IT-002728,ORD-01386,P0002,1,0.3,587.52,587.52,48.34
IT-002729,ORD-01386,P0010,5,0.0,689.95,3449.75,1713.25
IT-002730,ORD-01387,P0011,3,0.15,66.74,200.23,60.52
IT-002731,ORD-01388,P0020,1,0.05,661.47,661.47,302.81
IT-002732,ORD-01388,P0025,1,0.0,241.5,241.5,110.37
IT-002733,ORD-01388,P0008,2,0.0,449.0,898.0,172.24
IT-002734,ORD-01388,P0021,1,0.0,1054.86,1054.86,224.78
IT-002735,ORD-01389,P0024,1,0.0,1045.55,1045.55,515.41
IT-002736,ORD-01389,P0005,2,0.0,262.42,524.84,134.76
IT-002737,ORD-01389,P0010,1,0.15,586.46,586.46,239.16
IT-002738,ORD-01390,P0007,1,0.0,561.14,561.14,169.55
IT-002739,ORD-01390,P0018,1,0.2,252.9,252.9,61.79
IT-002740,ORD-01391,P0024,1,0.15,888.72,888.72,358.58
IT-002741,ORD-01392,P0018,2,0.1,284.51,569.02,186.8
IT-002742,ORD-01392,P0011,1,0.15,66.74,66.74,20.17
IT-002743,ORD-01393,P0015,1,0.0,1040.69,1040.69,424.17
IT-002744,ORD-01393,P0003,1,0.3,75.51,75.51,18.53
IT-002745,ORD-01394,P0010,1,0.0,689.95,689.95,342.65
IT-002746,ORD-01394,P0022,1,0.0,927.66,927.66,456.51
IT-002747,ORD-01394,P0008,3,0.15,381.65,1144.95,56.31
IT-002748,ORD-01394,P0020,1,0.1,626.65,626.65,267.99
IT-002749,ORD-01395,P0020,4,0.05,661.47,2645.86,1211.22
IT-002750,ORD-01395,P0006,1,0.05,894.94,894.94,337.29
IT-002751,ORD-01396,P0013,1,0.0,1605.24,1605.24,736.0
IT-002752,ORD-01396,P0002,1,0.0,839.32,839.32,300.14
IT-002753,ORD-01397,P0019,1,0.0,1588.55,1588.55,715.77
IT-002754,ORD-01397,P0020,2,0.0,696.28,1392.56,675.24
IT-002755,ORD-01397,P0021,2,0.05,1002.12,2004.23,344.07
IT-002756,ORD-01398,P0023,2,0.0,500.04,1000.08,294.34
IT-002757,ORD-01399,P0002,2,0.0,839.32,1678.64,600.28
IT-002758,ORD-01400,P0009,3,0.0,755.36,2266.08,1026.54
IT-002759,ORD-01400,P0025,1,0.15,205.28,205.28,74.15
IT-002760,ORD-01401,P0014,2,0.2,21.37,42.74,4.16
IT-002761,ORD-01402,P0006,2,0.0,942.04,1884.08,768.78
IT-002762,ORD-01403,P0006,1,0.15,800.73,800.73,243.08
IT-002763,ORD-01403,P0019,3,0.0,1588.55,4765.65,2147.31
IT-002764,ORD-01404,P0018,3,0.0,316.12,948.36,375.03
IT-002765,ORD-01405,P0009,2,0.2,604.29,1208.58,382.22
IT-002766,ORD-01405,P0010,1,0.0,689.95,689.95,342.65
IT-002767,ORD-01406,P0010,1,0.0,689.95,689.95,342.65
IT-002768,ORD-01406,P0003,1,0.0,107.87,107.87,50.89
IT-002769,ORD-01406,P0021,2,0.05,1002.12,2004.23,344.07
IT-002770,ORD-01407,P0013,4,0.2,1284.19,5136.77,1659.81
IT-002771,ORD-01408,P0002,1,0.3,587.52,587.52,48.34
IT-002772,ORD-01409,P0018,1,0.3,221.28,221.28,30.17
IT-002773,ORD-01410,P0007,1,0.0,561.14,561.14,169.55
IT-002774,ORD-01411,P0015,2,0.3,728.48,1456.97,223.93
IT-002775,ORD-01412,P0013,1,0.05,1524.98,1524.98,655.74
IT-002776,ORD-01413,P0005,1,0.3,183.69,183.69,-11.35
IT-002777,ORD-01413,P0014,2,0.2,21.37,42.74,4.16
IT-002778,ORD-01414,P0023,1,0.1,450.04,450.04,97.17
IT-002779,ORD-01415,P0008,1,0.2,359.2,359.2,-3.68
IT-002780,ORD-01415,P0007,3,0.0,561.14,1683.42,508.65
IT-002781,ORD-01416,P0024,1,0.05,993.27,993.27,463.13
IT-002782,ORD-01416,P0013,1,0.15,1364.45,1364.45,495.21
IT-002783,ORD-01416,P0010,4,0.0,689.95,2759.8,1370.6
IT-002784,ORD-01417,P0002,1,0.2,671.46,671.46,132.28
IT-002785,ORD-01417,P0005,1,0.0,262.42,262.42,67.38
IT-002786,ORD-01417,P0009,1,0.0,755.36,755.36,342.18
IT-002787,ORD-01418,P0011,1,0.05,74.59,74.59,28.02
IT-002788,ORD-01418,P0007,3,0.1,505.03,1515.08,340.31
IT-002789,ORD-01419,P0025,1,0.0,241.5,241.5,110.37
IT-002790,ORD-01420,P0008,2,0.0,449.0,898.0,172.24
IT-002791,ORD-01420,P0018,2,0.0,316.12,632.24,250.02
IT-002792,ORD-01421,P0023,1,0.0,500.04,500.04,147.17
IT-002793,ORD-01422,P0019,2,0.05,1509.12,3018.24,1272.68
IT-002794,ORD-01423,P0017,1,0.05,823.33,823.33,225.37
IT-002795,ORD-01423,P0013,1,0.3,1123.67,1123.67,254.43
IT-002796,ORD-01423,P0022,1,0.0,927.66,927.66,456.51
IT-002797,ORD-01424,P0016,2,0.2,193.84,387.68,67.36
IT-002798,ORD-01425,P0017,1,0.2,693.33,693.33,95.37
IT-002799,ORD-01426,P0013,3,0.0,1605.24,4815.72,2208.0
IT-002800,ORD-01426,P0015,4,0.0,1040.69,4162.76,1696.68
IT-002801,ORD-01426,P0008,1,0.0,449.0,449.0,86.12
IT-002802,ORD-01427,P0014,1,0.05,25.37,25.37,6.08
IT-002803,ORD-01427,P0022,1,0.0,927.66,927.66,456.51
IT-002804,ORD-01427,P0021,1,0.05,1002.12,1002.12,172.04
IT-002805,ORD-01428,P0016,2,0.0,242.3,484.6,164.28
IT-002806,ORD-01429,P0003,2,0.2,86.3,172.59,58.63
IT-002807,ORD-01430,P0003,3,0.0,107.87,323.61,152.67
IT-002808,ORD-01430,P0010,1,0.05,655.45,655.45,308.15
IT-002809,ORD-01431,P0012,2,0.2,395.34,790.67,-25.73
IT-002810,ORD-01431,P0017,2,0.0,866.66,1733.32,537.4
IT-002811,ORD-01432,P0020,1,0.0,696.28,696.28,337.62
IT-002812,ORD-01433,P0021,1,0.05,1002.12,1002.12,172.04
IT-002813,ORD-01433,P0002,2,0.0,839.32,1678.64,600.28
IT-002814,ORD-01434,P0022,2,0.0,927.66,1855.32,913.02
IT-002815,ORD-01434,P0025,1,0.2,193.2,193.2,62.07
IT-002816,ORD-01434,P0023,2,0.15,425.03,850.07,144.33
IT-002817,ORD-01434,P0008,2,0.1,404.1,808.2,82.44
IT-002818,ORD-01435,P0020,2,0.15,591.84,1183.68,466.36
IT-002819,ORD-01436,P0024,1,0.05,993.27,993.27,463.13
IT-002820,ORD-01436,P0011,2,0.05,74.59,149.19,56.05
IT-002821,ORD-01436,P0007,1,0.05,533.08,533.08,141.49
IT-002822,ORD-01437,P0001,1,0.0,966.84,966.84,248.93
IT-002823,ORD-01437,P0016,3,0.2,193.84,581.52,101.04
IT-002824,ORD-01437,P0019,2,0.0,1588.55,3177.1,1431.54
IT-002825,ORD-01437,P0009,1,0.0,755.36,755.36,342.18
IT-002826,ORD-01438,P0025,1,0.05,229.42,229.42,98.29
IT-002827,ORD-01439,P0025,1,0.05,229.42,229.42,98.29
IT-002828,ORD-01439,P0004,1,0.0,46.28,46.28,22.86
IT-002829,ORD-01439,P0023,1,0.1,450.04,450.04,97.17
IT-002830,ORD-01440,P0013,3,0.0,1605.24,4815.72,2208.0
IT-002831,ORD-01441,P0004,1,0.0,46.28,46.28,22.86
IT-002832,ORD-01441,P0013,1,0.0,1605.24,1605.24,736.0
IT-002833,ORD-01442,P0012,4,0.15,420.04,1680.18,47.38
IT-002834,ORD-01442,P0011,1,0.1,70.67,70.67,24.1
IT-002835,ORD-01442,P0003,2,0.05,102.48,204.95,90.99
IT-002836,ORD-01443,P0021,1,0.15,896.63,896.63,66.55
IT-002837,ORD-01444,P0003,2,0.1,97.08,194.17,80.21
IT-002838,ORD-01444,P0008,1,0.2,359.2,359.2,-3.68
IT-002839,ORD-01445,P0014,1,0.0,26.71,26.71,7.42
IT-002840,ORD-01445,P0004,2,0.0,46.28,92.56,45.72
IT-002841,ORD-01445,P0024,3,0.05,993.27,2979.82,1389.4
IT-002842,ORD-01446,P0002,1,0.1,755.39,755.39,216.21
IT-002843,ORD-01447,P0014,1,0.2,21.37,21.37,2.08
IT-002844,ORD-01448,P0001,4,0.1,870.16,3480.62,608.98
IT-002845,ORD-01449,P0012,1,0.05,469.46,469.46,61.26
IT-002846,ORD-01449,P0017,2,0.1,779.99,1559.99,364.07
IT-002847,ORD-01450,P0016,2,0.1,218.07,436.14,115.82
IT-002848,ORD-01450,P0024,1,0.15,888.72,888.72,358.58
IT-002849,ORD-01450,P0012,4,0.0,494.17,1976.68,343.88
IT-002850,ORD-01450,P0023,1,0.1,450.04,450.04,97.17
IT-002851,ORD-01451,P0017,1,0.1,779.99,779.99,182.03
IT-002852,ORD-01451,P0019,5,0.0,1588.55,7942.75,3578.85
IT-002853,ORD-01451,P0011,1,0.1,70.67,70.67,24.1
IT-002854,ORD-01452,P0007,1,0.05,533.08,533.08,141.49
IT-002855,ORD-01452,P0024,1,0.0,1045.55,1045.55,515.41
IT-002856,ORD-01453,P0024,3,0.0,1045.55,3136.65,1546.23
IT-002857,ORD-01453,P0006,4,0.3,659.43,2637.71,407.11
IT-002858,ORD-01454,P0014,1,0.2,21.37,21.37,2.08
IT-002859,ORD-01455,P0004,1,0.0,46.28,46.28,22.86
IT-002860,ORD-01456,P0022,4,0.0,927.66,3710.64,1826.04
IT-002861,ORD-01456,P0006,2,0.0,942.04,1884.08,768.78
IT-002862,ORD-01457,P0009,1,0.1,679.82,679.82,266.64
IT-002863,ORD-01457,P0016,1,0.05,230.18,230.18,70.03
IT-002864,ORD-01458,P0007,1,0.1,505.03,505.03,113.44
IT-002865,ORD-01458,P0004,1,0.05,43.97,43.97,20.55
IT-002866,ORD-01459,P0010,1,0.3,482.96,482.96,135.66
IT-002867,ORD-01459,P0009,1,0.0,755.36,755.36,342.18
IT-002868,ORD-01459,P0021,1,0.0,1054.86,1054.86,224.78
IT-002869,ORD-01459,P0007,2,0.15,476.97,953.94,170.76
IT-002870,ORD-01460,P0018,1,0.0,316.12,316.12,125.01
IT-002871,ORD-01460,P0007,1,0.2,448.91,448.91,57.32
IT-002872,ORD-01461,P0018,3,0.0,316.12,948.36,375.03
IT-002873,ORD-01461,P0021,1,0.15,896.63,896.63,66.55
IT-002874,ORD-01462,P0018,1,0.0,316.12,316.12,125.01
IT-002875,ORD-01463,P0025,1,0.05,229.42,229.42,98.29
IT-002876,ORD-01463,P0017,1,0.3,606.66,606.66,8.7
IT-002877,ORD-01463,P0010,5,0.0,689.95,3449.75,1713.25
IT-002878,ORD-01463,P0001,3,0.0,966.84,2900.52,746.79
IT-002879,ORD-01464,P0007,4,0.0,561.14,2244.56,678.2
IT-002880,ORD-01464,P0005,1,0.15,223.06,223.06,28.02
IT-002881,ORD-01464,P0002,1,0.05,797.35,797.35,258.17
IT-002882,ORD-01465,P0025,1,0.05,229.42,229.42,98.29
IT-002883,ORD-01465,P0011,2,0.0,78.52,157.04,63.9
IT-002884,ORD-01465,P0013,5,0.1,1444.72,7223.58,2877.38
IT-002885,ORD-01466,P0006,1,0.05,894.94,894.94,337.29
IT-002886,ORD-01466,P0004,1,0.0,46.28,46.28,22.86
IT-002887,ORD-01467,P0010,1,0.3,482.96,482.96,135.66
IT-002888,ORD-01467,P0007,5,0.05,533.08,2665.42,707.46
IT-002889,ORD-01468,P0003,1,0.1,97.08,97.08,40.1
IT-002890,ORD-01468,P0021,5,0.0,1054.86,5274.3,1123.9
IT-002891,ORD-01469,P0017,4,0.1,779.99,3119.98,728.14
IT-002892,ORD-01470,P0023,1,0.05,475.04,475.04,122.17
IT-002893,ORD-01470,P0018,1,0.0,316.12,316.12,125.01
IT-002894,ORD-01471,P0014,1,0.1,24.04,24.04,4.75
IT-002895,ORD-01471,P0010,2,0.0,689.95,1379.9,685.3
IT-002896,ORD-01471,P0011,2,0.0,78.52,157.04,63.9
IT-002897,ORD-01472,P0021,3,0.2,843.89,2531.66,41.42
IT-002898,ORD-01473,P0007,3,0.2,448.91,1346.74,171.97
IT-002899,ORD-01474,P0001,1,0.0,966.84,966.84,248.93
IT-002900,ORD-01474,P0002,3,0.0,839.32,2517.96,900.42
IT-002901,ORD-01475,P0020,2,0.1,626.65,1253.3,535.98
IT-002902,ORD-01476,P0018,1,0.1,284.51,284.51,93.4
IT-002903,ORD-01476,P0006,2,0.0,942.04,1884.08,768.78
IT-002904,ORD-01477,P0023,1,0.0,500.04,500.04,147.17
IT-002905,ORD-01477,P0011,1,0.05,74.59,74.59,28.02
IT-002906,ORD-01478,P0012,3,0.0,494.17,1482.51,257.91
IT-002907,ORD-01479,P0018,3,0.15,268.7,806.11,232.78
IT-002908,ORD-01479,P0001,1,0.05,918.5,918.5,200.59
IT-002909,ORD-01479,P0015,1,0.1,936.62,936.62,320.1
IT-002910,ORD-01480,P0015,1,0.2,832.55,832.55,216.03
IT-002911,ORD-01480,P0021,4,0.0,1054.86,4219.44,899.12
IT-002912,ORD-01481,P0011,4,0.1,70.67,282.67,96.39
IT-002913,ORD-01481,P0012,2,0.0,494.17,988.34,171.94
IT-002914,ORD-01481,P0001,1,0.0,966.84,966.84,248.93
IT-002915,ORD-01482,P0014,4,0.0,26.71,106.84,29.68
IT-002916,ORD-01482,P0009,3,0.05,717.59,2152.78,913.24
IT-002917,ORD-01482,P0016,3,0.0,242.3,726.9,246.42
IT-002918,ORD-01483,P0022,1,0.3,649.36,649.36,178.21
IT-002919,ORD-01483,P0020,1,0.0,696.28,696.28,337.62
IT-002920,ORD-01483,P0018,5,0.1,284.51,1422.54,466.99
IT-002921,ORD-01484,P0007,2,0.0,561.14,1122.28,339.1
IT-002922,ORD-01485,P0016,1,0.0,242.3,242.3,82.14
IT-002923,ORD-01486,P0003,1,0.1,97.08,97.08,40.1
IT-002924,ORD-01487,P0010,3,0.0,689.95,2069.85,1027.95
IT-002925,ORD-01487,P0022,5,0.2,742.13,3710.64,1354.89
IT-002926,ORD-01488,P0022,4,0.05,881.28,3525.11,1640.51
IT-002927,ORD-01488,P0016,3,0.0,242.3,726.9,246.42
IT-002928,ORD-01488,P0011,1,0.0,78.52,78.52,31.95
IT-002929,ORD-01489,P0003,1,0.15,91.69,91.69,34.71
IT-002930,ORD-01489,P0004,1,0.3,32.4,32.4,8.98
IT-002931,ORD-01490,P0014,1,0.0,26.71,26.71,7.42
IT-002932,ORD-01490,P0021,3,0.05,1002.12,3006.35,516.11
IT-002933,ORD-01490,P0012,1,0.15,420.04,420.04,11.84
IT-002934,ORD-01491,P0025,1,0.05,229.42,229.42,98.29
IT-002935,ORD-01492,P0011,1,0.1,70.67,70.67,24.1
IT-002936,ORD-01493,P0003,3,0.2,86.3,258.89,87.95
IT-002937,ORD-01493,P0019,2,0.0,1588.55,3177.1,1431.54
IT-002938,ORD-01493,P0014,1,0.0,26.71,26.71,7.42
IT-002939,ORD-01494,P0025,2,0.1,217.35,434.7,172.44
IT-002940,ORD-01494,P0024,2,0.1,941.0,1881.99,821.71
IT-002941,ORD-01495,P0023,1,0.1,450.04,450.04,97.17
IT-002942,ORD-01495,P0021,1,0.15,896.63,896.63,66.55
IT-002943,ORD-01495,P0024,1,0.0,1045.55,1045.55,515.41
IT-002944,ORD-01496,P0018,1,0.0,316.12,316.12,125.01
IT-002945,ORD-01497,P0022,1,0.15,788.51,788.51,317.36
IT-002946,ORD-01497,P0016,1,0.0,242.3,242.3,82.14
IT-002947,ORD-01497,P0001,1,0.0,966.84,966.84,248.93
IT-002948,ORD-01497,P0012,5,0.0,494.17,2470.85,429.85
IT-002949,ORD-01498,P0023,4,0.15,425.03,1700.14,288.66
IT-002950,ORD-01498,P0010,3,0.0,689.95,2069.85,1027.95
IT-002951,ORD-01499,P0019,4,0.0,1588.55,6354.2,2863.08
IT-002952,ORD-01499,P0011,3,0.05,74.59,223.78,84.07
IT-002953,ORD-01499,P0003,1,0.2,86.3,86.3,29.32
IT-002954,ORD-01500,P0024,2,0.15,888.72,1777.44,717.16
IT-002955,ORD-01501,P0010,1,0.1,620.96,620.96,273.66
IT-002956,ORD-01501,P0013,1,0.0,1605.24,1605.24,736.0
IT-002957,ORD-01502,P0019,5,0.2,1270.84,6354.2,1990.3
IT-002958,ORD-01502,P0007,2,0.2,448.91,897.82,114.64
IT-002959,ORD-01502,P0021,1,0.0,1054.86,1054.86,224.78
IT-002960,ORD-01503,P0014,1,0.3,18.7,18.7,-0.59
IT-002961,ORD-01503,P0008,1,0.1,404.1,404.1,41.22
IT-002962,ORD-01503,P0021,1,0.0,1054.86,1054.86,224.78
IT-002963,ORD-01504,P0025,1,0.05,229.42,229.42,98.29
IT-002964,ORD-01505,P0007,2,0.05,533.08,1066.17,282.99
IT-002965,ORD-01506,P0007,4,0.2,448.91,1795.65,229.29
IT-002966,ORD-01506,P0025,1,0.0,241.5,241.5,110.37
IT-002967,ORD-01507,P0008,3,0.15,381.65,1144.95,56.31
IT-002968,ORD-01508,P0001,1,0.1,870.16,870.16,152.25
IT-002969,ORD-01508,P0012,3,0.0,494.17,1482.51,257.91
IT-002970,ORD-01509,P0014,3,0.2,21.37,64.1,6.23
IT-002971,ORD-01510,P0011,1,0.0,78.52,78.52,31.95
IT-002972,ORD-01511,P0009,1,0.0,755.36,755.36,342.18
IT-002973,ORD-01511,P0010,1,0.1,620.96,620.96,273.66
IT-002974,ORD-01512,P0012,1,0.15,420.04,420.04,11.84
IT-002975,ORD-01512,P0015,1,0.0,1040.69,1040.69,424.17
IT-002976,ORD-01513,P0012,2,0.1,444.75,889.51,73.11
IT-002977,ORD-01513,P0024,2,0.0,1045.55,2091.1,1030.82
IT-002978,ORD-01514,P0008,2,0.1,404.1,808.2,82.44
IT-002979,ORD-01514,P0017,4,0.3,606.66,2426.65,34.81
IT-002980,ORD-01514,P0013,1,0.0,1605.24,1605.24,736.0
IT-002981,ORD-01514,P0019,4,0.0,1588.55,6354.2,2863.08
IT-002982,ORD-01515,P0012,2,0.05,469.46,938.92,122.52
IT-002983,ORD-01516,P0021,2,0.05,1002.12,2004.23,344.07
IT-002984,ORD-01516,P0002,1,0.2,671.46,671.46,132.28
IT-002985,ORD-01517,P0019,5,0.15,1350.27,6751.34,2387.44
IT-002986,ORD-01518,P0005,1,0.15,223.06,223.06,28.02
IT-002987,ORD-01518,P0007,2,0.15,476.97,953.94,170.76
IT-002988,ORD-01519,P0002,2,0.0,839.32,1678.64,600.28
IT-002989,ORD-01520,P0011,1,0.05,74.59,74.59,28.02
IT-002990,ORD-01521,P0003,1,0.3,75.51,75.51,18.53
IT-002991,ORD-01522,P0002,2,0.05,797.35,1594.71,516.35
IT-002992,ORD-01523,P0021,1,0.0,1054.86,1054.86,224.78
IT-002993,ORD-01523,P0016,2,0.15,205.96,411.91,91.59
IT-002994,ORD-01523,P0020,2,0.1,626.65,1253.3,535.98
IT-002995,ORD-01524,P0012,3,0.0,494.17,1482.51,257.91
IT-002996,ORD-01524,P0017,2,0.0,866.66,1733.32,537.4
IT-002997,ORD-01525,P0009,4,0.0,755.36,3021.44,1368.72
IT-002998,ORD-01525,P0025,3,0.05,229.42,688.28,294.88
IT-002999,ORD-01525,P0001,4,0.1,870.16,3480.62,608.98
IT-003000,ORD-01525,P0010,2,0.0,689.95,1379.9,685.3
IT-003001,ORD-01526,P0008,1,0.0,449.0,449.0,86.12
IT-003002,ORD-01526,P0012,3,0.2,395.34,1186.01,-38.59
IT-003003,ORD-01527,P0025,1,0.15,205.28,205.28,74.15
IT-003004,ORD-01528,P0006,4,0.1,847.84,3391.34,1160.74
IT-003005,ORD-01529,P0005,2,0.0,262.42,524.84,134.76
IT-003006,ORD-01530,P0022,1,0.2,742.13,742.13,270.98
IT-003007,ORD-01531,P0003,3,0.2,86.3,258.89,87.95
IT-003008,ORD-01531,P0019,2,0.0,1588.55,3177.1,1431.54
IT-003009,ORD-01532,P0022,3,0.1,834.89,2504.68,1091.23
IT-003010,ORD-01532,P0023,3,0.05,475.04,1425.11,366.5
IT-003011,ORD-01533,P0021,3,0.05,1002.12,3006.35,516.11
IT-003012,ORD-01534,P0020,1,0.15,591.84,591.84,233.18
IT-003013,ORD-01535,P0004,1,0.0,46.28,46.28,22.86
IT-003014,ORD-01536,P0021,1,0.3,738.4,738.4,-91.68
IT-003015,ORD-01537,P0002,1,0.3,587.52,587.52,48.34
IT-003016,ORD-01538,P0015,2,0.15,884.59,1769.17,536.13
IT-003017,ORD-01538,P0016,3,0.1,218.07,654.21,173.73
IT-003018,ORD-01538,P0024,1,0.3,731.88,731.88,201.74
IT-003019,ORD-01539,P0001,4,0.2,773.47,3093.89,222.25
IT-003020,ORD-01540,P0022,1,0.3,649.36,649.36,178.21
IT-003021,ORD-01540,P0001,1,0.05,918.5,918.5,200.59
IT-003022,ORD-01541,P0015,5,0.1,936.62,4683.11,1600.51
IT-003023,ORD-01542,P0022,2,0.1,834.89,1669.79,727.49
IT-003024,ORD-01543,P0002,2,0.2,671.46,1342.91,264.55
IT-003025,ORD-01543,P0022,1,0.15,788.51,788.51,317.36
IT-003026,ORD-01543,P0023,2,0.2,400.03,800.06,94.32
IT-003027,ORD-01544,P0016,5,0.1,218.07,1090.35,289.55
IT-003028,ORD-01544,P0018,1,0.0,316.12,316.12,125.01
IT-003029,ORD-01545,P0008,5,0.15,381.65,1908.25,93.85
IT-003030,ORD-01546,P0024,3,0.0,1045.55,3136.65,1546.23
IT-003031,ORD-01546,P0006,3,0.1,847.84,2543.51,870.56
IT-003032,ORD-01546,P0017,2,0.0,866.66,1733.32,537.4
IT-003033,ORD-01547,P0006,1,0.1,847.84,847.84,290.19
IT-003034,ORD-01548,P0001,1,0.0,966.84,966.84,248.93
IT-003035,ORD-01549,P0020,1,0.0,696.28,696.28,337.62
IT-003036,ORD-01549,P0024,1,0.05,993.27,993.27,463.13
IT-003037,ORD-01549,P0025,1,0.0,241.5,241.5,110.37
IT-003038,ORD-01550,P0004,4,0.0,46.28,185.12,91.44
IT-003039,ORD-01550,P0013,1,0.0,1605.24,1605.24,736.0
IT-003040,ORD-01551,P0012,2,0.3,345.92,691.84,-124.56
IT-003041,ORD-01552,P0019,1,0.0,1588.55,1588.55,715.77
IT-003042,ORD-01553,P0003,4,0.05,102.48,409.91,181.99
IT-003043,ORD-01553,P0022,2,0.0,927.66,1855.32,913.02
IT-003044,ORD-01553,P0014,1,0.1,24.04,24.04,4.75
IT-003045,ORD-01554,P0018,2,0.0,316.12,632.24,250.02
IT-003046,ORD-01555,P0004,1,0.2,37.02,37.02,13.6
IT-003047,ORD-01556,P0002,2,0.15,713.42,1426.84,348.48
IT-003048,ORD-01556,P0003,3,0.0,107.87,323.61,152.67
IT-003049,ORD-01557,P0025,3,0.0,241.5,724.5,331.11
IT-003050,ORD-01557,P0002,4,0.0,839.32,3357.28,1200.56
IT-003051,ORD-01557,P0014,4,0.0,26.71,106.84,29.68
IT-003052,ORD-01558,P0003,3,0.0,107.87,323.61,152.67
IT-003053,ORD-01559,P0019,2,0.15,1350.27,2700.54,954.97
IT-003054,ORD-01559,P0009,2,0.15,642.06,1284.11,457.75
IT-003055,ORD-01559,P0001,1,0.0,966.84,966.84,248.93
IT-003056,ORD-01560,P0025,2,0.0,241.5,483.0,220.74
IT-003057,ORD-01560,P0023,1,0.0,500.04,500.04,147.17
IT-003058,ORD-01561,P0025,2,0.0,241.5,483.0,220.74
IT-003059,ORD-01561,P0001,1,0.05,918.5,918.5,200.59
IT-003060,ORD-01562,P0004,2,0.2,37.02,74.05,27.21
IT-003061,ORD-01562,P0016,3,0.0,242.3,726.9,246.42
IT-003062,ORD-01563,P0022,1,0.15,788.51,788.51,317.36
IT-003063,ORD-01563,P0002,1,0.0,839.32,839.32,300.14
IT-003064,ORD-01563,P0010,2,0.1,620.96,1241.91,547.31
IT-003065,ORD-01563,P0009,2,0.0,755.36,1510.72,684.36
IT-003066,ORD-01564,P0015,2,0.1,936.62,1873.24,640.2
IT-003067,ORD-01565,P0015,1,0.0,1040.69,1040.69,424.17
IT-003068,ORD-01566,P0022,1,0.2,742.13,742.13,270.98
IT-003069,ORD-01566,P0024,2,0.05,993.27,1986.54,926.26
IT-003070,ORD-01566,P0021,4,0.0,1054.86,4219.44,899.12
IT-003071,ORD-01567,P0004,1,0.15,39.34,39.34,15.92
IT-003072,ORD-01567,P0016,2,0.0,242.3,484.6,164.28
IT-003073,ORD-01568,P0023,1,0.1,450.04,450.04,97.17
IT-003074,ORD-01568,P0018,4,0.0,316.12,1264.48,500.04
IT-003075,ORD-01569,P0016,2,0.0,242.3,484.6,164.28
IT-003076,ORD-01569,P0001,2,0.2,773.47,1546.94,111.12
IT-003077,ORD-01570,P0018,2,0.15,268.7,537.4,155.18
IT-003078,ORD-01570,P0008,2,0.15,381.65,763.3,37.54
IT-003079,ORD-01571,P0017,1,0.05,823.33,823.33,225.37
IT-003080,ORD-01571,P0012,1,0.1,444.75,444.75,36.55
IT-003081,ORD-01571,P0003,3,0.2,86.3,258.89,87.95
IT-003082,ORD-01572,P0023,2,0.1,450.04,900.07,194.33
IT-003083,ORD-01572,P0006,1,0.2,753.63,753.63,195.98
IT-003084,ORD-01572,P0007,3,0.0,561.14,1683.42,508.65
IT-003085,ORD-01573,P0009,1,0.15,642.06,642.06,228.88
IT-003086,ORD-01573,P0002,1,0.0,839.32,839.32,300.14
IT-003087,ORD-01574,P0017,1,0.1,779.99,779.99,182.03
IT-003088,ORD-01575,P0023,2,0.15,425.03,850.07,144.33
IT-003089,ORD-01575,P0017,1,0.1,779.99,779.99,182.03
IT-003090,ORD-01576,P0022,3,0.3,649.36,1948.09,534.64
IT-003091,ORD-01576,P0025,1,0.0,241.5,241.5,110.37
IT-003092,ORD-01577,P0002,3,0.2,671.46,2014.37,396.83
IT-003093,ORD-01577,P0014,1,0.05,25.37,25.37,6.08
IT-003094,ORD-01578,P0022,1,0.15,788.51,788.51,317.36
IT-003095,ORD-01578,P0019,3,0.05,1509.12,4527.37,1909.03
IT-003096,ORD-01579,P0013,1,0.05,1524.98,1524.98,655.74
IT-003097,ORD-01580,P0016,2,0.1,218.07,436.14,115.82
IT-003098,ORD-01580,P0018,1,0.05,300.31,300.31,109.2
IT-003099,ORD-01581,P0014,2,0.1,24.04,48.08,9.5
IT-003100,ORD-01581,P0005,3,0.0,262.42,787.26,202.14
IT-003101,ORD-01582,P0006,1,0.0,942.04,942.04,384.39
IT-003102,ORD-01582,P0017,1,0.05,823.33,823.33,225.37
IT-003103,ORD-01582,P0003,1,0.1,97.08,97.08,40.1
IT-003104,ORD-01583,P0003,1,0.0,107.87,107.87,50.89
IT-003105,ORD-01583,P0010,1,0.0,689.95,689.95,342.65
IT-003106,ORD-01584,P0025,1,0.05,229.42,229.42,98.29
IT-003107,ORD-01585,P0001,3,0.0,966.84,2900.52,746.79
IT-003108,ORD-01585,P0020,1,0.0,696.28,696.28,337.62
IT-003109,ORD-01586,P0010,1,0.3,482.96,482.96,135.66
IT-003110,ORD-01586,P0006,1,0.05,894.94,894.94,337.29
IT-003111,ORD-01586,P0025,1,0.0,241.5,241.5,110.37
IT-003112,ORD-01587,P0011,4,0.05,74.59,298.38,112.1
IT-003113,ORD-01587,P0016,3,0.2,193.84,581.52,101.04
IT-003114,ORD-01588,P0005,1,0.05,249.3,249.3,54.26
IT-003115,ORD-01588,P0024,1,0.2,836.44,836.44,306.3
IT-003116,ORD-01589,P0017,1,0.0,866.66,866.66,268.7
IT-003117,ORD-01589,P0021,4,0.1,949.37,3797.5,477.18
IT-003118,ORD-01590,P0005,2,0.0,262.42,524.84,134.76
IT-003119,ORD-01591,P0003,4,0.1,97.08,388.33,160.41
IT-003120,ORD-01591,P0004,2,0.0,46.28,92.56,45.72
IT-003121,ORD-01591,P0014,2,0.0,26.71,53.42,14.84
IT-003122,ORD-01592,P0007,3,0.1,505.03,1515.08,340.31
IT-003123,ORD-01593,P0004,3,0.1,41.65,124.96,54.7
IT-003124,ORD-01593,P0023,1,0.05,475.04,475.04,122.17
IT-003125,ORD-01594,P0010,3,0.0,689.95,2069.85,1027.95
IT-003126,ORD-01595,P0002,2,0.15,713.42,1426.84,348.48
IT-003127,ORD-01596,P0008,1,0.0,449.0,449.0,86.12
IT-003128,ORD-01596,P0020,1,0.0,696.28,696.28,337.62
IT-003129,ORD-01597,P0014,2,0.15,22.7,45.41,6.83
IT-003130,ORD-01597,P0004,1,0.1,41.65,41.65,18.23
IT-003131,ORD-01598,P0001,1,0.0,966.84,966.84,248.93
IT-003132,ORD-01598,P0004,3,0.15,39.34,118.01,47.75
IT-003133,ORD-01599,P0010,3,0.1,620.96,1862.87,820.97
IT-003134,ORD-01599,P0022,5,0.0,927.66,4638.3,2282.55
IT-003135,ORD-01600,P0025,3,0.1,217.35,652.05,258.66
IT-003136,ORD-01600,P0012,1,0.0,494.17,494.17,85.97
IT-003137,ORD-01601,P0023,1,0.2,400.03,400.03,47.16
IT-003138,ORD-01601,P0019,1,0.05,1509.12,1509.12,636.34
IT-003139,ORD-01602,P0003,2,0.2,86.3,172.59,58.63
IT-003140,ORD-01602,P0024,2,0.0,1045.55,2091.1,1030.82
IT-003141,ORD-01603,P0016,1,0.15,205.96,205.96,45.8
IT-003142,ORD-01603,P0021,4,0.05,1002.12,4008.47,688.15
IT-003143,ORD-01604,P0004,1,0.05,43.97,43.97,20.55
IT-003144,ORD-01604,P0020,1,0.2,557.02,557.02,198.36
IT-003145,ORD-01605,P0003,3,0.15,91.69,275.07,104.13
IT-003146,ORD-01605,P0014,1,0.1,24.04,24.04,4.75
IT-003147,ORD-01606,P0023,2,0.0,500.04,1000.08,294.34
IT-003148,ORD-01606,P0006,2,0.0,942.04,1884.08,768.78
IT-003149,ORD-01606,P0015,1,0.15,884.59,884.59,268.07
IT-003150,ORD-01606,P0020,1,0.0,696.28,696.28,337.62
IT-003151,ORD-01607,P0021,1,0.0,1054.86,1054.86,224.78
IT-003152,ORD-01608,P0024,3,0.05,993.27,2979.82,1389.4
IT-003153,ORD-01608,P0020,1,0.05,661.47,661.47,302.81
IT-003154,ORD-01608,P0005,1,0.0,262.42,262.42,67.38
IT-003155,ORD-01609,P0002,1,0.0,839.32,839.32,300.14
IT-003156,ORD-01610,P0023,1,0.0,500.04,500.04,147.17
IT-003157,ORD-01611,P0008,4,0.0,449.0,1796.0,344.48
IT-003158,ORD-01612,P0005,1,0.1,236.18,236.18,41.14
IT-003159,ORD-01612,P0006,3,0.15,800.73,2402.2,729.25
IT-003160,ORD-01613,P0009,3,0.0,755.36,2266.08,1026.54
IT-003161,ORD-01614,P0025,2,0.05,229.42,458.85,196.59
IT-003162,ORD-01614,P0011,3,0.05,74.59,223.78,84.07
IT-003163,ORD-01614,P0012,1,0.2,395.34,395.34,-12.86
IT-003164,ORD-01615,P0008,1,0.0,449.0,449.0,86.12
IT-003165,ORD-01615,P0005,2,0.05,249.3,498.6,108.52
IT-003166,ORD-01615,P0023,2,0.1,450.04,900.07,194.33
IT-003167,ORD-01616,P0016,2,0.0,242.3,484.6,164.28
IT-003168,ORD-01616,P0004,2,0.05,43.97,87.93,41.09
IT-003169,ORD-01617,P0017,3,0.0,866.66,2599.98,806.1
IT-003170,ORD-01617,P0021,3,0.0,1054.86,3164.58,674.34
IT-003171,ORD-01618,P0012,3,0.15,420.04,1260.13,35.53
IT-003172,ORD-01618,P0017,1,0.0,866.66,866.66,268.7
IT-003173,ORD-01618,P0002,1,0.2,671.46,671.46,132.28
IT-003174,ORD-01618,P0005,1,0.2,209.94,209.94,14.9
IT-003175,ORD-01619,P0015,1,0.0,1040.69,1040.69,424.17
IT-003176,ORD-01619,P0012,1,0.0,494.17,494.17,85.97
IT-003177,ORD-01619,P0008,1,0.0,449.0,449.0,86.12
IT-003178,ORD-01620,P0011,1,0.1,70.67,70.67,24.1
IT-003179,ORD-01620,P0019,1,0.0,1588.55,1588.55,715.77
IT-003180,ORD-01621,P0004,2,0.05,43.97,87.93,41.09
IT-003181,ORD-01621,P0010,5,0.15,586.46,2932.29,1195.79
IT-003182,ORD-01622,P0015,2,0.15,884.59,1769.17,536.13
IT-003183,ORD-01622,P0003,1,0.1,97.08,97.08,40.1
IT-003184,ORD-01623,P0020,1,0.0,696.28,696.28,337.62
IT-003185,ORD-01623,P0013,1,0.05,1524.98,1524.98,655.74
IT-003186,ORD-01624,P0006,3,0.0,942.04,2826.12,1153.17
IT-003187,ORD-01625,P0001,1,0.0,966.84,966.84,248.93
IT-003188,ORD-01625,P0005,2,0.05,249.3,498.6,108.52
IT-003189,ORD-01626,P0010,3,0.05,655.45,1966.36,924.46
IT-003190,ORD-01627,P0023,2,0.0,500.04,1000.08,294.34
IT-003191,ORD-01628,P0016,3,0.0,242.3,726.9,246.42
IT-003192,ORD-01628,P0005,1,0.0,262.42,262.42,67.38
IT-003193,ORD-01629,P0020,1,0.3,487.4,487.4,128.74
IT-003194,ORD-01629,P0003,1,0.3,75.51,75.51,18.53
IT-003195,ORD-01629,P0021,1,0.0,1054.86,1054.86,224.78
IT-003196,ORD-01629,P0015,1,0.15,884.59,884.59,268.07
IT-003197,ORD-01630,P0025,2,0.0,241.5,483.0,220.74
IT-003198,ORD-01630,P0015,1,0.0,1040.69,1040.69,424.17
IT-003199,ORD-01630,P0014,3,0.15,22.7,68.11,10.24
IT-003200,ORD-01630,P0020,3,0.0,696.28,2088.84,1012.86
IT-003201,ORD-01631,P0018,1,0.3,221.28,221.28,30.17
IT-003202,ORD-01631,P0008,4,0.05,426.55,1706.2,254.68
IT-003203,ORD-01632,P0007,4,0.0,561.14,2244.56,678.2
IT-003204,ORD-01632,P0018,1,0.0,316.12,316.12,125.01
IT-003205,ORD-01633,P0019,1,0.0,1588.55,1588.55,715.77
IT-003206,ORD-01634,P0023,1,0.1,450.04,450.04,97.17
IT-003207,ORD-01634,P0010,1,0.0,689.95,689.95,342.65
IT-003208,ORD-01635,P0018,1,0.0,316.12,316.12,125.01
IT-003209,ORD-01636,P0023,5,0.0,500.04,2500.2,735.85
IT-003210,ORD-01637,P0021,1,0.0,1054.86,1054.86,224.78
IT-003211,ORD-01637,P0024,3,0.3,731.88,2195.65,605.23
IT-003212,ORD-01638,P0019,1,0.1,1429.7,1429.7,556.92
IT-003213,ORD-01639,P0020,1,0.1,626.65,626.65,267.99
IT-003214,ORD-01640,P0025,1,0.1,217.35,217.35,86.22
IT-003215,ORD-01640,P0012,1,0.05,469.46,469.46,61.26
IT-003216,ORD-01640,P0015,2,0.2,832.55,1665.1,432.06
IT-003217,ORD-01641,P0008,1,0.15,381.65,381.65,18.77
IT-003218,ORD-01642,P0024,1,0.1,941.0,941.0,410.86
IT-003219,ORD-01643,P0006,1,0.0,942.04,942.04,384.39
IT-003220,ORD-01644,P0017,4,0.0,866.66,3466.64,1074.8
IT-003221,ORD-01645,P0018,2,0.0,316.12,632.24,250.02
IT-003222,ORD-01646,P0020,1,0.15,591.84,591.84,233.18
IT-003223,ORD-01646,P0022,1,0.0,927.66,927.66,456.51
IT-003224,ORD-01646,P0001,4,0.05,918.5,3673.99,802.35
IT-003225,ORD-01647,P0023,2,0.0,500.04,1000.08,294.34
IT-003226,ORD-01648,P0012,4,0.0,494.17,1976.68,343.88
IT-003227,ORD-01648,P0021,2,0.0,1054.86,2109.72,449.56
IT-003228,ORD-01648,P0025,1,0.0,241.5,241.5,110.37
IT-003229,ORD-01649,P0010,1,0.15,586.46,586.46,239.16
IT-003230,ORD-01650,P0006,2,0.2,753.63,1507.26,391.96
IT-003231,ORD-01650,P0009,1,0.1,679.82,679.82,266.64
IT-003232,ORD-01651,P0004,4,0.1,41.65,166.61,72.93
IT-003233,ORD-01651,P0008,1,0.05,426.55,426.55,63.67
IT-003234,ORD-01652,P0015,4,0.3,728.48,2913.93,447.85
IT-003235,ORD-01652,P0002,1,0.15,713.42,713.42,174.24
IT-003236,ORD-01653,P0010,1,0.2,551.96,551.96,204.66
IT-003237,ORD-01653,P0013,2,0.0,1605.24,3210.48,1472.0
IT-003238,ORD-01654,P0025,5,0.15,205.28,1026.38,370.72
IT-003239,ORD-01654,P0007,3,0.0,561.14,1683.42,508.65
IT-003240,ORD-01654,P0001,1,0.0,966.84,966.84,248.93
IT-003241,ORD-01654,P0009,1,0.0,755.36,755.36,342.18
IT-003242,ORD-01655,P0023,1,0.0,500.04,500.04,147.17
IT-003243,ORD-01656,P0015,2,0.0,1040.69,2081.38,848.34
IT-003244,ORD-01656,P0019,1,0.0,1588.55,1588.55,715.77
IT-003245,ORD-01657,P0014,3,0.05,25.37,76.12,18.25
IT-003246,ORD-01657,P0012,1,0.0,494.17,494.17,85.97
IT-003247,ORD-01657,P0005,2,0.1,236.18,472.36,82.28
IT-003248,ORD-01658,P0011,1,0.2,62.82,62.82,16.25
IT-003249,ORD-01659,P0001,2,0.0,966.84,1933.68,497.86
IT-003250,ORD-01660,P0008,3,0.0,449.0,1347.0,258.36
IT-003251,ORD-01661,P0011,1,0.0,78.52,78.52,31.95
IT-003252,ORD-01661,P0016,2,0.0,242.3,484.6,164.28
IT-003253,ORD-01662,P0009,1,0.1,679.82,679.82,266.64
IT-003254,ORD-01663,P0004,2,0.0,46.28,92.56,45.72
IT-003255,ORD-01664,P0018,1,0.15,268.7,268.7,77.59
IT-003256,ORD-01664,P0023,1,0.0,500.04,500.04,147.17
IT-003257,ORD-01665,P0017,2,0.0,866.66,1733.32,537.4
IT-003258,ORD-01665,P0025,1,0.2,193.2,193.2,62.07
IT-003259,ORD-01666,P0024,2,0.0,1045.55,2091.1,1030.82
IT-003260,ORD-01667,P0005,5,0.05,249.3,1246.5,271.3
IT-003261,ORD-01668,P0019,1,0.1,1429.7,1429.7,556.92
IT-003262,ORD-01668,P0016,1,0.1,218.07,218.07,57.91
IT-003263,ORD-01669,P0014,5,0.0,26.71,133.55,37.1
IT-003264,ORD-01669,P0018,3,0.05,300.31,900.94,327.61
IT-003265,ORD-01669,P0025,1,0.0,241.5,241.5,110.37
IT-003266,ORD-01669,P0021,1,0.2,843.89,843.89,13.81
IT-003267,ORD-01670,P0009,1,0.2,604.29,604.29,191.11
IT-003268,ORD-01670,P0021,1,0.0,1054.86,1054.86,224.78
IT-003269,ORD-01671,P0008,1,0.0,449.0,449.0,86.12
IT-003270,ORD-01671,P0004,1,0.2,37.02,37.02,13.6
IT-003271,ORD-01671,P0018,4,0.1,284.51,1138.03,373.59
IT-003272,ORD-01672,P0021,2,0.15,896.63,1793.26,133.1
IT-003273,ORD-01673,P0008,1,0.0,449.0,449.0,86.12
IT-003274,ORD-01674,P0005,2,0.0,262.42,524.84,134.76
IT-003275,ORD-01674,P0025,2,0.0,241.5,483.0,220.74
IT-003276,ORD-01675,P0022,1,0.05,881.28,881.28,410.13
IT-003277,ORD-01675,P0012,1,0.05,469.46,469.46,61.26
IT-003278,ORD-01675,P0014,2,0.2,21.37,42.74,4.16
IT-003279,ORD-01676,P0002,1,0.15,713.42,713.42,174.24
IT-003280,ORD-01676,P0022,1,0.2,742.13,742.13,270.98
IT-003281,ORD-01677,P0001,1,0.0,966.84,966.84,248.93
IT-003282,ORD-01677,P0025,1,0.0,241.5,241.5,110.37
IT-003283,ORD-01677,P0010,1,0.0,689.95,689.95,342.65
IT-003284,ORD-01678,P0009,1,0.05,717.59,717.59,304.41
IT-003285,ORD-01678,P0019,2,0.3,1111.98,2223.97,478.41
IT-003286,ORD-01678,P0020,3,0.2,557.02,1671.07,595.09
IT-003287,ORD-01678,P0014,2,0.0,26.71,53.42,14.84
IT-003288,ORD-01679,P0012,3,0.0,494.17,1482.51,257.91
IT-003289,ORD-01680,P0007,2,0.05,533.08,1066.17,282.99
IT-003290,ORD-01681,P0023,1,0.0,500.04,500.04,147.17
IT-003291,ORD-01682,P0022,2,0.0,927.66,1855.32,913.02
IT-003292,ORD-01683,P0016,5,0.05,230.18,1150.92,350.12
IT-003293,ORD-01684,P0001,4,0.1,870.16,3480.62,608.98
IT-003294,ORD-01684,P0003,5,0.0,107.87,539.35,254.45
IT-003295,ORD-01684,P0007,1,0.0,561.14,561.14,169.55
IT-003296,ORD-01685,P0017,2,0.2,693.33,1386.66,190.74
IT-003297,ORD-01686,P0025,1,0.05,229.42,229.42,98.29
IT-003298,ORD-01687,P0004,1,0.0,46.28,46.28,22.86
IT-003299,ORD-01688,P0015,3,0.0,1040.69,3122.07,1272.51
IT-003300,ORD-01688,P0014,3,0.0,26.71,80.13,22.26
IT-003301,ORD-01688,P0004,1,0.05,43.97,43.97,20.55
IT-003302,ORD-01688,P0001,4,0.0,966.84,3867.36,995.72
IT-003303,ORD-01689,P0003,2,0.05,102.48,204.95,90.99
IT-003304,ORD-01689,P0025,5,0.3,169.05,845.25,189.6
IT-003305,ORD-01690,P0005,1,0.15,223.06,223.06,28.02
IT-003306,ORD-01690,P0013,4,0.05,1524.98,6099.91,2622.95
IT-003307,ORD-01690,P0022,1,0.05,881.28,881.28,410.13
IT-003308,ORD-01691,P0014,2,0.1,24.04,48.08,9.5
IT-003309,ORD-01691,P0022,1,0.0,927.66,927.66,456.51
IT-003310,ORD-01691,P0008,4,0.0,449.0,1796.0,344.48
IT-003311,ORD-01691,P0011,1,0.0,78.52,78.52,31.95
IT-003312,ORD-01692,P0012,1,0.1,444.75,444.75,36.55
IT-003313,ORD-01692,P0006,3,0.1,847.84,2543.51,870.56
IT-003314,ORD-01693,P0006,1,0.1,847.84,847.84,290.19
IT-003315,ORD-01694,P0013,1,0.15,1364.45,1364.45,495.21
IT-003316,ORD-01695,P0023,3,0.0,500.04,1500.12,441.51
IT-003317,ORD-01696,P0023,4,0.05,475.04,1900.15,488.67
IT-003318,ORD-01696,P0003,3,0.3,75.51,226.53,55.59
IT-003319,ORD-01697,P0009,2,0.3,528.75,1057.5,231.14
IT-003320,ORD-01698,P0024,2,0.0,1045.55,2091.1,1030.82
IT-003321,ORD-01699,P0017,1,0.1,779.99,779.99,182.03
IT-003322,ORD-01699,P0023,1,0.3,350.03,350.03,-2.84
IT-003323,ORD-01700,P0012,1,0.1,444.75,444.75,36.55
IT-003324,ORD-01700,P0006,1,0.15,800.73,800.73,243.08
IT-003325,ORD-01701,P0008,2,0.0,449.0,898.0,172.24
IT-003326,ORD-01701,P0020,1,0.2,557.02,557.02,198.36
IT-003327,ORD-01702,P0025,4,0.0,241.5,966.0,441.48
IT-003328,ORD-01703,P0009,2,0.05,717.59,1435.18,608.82
IT-003329,ORD-01703,P0025,1,0.1,217.35,217.35,86.22
IT-003330,ORD-01703,P0001,2,0.05,918.5,1837.0,401.18
IT-003331,ORD-01704,P0003,1,0.2,86.3,86.3,29.32
IT-003332,ORD-01704,P0016,2,0.0,242.3,484.6,164.28
IT-003333,ORD-01705,P0008,1,0.0,449.0,449.0,86.12
IT-003334,ORD-01706,P0006,1,0.05,894.94,894.94,337.29
IT-003335,ORD-01706,P0004,4,0.15,39.34,157.35,63.67
IT-003336,ORD-01706,P0008,3,0.15,381.65,1144.95,56.31
IT-003337,ORD-01707,P0002,2,0.0,839.32,1678.64,600.28
IT-003338,ORD-01707,P0018,3,0.0,316.12,948.36,375.03
IT-003339,ORD-01707,P0010,1,0.1,620.96,620.96,273.66
IT-003340,ORD-01707,P0015,3,0.0,1040.69,3122.07,1272.51
IT-003341,ORD-01708,P0016,2,0.1,218.07,436.14,115.82
IT-003342,ORD-01709,P0001,3,0.0,966.84,2900.52,746.79
IT-003343,ORD-01710,P0021,2,0.15,896.63,1793.26,133.1
IT-003344,ORD-01710,P0015,1,0.0,1040.69,1040.69,424.17
IT-003345,ORD-01711,P0011,2,0.0,78.52,157.04,63.9
IT-003346,ORD-01712,P0004,1,0.0,46.28,46.28,22.86
IT-003347,ORD-01712,P0021,4,0.0,1054.86,4219.44,899.12
IT-003348,ORD-01712,P0001,2,0.1,870.16,1740.31,304.49
IT-003349,ORD-01713,P0002,1,0.1,755.39,755.39,216.21
IT-003350,ORD-01714,P0020,1,0.1,626.65,626.65,267.99
IT-003351,ORD-01714,P0008,5,0.05,426.55,2132.75,318.35
IT-003352,ORD-01714,P0011,1,0.2,62.82,62.82,16.25
IT-003353,ORD-01715,P0005,2,0.0,262.42,524.84,134.76
IT-003354,ORD-01715,P0003,1,0.0,107.87,107.87,50.89
IT-003355,ORD-01716,P0003,1,0.15,91.69,91.69,34.71
IT-003356,ORD-01716,P0007,3,0.15,476.97,1430.91,256.14
IT-003357,ORD-01717,P0025,1,0.0,241.5,241.5,110.37
IT-003358,ORD-01718,P0018,2,0.0,316.12,632.24,250.02
IT-003359,ORD-01719,P0013,2,0.15,1364.45,2728.91,990.43
IT-003360,ORD-01720,P0007,3,0.0,561.14,1683.42,508.65
IT-003361,ORD-01721,P0002,5,0.0,839.32,4196.6,1500.7
IT-003362,ORD-01722,P0013,1,0.3,1123.67,1123.67,254.43
IT-003363,ORD-01722,P0021,2,0.15,896.63,1793.26,133.1
IT-003364,ORD-01722,P0002,1,0.2,671.46,671.46,132.28
IT-003365,ORD-01723,P0001,2,0.0,966.84,1933.68,497.86
IT-003366,ORD-01724,P0003,2,0.15,91.69,183.38,69.42
IT-003367,ORD-01724,P0002,4,0.0,839.32,3357.28,1200.56
IT-003368,ORD-01724,P0018,2,0.05,300.31,600.63,218.41
IT-003369,ORD-01725,P0017,5,0.0,866.66,4333.3,1343.5
IT-003370,ORD-01725,P0011,1,0.3,54.96,54.96,8.39
IT-003371,ORD-01726,P0004,4,0.2,37.02,148.1,54.42
IT-003372,ORD-01726,P0014,1,0.0,26.71,26.71,7.42
IT-003373,ORD-01726,P0007,1,0.3,392.8,392.8,1.21
IT-003374,ORD-01727,P0018,3,0.0,316.12,948.36,375.03
IT-003375,ORD-01727,P0021,2,0.2,843.89,1687.78,27.62
IT-003376,ORD-01727,P0017,4,0.15,736.66,2946.64,554.8
IT-003377,ORD-01727,P0013,1,0.2,1284.19,1284.19,414.95
IT-003378,ORD-01728,P0008,2,0.0,449.0,898.0,172.24
IT-003379,ORD-01729,P0018,1,0.15,268.7,268.7,77.59
IT-003380,ORD-01729,P0003,1,0.05,102.48,102.48,45.5
IT-003381,ORD-01729,P0020,2,0.2,557.02,1114.05,396.73
IT-003382,ORD-01730,P0015,4,0.15,884.59,3538.35,1072.27
IT-003383,ORD-01730,P0022,1,0.0,927.66,927.66,456.51
IT-003384,ORD-01731,P0013,2,0.0,1605.24,3210.48,1472.0
IT-003385,ORD-01731,P0009,1,0.0,755.36,755.36,342.18
IT-003386,ORD-01731,P0025,1,0.0,241.5,241.5,110.37
IT-003387,ORD-01732,P0023,2,0.05,475.04,950.08,244.34
IT-003388,ORD-01732,P0011,1,0.2,62.82,62.82,16.25
IT-003389,ORD-01733,P0003,1,0.1,97.08,97.08,40.1
IT-003390,ORD-01733,P0013,1,0.0,1605.24,1605.24,736.0
IT-003391,ORD-01734,P0004,1,0.05,43.97,43.97,20.55
IT-003392,ORD-01735,P0001,1,0.2,773.47,773.47,55.56
IT-003393,ORD-01736,P0020,1,0.0,696.28,696.28,337.62
IT-003394,ORD-01736,P0006,1,0.0,942.04,942.04,384.39
IT-003395,ORD-01737,P0022,2,0.0,927.66,1855.32,913.02
IT-003396,ORD-01737,P0016,1,0.15,205.96,205.96,45.8
IT-003397,ORD-01737,P0008,1,0.2,359.2,359.2,-3.68
IT-003398,ORD-01737,P0023,1,0.2,400.03,400.03,47.16
IT-003399,ORD-01738,P0020,1,0.3,487.4,487.4,128.74
IT-003400,ORD-01738,P0003,2,0.0,107.87,215.74,101.78
IT-003401,ORD-01739,P0021,2,0.0,1054.86,2109.72,449.56
IT-003402,ORD-01740,P0010,1,0.0,689.95,689.95,342.65
IT-003403,ORD-01740,P0014,4,0.1,24.04,96.16,19.0
IT-003404,ORD-01740,P0020,1,0.2,557.02,557.02,198.36
IT-003405,ORD-01741,P0006,2,0.2,753.63,1507.26,391.96
IT-003406,ORD-01741,P0015,3,0.1,936.62,2809.86,960.3
IT-003407,ORD-01741,P0008,4,0.15,381.65,1526.6,75.08
IT-003408,ORD-01742,P0018,1,0.0,316.12,316.12,125.01
IT-003409,ORD-01743,P0011,1,0.0,78.52,78.52,31.95
IT-003410,ORD-01744,P0022,5,0.0,927.66,4638.3,2282.55
IT-003411,ORD-01745,P0016,1,0.0,242.3,242.3,82.14
IT-003412,ORD-01745,P0009,2,0.3,528.75,1057.5,231.14
IT-003413,ORD-01745,P0021,5,0.0,1054.86,5274.3,1123.9
IT-003414,ORD-01746,P0014,3,0.05,25.37,76.12,18.25
IT-003415,ORD-01746,P0022,2,0.0,927.66,1855.32,913.02
IT-003416,ORD-01746,P0025,1,0.05,229.42,229.42,98.29
IT-003417,ORD-01747,P0022,1,0.05,881.28,881.28,410.13
IT-003418,ORD-01748,P0020,3,0.05,661.47,1984.4,908.42
IT-003419,ORD-01749,P0001,2,0.15,821.81,1643.63,207.81
IT-003420,ORD-01749,P0019,5,0.2,1270.84,6354.2,1990.3
IT-003421,ORD-01749,P0015,1,0.05,988.66,988.66,372.14
IT-003422,ORD-01750,P0016,3,0.1,218.07,654.21,173.73
IT-003423,ORD-01750,P0001,1,0.0,966.84,966.84,248.93
IT-003424,ORD-01750,P0015,2,0.0,1040.69,2081.38,848.34
IT-003425,ORD-01750,P0002,4,0.0,839.32,3357.28,1200.56
IT-003426,ORD-01751,P0016,1,0.0,242.3,242.3,82.14
IT-003427,ORD-01751,P0012,1,0.2,395.34,395.34,-12.86
IT-003428,ORD-01751,P0010,1,0.05,655.45,655.45,308.15
IT-003429,ORD-01752,P0016,1,0.05,230.18,230.18,70.03
IT-003430,ORD-01752,P0009,2,0.1,679.82,1359.65,533.29
IT-003431,ORD-01753,P0002,1,0.0,839.32,839.32,300.14
IT-003432,ORD-01754,P0008,4,0.1,404.1,1616.4,164.88
IT-003433,ORD-01754,P0010,4,0.1,620.96,2483.82,1094.62
IT-003434,ORD-01755,P0003,1,0.2,86.3,86.3,29.32
IT-003435,ORD-01756,P0009,2,0.05,717.59,1435.18,608.82
IT-003436,ORD-01756,P0015,1,0.05,988.66,988.66,372.14
IT-003437,ORD-01756,P0014,1,0.0,26.71,26.71,7.42
IT-003438,ORD-01757,P0020,1,0.1,626.65,626.65,267.99
IT-003439,ORD-01758,P0008,2,0.0,449.0,898.0,172.24
IT-003440,ORD-01758,P0003,1,0.0,107.87,107.87,50.89
IT-003441,ORD-01758,P0007,2,0.3,392.8,785.6,2.42
IT-003442,ORD-01759,P0002,1,0.0,839.32,839.32,300.14
IT-003443,ORD-01760,P0024,1,0.0,1045.55,1045.55,515.41
IT-003444,ORD-01760,P0025,3,0.15,205.28,615.83,222.44
IT-003445,ORD-01760,P0022,1,0.0,927.66,927.66,456.51
IT-003446,ORD-01761,P0018,1,0.0,316.12,316.12,125.01
IT-003447,ORD-01762,P0003,1,0.0,107.87,107.87,50.89
IT-003448,ORD-01762,P0002,4,0.0,839.32,3357.28,1200.56
IT-003449,ORD-01763,P0021,1,0.0,1054.86,1054.86,224.78
IT-003450,ORD-01763,P0012,1,0.0,494.17,494.17,85.97
IT-003451,ORD-01764,P0014,1,0.0,26.71,26.71,7.42
IT-003452,ORD-01765,P0008,1,0.05,426.55,426.55,63.67
IT-003453,ORD-01765,P0022,1,0.0,927.66,927.66,456.51
IT-003454,ORD-01765,P0021,2,0.1,949.37,1898.75,238.59
IT-003455,ORD-01765,P0025,1,0.2,193.2,193.2,62.07
IT-003456,ORD-01766,P0009,1,0.2,604.29,604.29,191.11
IT-003457,ORD-01766,P0023,5,0.05,475.04,2375.19,610.84
IT-003458,ORD-01767,P0007,2,0.2,448.91,897.82,114.64
IT-003459,ORD-01767,P0021,1,0.2,843.89,843.89,13.81
IT-003460,ORD-01768,P0002,1,0.2,671.46,671.46,132.28
IT-003461,ORD-01768,P0019,2,0.0,1588.55,3177.1,1431.54
IT-003462,ORD-01768,P0018,1,0.1,284.51,284.51,93.4
IT-003463,ORD-01769,P0013,2,0.2,1284.19,2568.38,829.9
IT-003464,ORD-01769,P0009,4,0.15,642.06,2568.22,915.5
IT-003465,ORD-01769,P0018,1,0.0,316.12,316.12,125.01
IT-003466,ORD-01770,P0012,2,0.0,494.17,988.34,171.94
IT-003467,ORD-01770,P0001,1,0.0,966.84,966.84,248.93
IT-003468,ORD-01771,P0013,4,0.05,1524.98,6099.91,2622.95
IT-003469,ORD-01771,P0010,1,0.05,655.45,655.45,308.15
IT-003470,ORD-01771,P0005,2,0.3,183.69,367.39,-22.69
IT-003471,ORD-01771,P0009,1,0.2,604.29,604.29,191.11
IT-003472,ORD-01772,P0025,1,0.0,241.5,241.5,110.37
IT-003473,ORD-01773,P0018,2,0.2,252.9,505.79,123.57
IT-003474,ORD-01774,P0011,1,0.0,78.52,78.52,31.95
IT-003475,ORD-01774,P0013,3,0.0,1605.24,4815.72,2208.0
IT-003476,ORD-01775,P0004,1,0.15,39.34,39.34,15.92
IT-003477,ORD-01776,P0024,1,0.0,1045.55,1045.55,515.41
IT-003478,ORD-01776,P0001,1,0.0,966.84,966.84,248.93
IT-003479,ORD-01777,P0013,2,0.0,1605.24,3210.48,1472.0
IT-003480,ORD-01778,P0016,3,0.1,218.07,654.21,173.73
IT-003481,ORD-01778,P0015,4,0.0,1040.69,4162.76,1696.68
IT-003482,ORD-01779,P0017,1,0.0,866.66,866.66,268.7
IT-003483,ORD-01779,P0015,2,0.2,832.55,1665.1,432.06
IT-003484,ORD-01779,P0019,5,0.15,1350.27,6751.34,2387.44
IT-003485,ORD-01780,P0024,3,0.0,1045.55,3136.65,1546.23
IT-003486,ORD-01780,P0025,2,0.15,205.28,410.55,148.29
IT-003487,ORD-01781,P0015,1,0.1,936.62,936.62,320.1
IT-003488,ORD-01781,P0010,2,0.0,689.95,1379.9,685.3
IT-003489,ORD-01781,P0016,1,0.0,242.3,242.3,82.14
IT-003490,ORD-01781,P0022,3,0.0,927.66,2782.98,1369.53
IT-003491,ORD-01782,P0011,1,0.15,66.74,66.74,20.17
IT-003492,ORD-01782,P0003,1,0.1,97.08,97.08,40.1
IT-003493,ORD-01782,P0009,1,0.0,755.36,755.36,342.18
IT-003494,ORD-01783,P0023,1,0.2,400.03,400.03,47.16
IT-003495,ORD-01784,P0003,3,0.1,97.08,291.25,120.31
IT-003496,ORD-01785,P0001,4,0.0,966.84,3867.36,995.72
IT-003497,ORD-01786,P0023,1,0.05,475.04,475.04,122.17
IT-003498,ORD-01786,P0014,2,0.15,22.7,45.41,6.83
IT-003499,ORD-01786,P0001,1,0.0,966.84,966.84,248.93
IT-003500,ORD-01787,P0024,1,0.2,836.44,836.44,306.3
IT-003501,ORD-01788,P0012,1,0.0,494.17,494.17,85.97
IT-003502,ORD-01789,P0008,1,0.2,359.2,359.2,-3.68
IT-003503,ORD-01789,P0009,2,0.0,755.36,1510.72,684.36
IT-003504,ORD-01789,P0019,2,0.0,1588.55,3177.1,1431.54
IT-003505,ORD-01790,P0017,4,0.15,736.66,2946.64,554.8
IT-003506,ORD-01790,P0012,1,0.2,395.34,395.34,-12.86
IT-003507,ORD-01791,P0018,5,0.0,316.12,1580.6,625.05
IT-003508,ORD-01792,P0003,3,0.0,107.87,323.61,152.67
IT-003509,ORD-01793,P0016,2,0.3,169.61,339.22,18.9
IT-003510,ORD-01793,P0003,3,0.0,107.87,323.61,152.67
IT-003511,ORD-01793,P0005,2,0.05,249.3,498.6,108.52
IT-003512,ORD-01794,P0005,3,0.0,262.42,787.26,202.14
IT-003513,ORD-01794,P0009,3,0.15,642.06,1926.17,686.63
IT-003514,ORD-01794,P0019,3,0.0,1588.55,4765.65,2147.31
IT-003515,ORD-01795,P0009,1,0.0,755.36,755.36,342.18
IT-003516,ORD-01796,P0020,1,0.0,696.28,696.28,337.62
IT-003517,ORD-01796,P0015,1,0.1,936.62,936.62,320.1
IT-003518,ORD-01797,P0011,1,0.0,78.52,78.52,31.95
IT-003519,ORD-01797,P0014,2,0.05,25.37,50.75,12.17
IT-003520,ORD-01797,P0004,2,0.1,41.65,83.3,36.46
IT-003521,ORD-01798,P0012,1,0.0,494.17,494.17,85.97
IT-003522,ORD-01798,P0007,2,0.2,448.91,897.82,114.64
IT-003523,ORD-01798,P0025,1,0.0,241.5,241.5,110.37
IT-003524,ORD-01799,P0004,2,0.0,46.28,92.56,45.72
IT-003525,ORD-01799,P0015,1,0.0,1040.69,1040.69,424.17
IT-003526,ORD-01799,P0007,1,0.2,448.91,448.91,57.32
IT-003527,ORD-01800,P0018,2,0.0,316.12,632.24,250.02
IT-003528,ORD-01800,P0009,1,0.15,642.06,642.06,228.88
IT-003529,ORD-01801,P0007,1,0.2,448.91,448.91,57.32
IT-003530,ORD-01801,P0021,2,0.1,949.37,1898.75,238.59
IT-003531,ORD-01801,P0004,1,0.0,46.28,46.28,22.86
IT-003532,ORD-01802,P0013,1,0.0,1605.24,1605.24,736.0
IT-003533,ORD-01803,P0024,3,0.0,1045.55,3136.65,1546.23
IT-003534,ORD-01804,P0023,1,0.3,350.03,350.03,-2.84
IT-003535,ORD-01804,P0001,2,0.15,821.81,1643.63,207.81
IT-003536,ORD-01805,P0011,4,0.0,78.52,314.08,127.8
IT-003537,ORD-01805,P0007,2,0.0,561.14,1122.28,339.1
IT-003538,ORD-01806,P0006,2,0.1,847.84,1695.67,580.37
IT-003539,ORD-01806,P0010,1,0.0,689.95,689.95,342.65
IT-003540,ORD-01806,P0007,2,0.2,448.91,897.82,114.64
IT-003541,ORD-01807,P0019,3,0.05,1509.12,4527.37,1909.03
IT-003542,ORD-01808,P0006,5,0.05,894.94,4474.69,1686.44
IT-003543,ORD-01808,P0008,1,0.1,404.1,404.1,41.22
IT-003544,ORD-01808,P0011,2,0.3,54.96,109.93,16.79
IT-003545,ORD-01809,P0021,2,0.05,1002.12,2004.23,344.07
IT-003546,ORD-01810,P0025,1,0.0,241.5,241.5,110.37
IT-003547,ORD-01810,P0023,3,0.1,450.04,1350.11,291.5
IT-003548,ORD-01811,P0021,2,0.3,738.4,1476.8,-183.36
IT-003549,ORD-01812,P0025,1,0.0,241.5,241.5,110.37
IT-003550,ORD-01812,P0023,1,0.2,400.03,400.03,47.16
IT-003551,ORD-01813,P0020,4,0.1,626.65,2506.61,1071.97
IT-003552,ORD-01813,P0002,1,0.0,839.32,839.32,300.14
IT-003553,ORD-01814,P0019,4,0.0,1588.55,6354.2,2863.08
IT-003554,ORD-01815,P0015,2,0.0,1040.69,2081.38,848.34
IT-003555,ORD-01816,P0010,2,0.0,689.95,1379.9,685.3
IT-003556,ORD-01816,P0012,1,0.05,469.46,469.46,61.26
IT-003557,ORD-01817,P0007,1,0.05,533.08,533.08,141.49
IT-003558,ORD-01817,P0022,1,0.05,881.28,881.28,410.13
IT-003559,ORD-01817,P0015,1,0.0,1040.69,1040.69,424.17
IT-003560,ORD-01818,P0012,1,0.1,444.75,444.75,36.55
IT-003561,ORD-01819,P0011,1,0.3,54.96,54.96,8.39
IT-003562,ORD-01820,P0014,2,0.1,24.04,48.08,9.5
IT-003563,ORD-01821,P0004,5,0.0,46.28,231.4,114.3
IT-003564,ORD-01821,P0007,3,0.2,448.91,1346.74,171.97
IT-003565,ORD-01821,P0016,1,0.2,193.84,193.84,33.68
IT-003566,ORD-01821,P0008,2,0.05,426.55,853.1,127.34
IT-003567,ORD-01822,P0013,1,0.0,1605.24,1605.24,736.0
IT-003568,ORD-01823,P0023,3,0.15,425.03,1275.1,216.49
IT-003569,ORD-01824,P0005,1,0.0,262.42,262.42,67.38
IT-003570,ORD-01824,P0009,1,0.1,679.82,679.82,266.64
IT-003571,ORD-01824,P0003,4,0.0,107.87,431.48,203.56
IT-003572,ORD-01825,P0008,1,0.2,359.2,359.2,-3.68
IT-003573,ORD-01825,P0003,1,0.2,86.3,86.3,29.32
IT-003574,ORD-01826,P0007,2,0.15,476.97,953.94,170.76
IT-003575,ORD-01827,P0011,1,0.0,78.52,78.52,31.95
IT-003576,ORD-01827,P0025,1,0.0,241.5,241.5,110.37
IT-003577,ORD-01827,P0001,1,0.1,870.16,870.16,152.25
IT-003578,ORD-01827,P0015,4,0.0,1040.69,4162.76,1696.68
IT-003579,ORD-01828,P0001,1,0.0,966.84,966.84,248.93
IT-003580,ORD-01828,P0003,1,0.05,102.48,102.48,45.5
IT-003581,ORD-01829,P0013,2,0.0,1605.24,3210.48,1472.0
IT-003582,ORD-01829,P0005,1,0.05,249.3,249.3,54.26
IT-003583,ORD-01830,P0001,1,0.0,966.84,966.84,248.93
IT-003584,ORD-01831,P0008,1,0.05,426.55,426.55,63.67
IT-003585,ORD-01831,P0002,1,0.05,797.35,797.35,258.17
IT-003586,ORD-01831,P0018,3,0.05,300.31,900.94,327.61
IT-003587,ORD-01832,P0012,1,0.0,494.17,494.17,85.97
IT-003588,ORD-01833,P0015,1,0.05,988.66,988.66,372.14
IT-003589,ORD-01834,P0014,1,0.1,24.04,24.04,4.75
IT-003590,ORD-01835,P0022,3,0.2,742.13,2226.38,812.93
IT-003591,ORD-01835,P0006,1,0.3,659.43,659.43,101.78
IT-003592,ORD-01835,P0003,1,0.15,91.69,91.69,34.71
IT-003593,ORD-01836,P0014,3,0.0,26.71,80.13,22.26
IT-003594,ORD-01836,P0002,1,0.0,839.32,839.32,300.14
IT-003595,ORD-01837,P0016,1,0.2,193.84,193.84,33.68
IT-003596,ORD-01837,P0002,5,0.2,671.46,3357.28,661.38
IT-003597,ORD-01838,P0022,2,0.0,927.66,1855.32,913.02
IT-003598,ORD-01839,P0012,1,0.2,395.34,395.34,-12.86
IT-003599,ORD-01839,P0010,1,0.05,655.45,655.45,308.15
IT-003600,ORD-01840,P0005,2,0.05,249.3,498.6,108.52
IT-003601,ORD-01840,P0013,1,0.2,1284.19,1284.19,414.95
IT-003602,ORD-01840,P0016,1,0.2,193.84,193.84,33.68
IT-003603,ORD-01841,P0020,1,0.05,661.47,661.47,302.81
IT-003604,ORD-01842,P0018,2,0.1,284.51,569.02,186.8
IT-003605,ORD-01842,P0009,3,0.0,755.36,2266.08,1026.54
IT-003606,ORD-01842,P0020,5,0.0,696.28,3481.4,1688.1
IT-003607,ORD-01843,P0021,1,0.0,1054.86,1054.86,224.78
IT-003608,ORD-01844,P0015,2,0.05,988.66,1977.31,744.27
IT-003609,ORD-01844,P0024,1,0.15,888.72,888.72,358.58
IT-003610,ORD-01844,P0019,2,0.2,1270.84,2541.68,796.12
IT-003611,ORD-01845,P0011,3,0.0,78.52,235.56,95.85
IT-003612,ORD-01846,P0017,2,0.15,736.66,1473.32,277.4
IT-003613,ORD-01846,P0006,5,0.15,800.73,4003.67,1215.42
IT-003614,ORD-01847,P0012,1,0.0,494.17,494.17,85.97
IT-003615,ORD-01847,P0021,2,0.3,738.4,1476.8,-183.36
IT-003616,ORD-01847,P0025,4,0.1,217.35,869.4,344.88
IT-003617,ORD-01847,P0023,1,0.0,500.04,500.04,147.17
IT-003618,ORD-01848,P0006,1,0.0,942.04,942.04,384.39
IT-003619,ORD-01848,P0025,3,0.0,241.5,724.5,331.11
IT-003620,ORD-01848,P0018,1,0.1,284.51,284.51,93.4
IT-003621,ORD-01848,P0019,3,0.05,1509.12,4527.37,1909.03
IT-003622,ORD-01849,P0011,2,0.0,78.52,157.04,63.9
IT-003623,ORD-01850,P0006,2,0.0,942.04,1884.08,768.78
IT-003624,ORD-01850,P0019,1,0.0,1588.55,1588.55,715.77
IT-003625,ORD-01851,P0004,2,0.0,46.28,92.56,45.72
IT-003626,ORD-01852,P0006,2,0.0,942.04,1884.08,768.78
IT-003627,ORD-01852,P0023,3,0.15,425.03,1275.1,216.49
IT-003628,ORD-01852,P0021,3,0.1,949.37,2848.12,357.88
IT-003629,ORD-01853,P0008,1,0.0,449.0,449.0,86.12
IT-003630,ORD-01853,P0017,1,0.0,866.66,866.66,268.7
IT-003631,ORD-01854,P0021,1,0.05,1002.12,1002.12,172.04
IT-003632,ORD-01855,P0024,3,0.0,1045.55,3136.65,1546.23
IT-003633,ORD-01856,P0018,4,0.0,316.12,1264.48,500.04
IT-003634,ORD-01856,P0013,4,0.05,1524.98,6099.91,2622.95
IT-003635,ORD-01856,P0010,1,0.0,689.95,689.95,342.65
IT-003636,ORD-01856,P0014,1,0.0,26.71,26.71,7.42
IT-003637,ORD-01857,P0019,1,0.0,1588.55,1588.55,715.77
IT-003638,ORD-01857,P0020,3,0.0,696.28,2088.84,1012.86
IT-003639,ORD-01858,P0019,1,0.1,1429.7,1429.7,556.92
IT-003640,ORD-01859,P0022,2,0.2,742.13,1484.26,541.96
IT-003641,ORD-01860,P0012,2,0.15,420.04,840.09,23.69
IT-003642,ORD-01861,P0025,5,0.15,205.28,1026.38,370.72
IT-003643,ORD-01861,P0016,1,0.15,205.96,205.96,45.8
IT-003644,ORD-01862,P0001,2,0.1,870.16,1740.31,304.49
IT-003645,ORD-01862,P0019,1,0.1,1429.7,1429.7,556.92
IT-003646,ORD-01862,P0011,2,0.0,78.52,157.04,63.9
IT-003647,ORD-01862,P0007,1,0.2,448.91,448.91,57.32
IT-003648,ORD-01863,P0015,1,0.0,1040.69,1040.69,424.17
IT-003649,ORD-01863,P0019,5,0.0,1588.55,7942.75,3578.85
IT-003650,ORD-01863,P0018,1,0.0,316.12,316.12,125.01
IT-003651,ORD-01864,P0006,4,0.0,942.04,3768.16,1537.56
IT-003652,ORD-01864,P0023,1,0.3,350.03,350.03,-2.84
IT-003653,ORD-01865,P0005,1,0.3,183.69,183.69,-11.35
IT-003654,ORD-01865,P0023,1,0.0,500.04,500.04,147.17
IT-003655,ORD-01865,P0007,1,0.15,476.97,476.97,85.38
IT-003656,ORD-01866,P0008,1,0.3,314.3,314.3,-48.58
IT-003657,ORD-01866,P0004,3,0.0,46.28,138.84,68.58
IT-003658,ORD-01867,P0008,1,0.1,404.1,404.1,41.22
IT-003659,ORD-01868,P0003,3,0.2,86.3,258.89,87.95
IT-003660,ORD-01868,P0007,1,0.0,561.14,561.14,169.55
IT-003661,ORD-01868,P0001,2,0.0,966.84,1933.68,497.86
IT-003662,ORD-01868,P0018,4,0.0,316.12,1264.48,500.04
IT-003663,ORD-01869,P0004,1,0.0,46.28,46.28,22.86
IT-003664,ORD-01870,P0003,3,0.0,107.87,323.61,152.67
IT-003665,ORD-01871,P0002,1,0.2,671.46,671.46,132.28
IT-003666,ORD-01871,P0014,2,0.1,24.04,48.08,9.5
IT-003667,ORD-01871,P0025,1,0.0,241.5,241.5,110.37
IT-003668,ORD-01871,P0020,2,0.1,626.65,1253.3,535.98
IT-003669,ORD-01872,P0021,5,0.15,896.63,4483.15,332.75
IT-003670,ORD-01873,P0019,1,0.1,1429.7,1429.7,556.92
IT-003671,ORD-01873,P0020,1,0.0,696.28,696.28,337.62
IT-003672,ORD-01873,P0013,4,0.0,1605.24,6420.96,2944.0
IT-003673,ORD-01874,P0015,1,0.15,884.59,884.59,268.07
IT-003674,ORD-01874,P0010,4,0.0,689.95,2759.8,1370.6
IT-003675,ORD-01874,P0007,1,0.0,561.14,561.14,169.55
IT-003676,ORD-01874,P0005,2,0.0,262.42,524.84,134.76
IT-003677,ORD-01875,P0019,1,0.0,1588.55,1588.55,715.77
IT-003678,ORD-01875,P0017,1,0.2,693.33,693.33,95.37
IT-003679,ORD-01876,P0017,2,0.0,866.66,1733.32,537.4
IT-003680,ORD-01877,P0006,2,0.05,894.94,1789.88,674.58
IT-003681,ORD-01878,P0020,4,0.1,626.65,2506.61,1071.97
IT-003682,ORD-01879,P0006,1,0.05,894.94,894.94,337.29
IT-003683,ORD-01879,P0003,1,0.3,75.51,75.51,18.53
IT-003684,ORD-01880,P0003,1,0.0,107.87,107.87,50.89
IT-003685,ORD-01880,P0016,5,0.0,242.3,1211.5,410.7
IT-003686,ORD-01880,P0020,2,0.0,696.28,1392.56,675.24
IT-003687,ORD-01881,P0020,1,0.2,557.02,557.02,198.36
IT-003688,ORD-01881,P0013,2,0.0,1605.24,3210.48,1472.0
IT-003689,ORD-01882,P0013,1,0.05,1524.98,1524.98,655.74
IT-003690,ORD-01882,P0020,1,0.1,626.65,626.65,267.99
IT-003691,ORD-01883,P0004,4,0.05,43.97,175.86,82.18
IT-003692,ORD-01883,P0016,2,0.0,242.3,484.6,164.28
IT-003693,ORD-01884,P0017,5,0.0,866.66,4333.3,1343.5
IT-003694,ORD-01884,P0011,2,0.15,66.74,133.48,40.34
IT-003695,ORD-01885,P0021,3,0.3,738.4,2215.21,-275.03
IT-003696,ORD-01885,P0004,1,0.0,46.28,46.28,22.86
IT-003697,ORD-01885,P0020,2,0.2,557.02,1114.05,396.73
IT-003698,ORD-01886,P0022,4,0.1,834.89,3339.58,1454.98
IT-003699,ORD-01887,P0009,1,0.05,717.59,717.59,304.41
IT-003700,ORD-01887,P0017,5,0.05,823.33,4116.63,1126.83
IT-003701,ORD-01887,P0007,1,0.0,561.14,561.14,169.55
IT-003702,ORD-01888,P0023,1,0.1,450.04,450.04,97.17
IT-003703,ORD-01888,P0011,1,0.1,70.67,70.67,24.1
IT-003704,ORD-01889,P0007,3,0.05,533.08,1599.25,424.48
IT-003705,ORD-01890,P0015,1,0.0,1040.69,1040.69,424.17
IT-003706,ORD-01891,P0023,2,0.0,500.04,1000.08,294.34
IT-003707,ORD-01892,P0024,2,0.2,836.44,1672.88,612.6
IT-003708,ORD-01892,P0015,4,0.05,988.66,3954.62,1488.54
IT-003709,ORD-01893,P0017,1,0.0,866.66,866.66,268.7
IT-003710,ORD-01894,P0025,1,0.3,169.05,169.05,37.92
IT-003711,ORD-01894,P0017,1,0.05,823.33,823.33,225.37
IT-003712,ORD-01894,P0023,1,0.15,425.03,425.03,72.16
IT-003713,ORD-01894,P0010,1,0.05,655.45,655.45,308.15
IT-003714,ORD-01895,P0016,4,0.15,205.96,823.82,183.18
IT-003715,ORD-01895,P0009,1,0.2,604.29,604.29,191.11
IT-003716,ORD-01896,P0018,2,0.2,252.9,505.79,123.57
IT-003717,ORD-01896,P0017,2,0.0,866.66,1733.32,537.4
IT-003718,ORD-01896,P0023,1,0.0,500.04,500.04,147.17
IT-003719,ORD-01896,P0005,1,0.15,223.06,223.06,28.02
IT-003720,ORD-01897,P0018,1,0.1,284.51,284.51,93.4
IT-003721,ORD-01898,P0012,2,0.2,395.34,790.67,-25.73
IT-003722,ORD-01899,P0023,3,0.05,475.04,1425.11,366.5
IT-003723,ORD-01900,P0013,1,0.0,1605.24,1605.24,736.0
IT-003724,ORD-01901,P0007,1,0.1,505.03,505.03,113.44
IT-003725,ORD-01901,P0021,3,0.1,949.37,2848.12,357.88
IT-003726,ORD-01901,P0012,4,0.0,494.17,1976.68,343.88
IT-003727,ORD-01902,P0003,1,0.0,107.87,107.87,50.89
IT-003728,ORD-01903,P0011,2,0.3,54.96,109.93,16.79
IT-003729,ORD-01903,P0015,1,0.1,936.62,936.62,320.1
IT-003730,ORD-01904,P0022,2,0.0,927.66,1855.32,913.02
IT-003731,ORD-01905,P0019,1,0.0,1588.55,1588.55,715.77
IT-003732,ORD-01905,P0017,1,0.0,866.66,866.66,268.7
IT-003733,ORD-01906,P0008,1,0.0,449.0,449.0,86.12
IT-003734,ORD-01906,P0003,2,0.0,107.87,215.74,101.78
IT-003735,ORD-01906,P0011,1,0.15,66.74,66.74,20.17
IT-003736,ORD-01907,P0019,1,0.0,1588.55,1588.55,715.77
IT-003737,ORD-01907,P0014,5,0.15,22.7,113.52,17.07
IT-003738,ORD-01908,P0005,1,0.0,262.42,262.42,67.38
IT-003739,ORD-01908,P0012,1,0.15,420.04,420.04,11.84
IT-003740,ORD-01909,P0025,5,0.05,229.42,1147.12,491.47
IT-003741,ORD-01910,P0001,1,0.15,821.81,821.81,103.9
IT-003742,ORD-01910,P0015,2,0.0,1040.69,2081.38,848.34
IT-003743,ORD-01910,P0002,2,0.2,671.46,1342.91,264.55
IT-003744,ORD-01910,P0018,1,0.0,316.12,316.12,125.01
IT-003745,ORD-01911,P0004,1,0.0,46.28,46.28,22.86
IT-003746,ORD-01911,P0015,4,0.15,884.59,3538.35,1072.27
IT-003747,ORD-01912,P0003,2,0.0,107.87,215.74,101.78
IT-003748,ORD-01912,P0023,3,0.3,350.03,1050.08,-8.53
IT-003749,ORD-01913,P0003,2,0.1,97.08,194.17,80.21
IT-003750,ORD-01913,P0016,1,0.0,242.3,242.3,82.14
IT-003751,ORD-01914,P0004,4,0.0,46.28,185.12,91.44
IT-003752,ORD-01914,P0024,2,0.0,1045.55,2091.1,1030.82
IT-003753,ORD-01914,P0008,3,0.2,359.2,1077.6,-11.04
IT-003754,ORD-01915,P0023,3,0.0,500.04,1500.12,441.51
IT-003755,ORD-01915,P0018,3,0.0,316.12,948.36,375.03
IT-003756,ORD-01916,P0015,2,0.1,936.62,1873.24,640.2
IT-003757,ORD-01916,P0022,2,0.0,927.66,1855.32,913.02
IT-003758,ORD-01917,P0015,2,0.0,1040.69,2081.38,848.34
IT-003759,ORD-01917,P0012,1,0.05,469.46,469.46,61.26
IT-003760,ORD-01918,P0024,1,0.1,941.0,941.0,410.86
IT-003761,ORD-01919,P0012,2,0.0,494.17,988.34,171.94
IT-003762,ORD-01919,P0014,1,0.0,26.71,26.71,7.42
IT-003763,ORD-01920,P0011,2,0.0,78.52,157.04,63.9
IT-003764,ORD-01920,P0005,2,0.3,183.69,367.39,-22.69
IT-003765,ORD-01921,P0002,1,0.15,713.42,713.42,174.24
IT-003766,ORD-01921,P0021,1,0.0,1054.86,1054.86,224.78
IT-003767,ORD-01922,P0003,1,0.05,102.48,102.48,45.5
IT-003768,ORD-01922,P0010,1,0.0,689.95,689.95,342.65
IT-003769,ORD-01923,P0006,1,0.1,847.84,847.84,290.19
IT-003770,ORD-01924,P0024,1,0.2,836.44,836.44,306.3
IT-003771,ORD-01924,P0025,2,0.0,241.5,483.0,220.74
IT-003772,ORD-01924,P0008,1,0.05,426.55,426.55,63.67
IT-003773,ORD-01925,P0007,2,0.0,561.14,1122.28,339.1
IT-003774,ORD-01925,P0017,1,0.1,779.99,779.99,182.03
IT-003775,ORD-01925,P0006,1,0.15,800.73,800.73,243.08
IT-003776,ORD-01925,P0018,3,0.0,316.12,948.36,375.03
IT-003777,ORD-01926,P0010,1,0.1,620.96,620.96,273.66
IT-003778,ORD-01926,P0001,1,0.0,966.84,966.84,248.93
IT-003779,ORD-01926,P0004,1,0.1,41.65,41.65,18.23
IT-003780,ORD-01927,P0008,2,0.0,449.0,898.0,172.24
IT-003781,ORD-01928,P0022,1,0.0,927.66,927.66,456.51
IT-003782,ORD-01928,P0012,2,0.0,494.17,988.34,171.94
IT-003783,ORD-01929,P0016,1,0.1,218.07,218.07,57.91
IT-003784,ORD-01929,P0012,2,0.2,395.34,790.67,-25.73
IT-003785,ORD-01929,P0013,1,0.0,1605.24,1605.24,736.0
IT-003786,ORD-01930,P0021,1,0.2,843.89,843.89,13.81
IT-003787,ORD-01930,P0013,1,0.2,1284.19,1284.19,414.95
IT-003788,ORD-01931,P0010,1,0.1,620.96,620.96,273.66
IT-003789,ORD-01931,P0005,2,0.0,262.42,524.84,134.76
IT-003790,ORD-01932,P0005,1,0.1,236.18,236.18,41.14
IT-003791,ORD-01932,P0013,1,0.1,1444.72,1444.72,575.48
IT-003792,ORD-01932,P0004,5,0.05,43.97,219.83,102.73
IT-003793,ORD-01932,P0009,1,0.15,642.06,642.06,228.88
IT-003794,ORD-01933,P0016,1,0.1,218.07,218.07,57.91
IT-003795,ORD-01933,P0001,1,0.0,966.84,966.84,248.93
IT-003796,ORD-01934,P0004,5,0.2,37.02,185.12,68.02
IT-003797,ORD-01934,P0010,2,0.1,620.96,1241.91,547.31
IT-003798,ORD-01935,P0008,4,0.1,404.1,1616.4,164.88
IT-003799,ORD-01936,P0022,1,0.3,649.36,649.36,178.21
IT-003800,ORD-01937,P0023,1,0.3,350.03,350.03,-2.84
IT-003801,ORD-01938,P0020,2,0.2,557.02,1114.05,396.73
IT-003802,ORD-01938,P0021,2,0.0,1054.86,2109.72,449.56
IT-003803,ORD-01938,P0013,1,0.0,1605.24,1605.24,736.0
IT-003804,ORD-01939,P0008,1,0.0,449.0,449.0,86.12
IT-003805,ORD-01939,P0018,1,0.0,316.12,316.12,125.01
IT-003806,ORD-01940,P0017,1,0.0,866.66,866.66,268.7
IT-003807,ORD-01940,P0009,1,0.1,679.82,679.82,266.64
IT-003808,ORD-01941,P0020,5,0.0,696.28,3481.4,1688.1
IT-003809,ORD-01941,P0011,2,0.0,78.52,157.04,63.9
IT-003810,ORD-01941,P0013,3,0.0,1605.24,4815.72,2208.0
IT-003811,ORD-01942,P0021,4,0.0,1054.86,4219.44,899.12
IT-003812,ORD-01942,P0020,1,0.0,696.28,696.28,337.62
IT-003813,ORD-01943,P0020,1,0.3,487.4,487.4,128.74
IT-003814,ORD-01943,P0024,1,0.0,1045.55,1045.55,515.41
IT-003815,ORD-01944,P0006,1,0.05,894.94,894.94,337.29
IT-003816,ORD-01945,P0015,2,0.0,1040.69,2081.38,848.34
IT-003817,ORD-01945,P0018,4,0.2,252.9,1011.58,247.14
IT-003818,ORD-01945,P0016,4,0.0,242.3,969.2,328.56
IT-003819,ORD-01946,P0006,1,0.2,753.63,753.63,195.98
IT-003820,ORD-01947,P0018,1,0.0,316.12,316.12,125.01
IT-003821,ORD-01948,P0014,4,0.15,22.7,90.81,13.65
IT-003822,ORD-01949,P0013,2,0.0,1605.24,3210.48,1472.0
IT-003823,ORD-01950,P0025,3,0.0,241.5,724.5,331.11
IT-003824,ORD-01951,P0023,1,0.1,450.04,450.04,97.17
IT-003825,ORD-01951,P0005,3,0.2,209.94,629.81,44.69
IT-003826,ORD-01952,P0016,3,0.3,169.61,508.83,28.35
IT-003827,ORD-01953,P0007,1,0.1,505.03,505.03,113.44
IT-003828,ORD-01953,P0022,1,0.0,927.66,927.66,456.51
IT-003829,ORD-01954,P0021,1,0.1,949.37,949.37,119.29
IT-003830,ORD-01955,P0021,4,0.2,843.89,3375.55,55.23
IT-003831,ORD-01956,P0012,3,0.0,494.17,1482.51,257.91
IT-003832,ORD-01956,P0004,3,0.0,46.28,138.84,68.58
IT-003833,ORD-01957,P0024,1,0.2,836.44,836.44,306.3
IT-003834,ORD-01957,P0019,1,0.0,1588.55,1588.55,715.77
IT-003835,ORD-01957,P0010,2,0.1,620.96,1241.91,547.31
IT-003836,ORD-01957,P0001,1,0.2,773.47,773.47,55.56
IT-003837,ORD-01958,P0016,1,0.0,242.3,242.3,82.14
IT-003838,ORD-01958,P0006,2,0.3,659.43,1318.86,203.56
IT-003839,ORD-01958,P0017,2,0.05,823.33,1646.65,450.73
IT-003840,ORD-01959,P0023,5,0.0,500.04,2500.2,735.85
IT-003841,ORD-01959,P0015,1,0.0,1040.69,1040.69,424.17
IT-003842,ORD-01959,P0012,1,0.1,444.75,444.75,36.55
IT-003843,ORD-01959,P0010,2,0.0,689.95,1379.9,685.3
IT-003844,ORD-01960,P0020,2,0.0,696.28,1392.56,675.24
IT-003845,ORD-01960,P0005,4,0.0,262.42,1049.68,269.52
IT-003846,ORD-01961,P0023,3,0.0,500.04,1500.12,441.51
IT-003847,ORD-01961,P0022,3,0.15,788.51,2365.53,952.08
IT-003848,ORD-01962,P0023,5,0.05,475.04,2375.19,610.84
IT-003849,ORD-01962,P0004,4,0.3,32.4,129.58,35.9
IT-003850,ORD-01963,P0022,1,0.0,927.66,927.66,456.51
IT-003851,ORD-01963,P0001,1,0.05,918.5,918.5,200.59
IT-003852,ORD-01964,P0009,1,0.0,755.36,755.36,342.18
IT-003853,ORD-01965,P0022,2,0.2,742.13,1484.26,541.96
IT-003854,ORD-01965,P0005,1,0.0,262.42,262.42,67.38
IT-003855,ORD-01966,P0003,2,0.2,86.3,172.59,58.63
IT-003856,ORD-01967,P0021,3,0.0,1054.86,3164.58,674.34
IT-003857,ORD-01967,P0008,1,0.0,449.0,449.0,86.12
IT-003858,ORD-01968,P0019,3,0.0,1588.55,4765.65,2147.31
IT-003859,ORD-01968,P0016,4,0.15,205.96,823.82,183.18
IT-003860,ORD-01969,P0009,1,0.3,528.75,528.75,115.57
IT-003861,ORD-01970,P0004,1,0.0,46.28,46.28,22.86
IT-003862,ORD-01971,P0021,1,0.1,949.37,949.37,119.29
IT-003863,ORD-01972,P0003,1,0.05,102.48,102.48,45.5
IT-003864,ORD-01972,P0008,2,0.15,381.65,763.3,37.54
IT-003865,ORD-01972,P0011,1,0.2,62.82,62.82,16.25
IT-003866,ORD-01972,P0006,2,0.0,942.04,1884.08,768.78
IT-003867,ORD-01973,P0004,3,0.0,46.28,138.84,68.58
IT-003868,ORD-01974,P0003,1,0.0,107.87,107.87,50.89
IT-003869,ORD-01975,P0025,4,0.1,217.35,869.4,344.88
IT-003870,ORD-01975,P0016,1,0.05,230.18,230.18,70.03
IT-003871,ORD-01975,P0008,1,0.05,426.55,426.55,63.67
IT-003872,ORD-01976,P0014,3,0.05,25.37,76.12,18.25
IT-003873,ORD-01976,P0002,2,0.1,755.39,1510.78,432.42
IT-003874,ORD-01977,P0013,1,0.05,1524.98,1524.98,655.74
IT-003875,ORD-01978,P0022,1,0.0,927.66,927.66,456.51
IT-003876,ORD-01979,P0003,1,0.0,107.87,107.87,50.89
IT-003877,ORD-01980,P0016,1,0.2,193.84,193.84,33.68
IT-003878,ORD-01981,P0022,1,0.2,742.13,742.13,270.98
IT-003879,ORD-01982,P0001,1,0.0,966.84,966.84,248.93
IT-003880,ORD-01982,P0022,1,0.0,927.66,927.66,456.51
IT-003881,ORD-01983,P0001,3,0.05,918.5,2755.49,601.76
IT-003882,ORD-01983,P0017,1,0.05,823.33,823.33,225.37
IT-003883,ORD-01983,P0020,2,0.0,696.28,1392.56,675.24
IT-003884,ORD-01984,P0014,1,0.0,26.71,26.71,7.42
IT-003885,ORD-01984,P0007,1,0.2,448.91,448.91,57.32
IT-003886,ORD-01985,P0007,2,0.0,561.14,1122.28,339.1
IT-003887,ORD-01985,P0003,3,0.3,75.51,226.53,55.59
IT-003888,ORD-01986,P0022,1,0.0,927.66,927.66,456.51
IT-003889,ORD-01987,P0007,4,0.1,505.03,2020.1,453.74
IT-003890,ORD-01988,P0025,2,0.0,241.5,483.0,220.74
IT-003891,ORD-01988,P0018,2,0.1,284.51,569.02,186.8
IT-003892,ORD-01988,P0008,1,0.15,381.65,381.65,18.77
IT-003893,ORD-01989,P0015,3,0.3,728.48,2185.45,335.89
IT-003894,ORD-01990,P0019,2,0.1,1429.7,2859.39,1113.83
IT-003895,ORD-01990,P0016,3,0.0,242.3,726.9,246.42
IT-003896,ORD-01990,P0022,2,0.15,788.51,1577.02,634.72
IT-003897,ORD-01991,P0025,1,0.0,241.5,241.5,110.37
IT-003898,ORD-01991,P0015,2,0.3,728.48,1456.97,223.93
IT-003899,ORD-01992,P0022,1,0.0,927.66,927.66,456.51
IT-003900,ORD-01992,P0001,2,0.1,870.16,1740.31,304.49
IT-003901,ORD-01992,P0009,3,0.0,755.36,2266.08,1026.54
IT-003902,ORD-01993,P0004,1,0.3,32.4,32.4,8.98
IT-003903,ORD-01994,P0009,2,0.2,604.29,1208.58,382.22
IT-003904,ORD-01995,P0025,3,0.0,241.5,724.5,331.11
IT-003905,ORD-01995,P0023,1,0.0,500.04,500.04,147.17
IT-003906,ORD-01995,P0009,4,0.15,642.06,2568.22,915.5
IT-003907,ORD-01996,P0018,4,0.2,252.9,1011.58,247.14
IT-003908,ORD-01996,P0011,4,0.2,62.82,251.26,64.98
IT-003909,ORD-01996,P0023,1,0.0,500.04,500.04,147.17
IT-003910,ORD-01997,P0005,2,0.1,236.18,472.36,82.28
IT-003911,ORD-01998,P0007,2,0.1,505.03,1010.05,226.87
IT-003912,ORD-01998,P0025,2,0.0,241.5,483.0,220.74
IT-003913,ORD-01998,P0013,4,0.0,1605.24,6420.96,2944.0
IT-003914,ORD-01998,P0016,3,0.15,205.96,617.86,137.39
IT-003915,ORD-01999,P0022,3,0.0,927.66,2782.98,1369.53
IT-003916,ORD-02000,P0005,2,0.3,183.69,367.39,-22.69
IT-003917,ORD-02001,P0009,3,0.0,755.36,2266.08,1026.54
IT-003918,ORD-02001,P0001,2,0.0,966.84,1933.68,497.86
IT-003919,ORD-02002,P0024,1,0.0,1045.55,1045.55,515.41
IT-003920,ORD-02002,P0021,2,0.05,1002.12,2004.23,344.07
IT-003921,ORD-02003,P0015,2,0.05,988.66,1977.31,744.27
IT-003922,ORD-02003,P0012,1,0.0,494.17,494.17,85.97
IT-003923,ORD-02003,P0011,1,0.2,62.82,62.82,16.25
IT-003924,ORD-02003,P0025,1,0.05,229.42,229.42,98.29
IT-003925,ORD-02004,P0020,2,0.05,661.47,1322.93,605.61
IT-003926,ORD-02004,P0016,1,0.0,242.3,242.3,82.14
IT-003927,ORD-02005,P0008,4,0.0,449.0,1796.0,344.48
IT-003928,ORD-02006,P0018,2,0.0,316.12,632.24,250.02
IT-003929,ORD-02006,P0019,2,0.15,1350.27,2700.54,954.97
IT-003930,ORD-02007,P0021,4,0.1,949.37,3797.5,477.18
IT-003931,ORD-02008,P0018,1,0.3,221.28,221.28,30.17
IT-003932,ORD-02008,P0007,1,0.15,476.97,476.97,85.38
IT-003933,ORD-02009,P0015,4,0.0,1040.69,4162.76,1696.68
IT-003934,ORD-02009,P0002,1,0.0,839.32,839.32,300.14
IT-003935,ORD-02010,P0008,2,0.0,449.0,898.0,172.24
IT-003936,ORD-02011,P0001,1,0.2,773.47,773.47,55.56
IT-003937,ORD-02011,P0019,2,0.2,1270.84,2541.68,796.12
IT-003938,ORD-02012,P0006,1,0.05,894.94,894.94,337.29
IT-003939,ORD-02012,P0008,1,0.0,449.0,449.0,86.12
IT-003940,ORD-02013,P0023,5,0.0,500.04,2500.2,735.85
IT-003941,ORD-02013,P0002,3,0.15,713.42,2140.27,522.73
IT-003942,ORD-02014,P0015,3,0.0,1040.69,3122.07,1272.51
IT-003943,ORD-02014,P0022,3,0.0,927.66,2782.98,1369.53
IT-003944,ORD-02015,P0013,1,0.0,1605.24,1605.24,736.0
IT-003945,ORD-02016,P0024,2,0.0,1045.55,2091.1,1030.82
IT-003946,ORD-02017,P0025,1,0.0,241.5,241.5,110.37
IT-003947,ORD-02018,P0002,2,0.3,587.52,1175.05,96.69
IT-003948,ORD-02019,P0014,4,0.0,26.71,106.84,29.68
IT-003949,ORD-02019,P0015,3,0.3,728.48,2185.45,335.89
IT-003950,ORD-02020,P0020,1,0.15,591.84,591.84,233.18
IT-003951,ORD-02020,P0010,1,0.0,689.95,689.95,342.65
IT-003952,ORD-02020,P0014,1,0.2,21.37,21.37,2.08
IT-003953,ORD-02020,P0018,1,0.15,268.7,268.7,77.59
IT-003954,ORD-02021,P0016,1,0.3,169.61,169.61,9.45
IT-003955,ORD-02021,P0009,1,0.0,755.36,755.36,342.18
IT-003956,ORD-02022,P0003,1,0.15,91.69,91.69,34.71
IT-003957,ORD-02022,P0014,1,0.0,26.71,26.71,7.42
IT-003958,ORD-02023,P0007,1,0.1,505.03,505.03,113.44
IT-003959,ORD-02023,P0011,1,0.3,54.96,54.96,8.39
IT-003960,ORD-02024,P0002,2,0.0,839.32,1678.64,600.28
IT-003961,ORD-02025,P0009,1,0.05,717.59,717.59,304.41
IT-003962,ORD-02025,P0018,1,0.1,284.51,284.51,93.4
IT-003963,ORD-02025,P0017,1,0.0,866.66,866.66,268.7
IT-003964,ORD-02026,P0003,2,0.0,107.87,215.74,101.78
IT-003965,ORD-02026,P0008,3,0.0,449.0,1347.0,258.36
IT-003966,ORD-02026,P0013,1,0.15,1364.45,1364.45,495.21
IT-003967,ORD-02026,P0004,1,0.0,46.28,46.28,22.86
IT-003968,ORD-02027,P0015,2,0.0,1040.69,2081.38,848.34
IT-003969,ORD-02027,P0021,1,0.0,1054.86,1054.86,224.78
IT-003970,ORD-02028,P0019,1,0.0,1588.55,1588.55,715.77
IT-003971,ORD-02029,P0013,1,0.3,1123.67,1123.67,254.43
IT-003972,ORD-02029,P0003,2,0.15,91.69,183.38,69.42
IT-003973,ORD-02029,P0005,2,0.3,183.69,367.39,-22.69
IT-003974,ORD-02030,P0007,1,0.15,476.97,476.97,85.38
IT-003975,ORD-02031,P0006,1,0.05,894.94,894.94,337.29
IT-003976,ORD-02031,P0013,3,0.05,1524.98,4574.93,1967.21
IT-003977,ORD-02031,P0022,1,0.0,927.66,927.66,456.51
IT-003978,ORD-02032,P0006,2,0.0,942.04,1884.08,768.78
IT-003979,ORD-02032,P0011,1,0.1,70.67,70.67,24.1
IT-003980,ORD-02032,P0020,2,0.05,661.47,1322.93,605.61
IT-003981,ORD-02033,P0017,1,0.0,866.66,866.66,268.7
IT-003982,ORD-02034,P0009,3,0.0,755.36,2266.08,1026.54
IT-003983,ORD-02034,P0005,2,0.0,262.42,524.84,134.76
IT-003984,ORD-02034,P0023,5,0.1,450.04,2250.18,485.83
IT-003985,ORD-02034,P0019,5,0.1,1429.7,7148.48,2784.58
IT-003986,ORD-02035,P0004,1,0.3,32.4,32.4,8.98
IT-003987,ORD-02035,P0013,2,0.05,1524.98,3049.96,1311.48
IT-003988,ORD-02035,P0002,4,0.0,839.32,3357.28,1200.56
IT-003989,ORD-02035,P0005,2,0.05,249.3,498.6,108.52
IT-003990,ORD-02036,P0020,3,0.05,661.47,1984.4,908.42
IT-003991,ORD-02036,P0002,3,0.3,587.52,1762.57,145.03
IT-003992,ORD-02036,P0017,2,0.0,866.66,1733.32,537.4
IT-003993,ORD-02036,P0010,1,0.0,689.95,689.95,342.65
IT-003994,ORD-02037,P0021,2,0.15,896.63,1793.26,133.1
IT-003995,ORD-02037,P0018,1,0.2,252.9,252.9,61.79
IT-003996,ORD-02038,P0020,1,0.0,696.28,696.28,337.62
IT-003997,ORD-02039,P0022,1,0.0,927.66,927.66,456.51
IT-003998,ORD-02039,P0002,1,0.0,839.32,839.32,300.14
IT-003999,ORD-02040,P0018,5,0.15,268.7,1343.51,387.96
IT-004000,ORD-02040,P0025,1,0.1,217.35,217.35,86.22
IT-004001,ORD-02041,P0007,2,0.15,476.97,953.94,170.76
IT-004002,ORD-02042,P0016,1,0.0,242.3,242.3,82.14
IT-004003,ORD-02042,P0002,1,0.0,839.32,839.32,300.14
IT-004004,ORD-02043,P0024,1,0.0,1045.55,1045.55,515.41
IT-004005,ORD-02043,P0022,1,0.0,927.66,927.66,456.51
IT-004006,ORD-02044,P0007,1,0.05,533.08,533.08,141.49
IT-004007,ORD-02045,P0007,1,0.0,561.14,561.14,169.55
IT-004008,ORD-02046,P0012,1,0.0,494.17,494.17,85.97
IT-004009,ORD-02047,P0015,2,0.2,832.55,1665.1,432.06
IT-004010,ORD-02047,P0006,1,0.1,847.84,847.84,290.19
IT-004011,ORD-02048,P0011,1,0.0,78.52,78.52,31.95
IT-004012,ORD-02048,P0017,1,0.0,866.66,866.66,268.7
IT-004013,ORD-02049,P0025,1,0.0,241.5,241.5,110.37
IT-004014,ORD-02050,P0019,3,0.05,1509.12,4527.37,1909.03
IT-004015,ORD-02050,P0020,1,0.0,696.28,696.28,337.62
IT-004016,ORD-02050,P0009,2,0.05,717.59,1435.18,608.82
IT-004017,ORD-02050,P0025,2,0.0,241.5,483.0,220.74
IT-004018,ORD-02051,P0012,5,0.05,469.46,2347.31,306.31
IT-004019,ORD-02052,P0021,5,0.0,1054.86,5274.3,1123.9
IT-004020,ORD-02052,P0003,4,0.0,107.87,431.48,203.56
IT-004021,ORD-02053,P0016,1,0.0,242.3,242.3,82.14
IT-004022,ORD-02053,P0004,2,0.2,37.02,74.05,27.21
IT-004023,ORD-02053,P0023,1,0.05,475.04,475.04,122.17
IT-004024,ORD-02054,P0016,1,0.0,242.3,242.3,82.14
IT-004025,ORD-02054,P0023,1,0.0,500.04,500.04,147.17
IT-004026,ORD-02054,P0005,1,0.0,262.42,262.42,67.38
IT-004027,ORD-02055,P0006,2,0.15,800.73,1601.47,486.17
IT-004028,ORD-02056,P0001,2,0.1,870.16,1740.31,304.49
IT-004029,ORD-02056,P0012,2,0.0,494.17,988.34,171.94
IT-004030,ORD-02056,P0021,5,0.15,896.63,4483.15,332.75
IT-004031,ORD-02057,P0025,4,0.0,241.5,966.0,441.48
IT-004032,ORD-02057,P0017,2,0.05,823.33,1646.65,450.73
IT-004033,ORD-02057,P0024,1,0.05,993.27,993.27,463.13
IT-004034,ORD-02058,P0009,1,0.0,755.36,755.36,342.18
IT-004035,ORD-02058,P0022,1,0.1,834.89,834.89,363.74
IT-004036,ORD-02059,P0014,1,0.0,26.71,26.71,7.42
IT-004037,ORD-02059,P0011,1,0.2,62.82,62.82,16.25
IT-004038,ORD-02060,P0023,1,0.05,475.04,475.04,122.17
IT-004039,ORD-02061,P0014,2,0.0,26.71,53.42,14.84
IT-004040,ORD-02061,P0021,2,0.0,1054.86,2109.72,449.56
IT-004041,ORD-02062,P0013,5,0.0,1605.24,8026.2,3680.0
IT-004042,ORD-02062,P0018,1,0.05,300.31,300.31,109.2
IT-004043,ORD-02063,P0015,2,0.0,1040.69,2081.38,848.34
IT-004044,ORD-02063,P0007,1,0.2,448.91,448.91,57.32
IT-004045,ORD-02063,P0002,3,0.0,839.32,2517.96,900.42
IT-004046,ORD-02064,P0017,3,0.05,823.33,2469.98,676.1
IT-004047,ORD-02064,P0007,1,0.0,561.14,561.14,169.55
IT-004048,ORD-02065,P0005,2,0.05,249.3,498.6,108.52
IT-004049,ORD-02065,P0019,1,0.0,1588.55,1588.55,715.77
IT-004050,ORD-02066,P0021,2,0.15,896.63,1793.26,133.1
IT-004051,ORD-02067,P0007,1,0.15,476.97,476.97,85.38
IT-004052,ORD-02068,P0014,2,0.0,26.71,53.42,14.84
IT-004053,ORD-02069,P0019,1,0.1,1429.7,1429.7,556.92
IT-004054,ORD-02070,P0018,1,0.0,316.12,316.12,125.01
IT-004055,ORD-02070,P0024,1,0.05,993.27,993.27,463.13
IT-004056,ORD-02071,P0001,2,0.2,773.47,1546.94,111.12
IT-004057,ORD-02071,P0006,3,0.2,753.63,2260.9,587.95
IT-004058,ORD-02071,P0010,1,0.1,620.96,620.96,273.66
IT-004059,ORD-02072,P0023,1,0.0,500.04,500.04,147.17
IT-004060,ORD-02072,P0014,1,0.0,26.71,26.71,7.42
IT-004061,ORD-02073,P0003,2,0.05,102.48,204.95,90.99
IT-004062,ORD-02073,P0025,3,0.1,217.35,652.05,258.66
IT-004063,ORD-02074,P0013,2,0.0,1605.24,3210.48,1472.0
IT-004064,ORD-02074,P0007,1,0.2,448.91,448.91,57.32
IT-004065,ORD-02075,P0016,1,0.0,242.3,242.3,82.14
IT-004066,ORD-02076,P0013,1,0.0,1605.24,1605.24,736.0
IT-004067,ORD-02077,P0017,1,0.2,693.33,693.33,95.37
IT-004068,ORD-02078,P0009,1,0.0,755.36,755.36,342.18
IT-004069,ORD-02078,P0015,1,0.0,1040.69,1040.69,424.17
IT-004070,ORD-02079,P0007,2,0.2,448.91,897.82,114.64
IT-004071,ORD-02080,P0019,1,0.05,1509.12,1509.12,636.34
IT-004072,ORD-02081,P0022,2,0.05,881.28,1762.55,820.25
IT-004073,ORD-02081,P0005,1,0.15,223.06,223.06,28.02
IT-004074,ORD-02082,P0018,2,0.1,284.51,569.02,186.8
IT-004075,ORD-02082,P0017,1,0.1,779.99,779.99,182.03
IT-004076,ORD-02082,P0016,1,0.1,218.07,218.07,57.91
IT-004077,ORD-02082,P0022,1,0.0,927.66,927.66,456.51
IT-004078,ORD-02083,P0021,4,0.0,1054.86,4219.44,899.12
IT-004079,ORD-02083,P0016,1,0.0,242.3,242.3,82.14
IT-004080,ORD-02084,P0013,2,0.0,1605.24,3210.48,1472.0
IT-004081,ORD-02084,P0002,3,0.15,713.42,2140.27,522.73
IT-004082,ORD-02084,P0022,3,0.1,834.89,2504.68,1091.23
IT-004083,ORD-02085,P0002,2,0.0,839.32,1678.64,600.28
IT-004084,ORD-02085,P0022,3,0.0,927.66,2782.98,1369.53
IT-004085,ORD-02086,P0023,3,0.15,425.03,1275.1,216.49
IT-004086,ORD-02086,P0015,1,0.05,988.66,988.66,372.14
IT-004087,ORD-02087,P0012,2,0.0,494.17,988.34,171.94
IT-004088,ORD-02087,P0017,1,0.3,606.66,606.66,8.7
IT-004089,ORD-02088,P0010,1,0.0,689.95,689.95,342.65
IT-004090,ORD-02088,P0002,1,0.1,755.39,755.39,216.21
IT-004091,ORD-02088,P0015,1,0.0,1040.69,1040.69,424.17
IT-004092,ORD-02089,P0012,1,0.1,444.75,444.75,36.55
IT-004093,ORD-02090,P0016,2,0.1,218.07,436.14,115.82
IT-004094,ORD-02091,P0008,1,0.0,449.0,449.0,86.12
IT-004095,ORD-02092,P0008,1,0.15,381.65,381.65,18.77
IT-004096,ORD-02092,P0012,1,0.15,420.04,420.04,11.84
IT-004097,ORD-02093,P0022,1,0.15,788.51,788.51,317.36
IT-004098,ORD-02093,P0010,1,0.2,551.96,551.96,204.66
IT-004099,ORD-02093,P0014,3,0.3,18.7,56.09,-1.78
IT-004100,ORD-02094,P0020,3,0.0,696.28,2088.84,1012.86
IT-004101,ORD-02095,P0010,1,0.0,689.95,689.95,342.65
IT-004102,ORD-02096,P0007,1,0.0,561.14,561.14,169.55
IT-004103,ORD-02096,P0019,2,0.2,1270.84,2541.68,796.12
IT-004104,ORD-02096,P0015,1,0.1,936.62,936.62,320.1
IT-004105,ORD-02097,P0017,1,0.2,693.33,693.33,95.37
IT-004106,ORD-02097,P0020,1,0.0,696.28,696.28,337.62
IT-004107,ORD-02098,P0023,1,0.05,475.04,475.04,122.17
IT-004108,ORD-02098,P0018,2,0.0,316.12,632.24,250.02
IT-004109,ORD-02099,P0024,1,0.0,1045.55,1045.55,515.41
IT-004110,ORD-02099,P0004,1,0.05,43.97,43.97,20.55
IT-004111,ORD-02099,P0023,3,0.0,500.04,1500.12,441.51
IT-004112,ORD-02100,P0019,5,0.05,1509.12,7545.61,3181.71
IT-004113,ORD-02100,P0025,1,0.05,229.42,229.42,98.29
IT-004114,ORD-02101,P0010,1,0.1,620.96,620.96,273.66
IT-004115,ORD-02101,P0003,1,0.1,97.08,97.08,40.1
IT-004116,ORD-02102,P0008,1,0.1,404.1,404.1,41.22
IT-004117,ORD-02103,P0022,1,0.05,881.28,881.28,410.13
IT-004118,ORD-02104,P0021,3,0.2,843.89,2531.66,41.42
IT-004119,ORD-02104,P0025,1,0.0,241.5,241.5,110.37
IT-004120,ORD-02105,P0019,4,0.0,1588.55,6354.2,2863.08
IT-004121,ORD-02105,P0008,3,0.2,359.2,1077.6,-11.04
IT-004122,ORD-02106,P0024,1,0.0,1045.55,1045.55,515.41
IT-004123,ORD-02106,P0022,1,0.15,788.51,788.51,317.36
IT-004124,ORD-02106,P0018,3,0.0,316.12,948.36,375.03
IT-004125,ORD-02106,P0006,1,0.0,942.04,942.04,384.39
IT-004126,ORD-02107,P0001,1,0.05,918.5,918.5,200.59
IT-004127,ORD-02107,P0016,1,0.0,242.3,242.3,82.14
IT-004128,ORD-02107,P0008,3,0.0,449.0,1347.0,258.36
IT-004129,ORD-02107,P0018,1,0.2,252.9,252.9,61.79
IT-004130,ORD-02108,P0017,3,0.0,866.66,2599.98,806.1
IT-004131,ORD-02108,P0014,2,0.05,25.37,50.75,12.17
IT-004132,ORD-02108,P0010,1,0.0,689.95,689.95,342.65
IT-004133,ORD-02109,P0019,2,0.0,1588.55,3177.1,1431.54
IT-004134,ORD-02110,P0018,2,0.3,221.28,442.57,60.35
IT-004135,ORD-02110,P0003,2,0.0,107.87,215.74,101.78
IT-004136,ORD-02110,P0005,3,0.0,262.42,787.26,202.14
IT-004137,ORD-02110,P0020,2,0.0,696.28,1392.56,675.24
IT-004138,ORD-02111,P0018,1,0.0,316.12,316.12,125.01
IT-004139,ORD-02111,P0020,1,0.0,696.28,696.28,337.62
IT-004140,ORD-02112,P0002,1,0.05,797.35,797.35,258.17
IT-004141,ORD-02113,P0010,3,0.0,689.95,2069.85,1027.95
IT-004142,ORD-02113,P0018,1,0.1,284.51,284.51,93.4
IT-004143,ORD-02114,P0007,2,0.15,476.97,953.94,170.76
IT-004144,ORD-02115,P0012,1,0.0,494.17,494.17,85.97
IT-004145,ORD-02116,P0019,3,0.05,1509.12,4527.37,1909.03
IT-004146,ORD-02116,P0015,1,0.0,1040.69,1040.69,424.17
IT-004147,ORD-02116,P0014,1,0.0,26.71,26.71,7.42
IT-004148,ORD-02117,P0024,2,0.05,993.27,1986.54,926.26
IT-004149,ORD-02117,P0010,2,0.2,551.96,1103.92,409.32
IT-004150,ORD-02118,P0010,2,0.0,689.95,1379.9,685.3
IT-004151,ORD-02119,P0011,2,0.1,70.67,141.34,48.2
IT-004152,ORD-02119,P0024,1,0.0,1045.55,1045.55,515.41
IT-004153,ORD-02120,P0007,1,0.0,561.14,561.14,169.55
IT-004154,ORD-02120,P0012,1,0.0,494.17,494.17,85.97
IT-004155,ORD-02120,P0022,2,0.0,927.66,1855.32,913.02
IT-004156,ORD-02121,P0006,1,0.3,659.43,659.43,101.78
IT-004157,ORD-02121,P0009,2,0.2,604.29,1208.58,382.22
IT-004158,ORD-02122,P0018,1,0.2,252.9,252.9,61.79
IT-004159,ORD-02123,P0013,1,0.0,1605.24,1605.24,736.0
IT-004160,ORD-02124,P0009,1,0.1,679.82,679.82,266.64
IT-004161,ORD-02125,P0011,1,0.1,70.67,70.67,24.1
IT-004162,ORD-02125,P0013,1,0.15,1364.45,1364.45,495.21
IT-004163,ORD-02125,P0009,1,0.1,679.82,679.82,266.64
IT-004164,ORD-02125,P0019,2,0.0,1588.55,3177.1,1431.54
IT-004165,ORD-02126,P0024,2,0.0,1045.55,2091.1,1030.82
IT-004166,ORD-02126,P0021,2,0.0,1054.86,2109.72,449.56
IT-004167,ORD-02127,P0010,3,0.15,586.46,1759.37,717.47
IT-004168,ORD-02127,P0013,1,0.0,1605.24,1605.24,736.0
IT-004169,ORD-02128,P0018,1,0.05,300.31,300.31,109.2
IT-004170,ORD-02128,P0021,1,0.05,1002.12,1002.12,172.04
IT-004171,ORD-02129,P0010,1,0.0,689.95,689.95,342.65
IT-004172,ORD-02129,P0022,3,0.2,742.13,2226.38,812.93
IT-004173,ORD-02129,P0023,4,0.0,500.04,2000.16,588.68
IT-004174,ORD-02130,P0020,2,0.15,591.84,1183.68,466.36
IT-004175,ORD-02130,P0004,1,0.05,43.97,43.97,20.55
IT-004176,ORD-02131,P0003,2,0.1,97.08,194.17,80.21
IT-004177,ORD-02131,P0014,1,0.1,24.04,24.04,4.75
IT-004178,ORD-02132,P0016,1,0.0,242.3,242.3,82.14
IT-004179,ORD-02133,P0001,3,0.05,918.5,2755.49,601.76
IT-004180,ORD-02134,P0021,1,0.15,896.63,896.63,66.55
IT-004181,ORD-02134,P0016,1,0.0,242.3,242.3,82.14
IT-004182,ORD-02134,P0022,2,0.15,788.51,1577.02,634.72
IT-004183,ORD-02134,P0011,1,0.0,78.52,78.52,31.95
IT-004184,ORD-02135,P0012,4,0.0,494.17,1976.68,343.88
IT-004185,ORD-02135,P0019,1,0.0,1588.55,1588.55,715.77
IT-004186,ORD-02135,P0011,1,0.05,74.59,74.59,28.02
IT-004187,ORD-02135,P0024,3,0.0,1045.55,3136.65,1546.23
IT-004188,ORD-02136,P0004,2,0.0,46.28,92.56,45.72
IT-004189,ORD-02136,P0002,2,0.05,797.35,1594.71,516.35
IT-004190,ORD-02136,P0011,2,0.05,74.59,149.19,56.05
IT-004191,ORD-02136,P0006,3,0.1,847.84,2543.51,870.56
IT-004192,ORD-02137,P0002,2,0.2,671.46,1342.91,264.55
IT-004193,ORD-02137,P0019,3,0.0,1588.55,4765.65,2147.31
IT-004194,ORD-02137,P0012,5,0.15,420.04,2100.22,59.22
IT-004195,ORD-02137,P0010,1,0.0,689.95,689.95,342.65
IT-004196,ORD-02138,P0007,1,0.05,533.08,533.08,141.49
IT-004197,ORD-02138,P0014,1,0.2,21.37,21.37,2.08
IT-004198,ORD-02138,P0023,2,0.0,500.04,1000.08,294.34
IT-004199,ORD-02139,P0016,1,0.1,218.07,218.07,57.91
IT-004200,ORD-02139,P0012,1,0.0,494.17,494.17,85.97
IT-004201,ORD-02140,P0011,3,0.3,54.96,164.89,25.18
IT-004202,ORD-02140,P0003,5,0.15,91.69,458.45,173.55
IT-004203,ORD-02140,P0021,4,0.2,843.89,3375.55,55.23
IT-004204,ORD-02141,P0022,2,0.0,927.66,1855.32,913.02
IT-004205,ORD-02141,P0018,1,0.05,300.31,300.31,109.2
IT-004206,ORD-02142,P0021,2,0.0,1054.86,2109.72,449.56
IT-004207,ORD-02143,P0018,1,0.0,316.12,316.12,125.01
IT-004208,ORD-02144,P0016,1,0.1,218.07,218.07,57.91
IT-004209,ORD-02144,P0004,2,0.0,46.28,92.56,45.72
IT-004210,ORD-02144,P0010,1,0.0,689.95,689.95,342.65
IT-004211,ORD-02144,P0015,2,0.0,1040.69,2081.38,848.34
IT-004212,ORD-02145,P0019,3,0.15,1350.27,4050.8,1432.46
IT-004213,ORD-02146,P0006,1,0.1,847.84,847.84,290.19
IT-004214,ORD-02146,P0020,2,0.05,661.47,1322.93,605.61
IT-004215,ORD-02146,P0013,1,0.0,1605.24,1605.24,736.0
IT-004216,ORD-02147,P0011,1,0.0,78.52,78.52,31.95
IT-004217,ORD-02148,P0018,3,0.0,316.12,948.36,375.03
IT-004218,ORD-02149,P0019,5,0.0,1588.55,7942.75,3578.85
IT-004219,ORD-02150,P0014,2,0.1,24.04,48.08,9.5
IT-004220,ORD-02151,P0025,1,0.0,241.5,241.5,110.37
IT-004221,ORD-02152,P0001,2,0.05,918.5,1837.0,401.18
IT-004222,ORD-02153,P0010,5,0.0,689.95,3449.75,1713.25
IT-004223,ORD-02153,P0018,1,0.05,300.31,300.31,109.2
IT-004224,ORD-02153,P0003,1,0.0,107.87,107.87,50.89
IT-004225,ORD-02154,P0009,1,0.0,755.36,755.36,342.18
IT-004226,ORD-02155,P0019,1,0.0,1588.55,1588.55,715.77
IT-004227,ORD-02156,P0006,1,0.2,753.63,753.63,195.98
IT-004228,ORD-02157,P0005,1,0.3,183.69,183.69,-11.35
IT-004229,ORD-02157,P0022,4,0.1,834.89,3339.58,1454.98
IT-004230,ORD-02158,P0024,1,0.2,836.44,836.44,306.3
IT-004231,ORD-02158,P0015,1,0.05,988.66,988.66,372.14
IT-004232,ORD-02159,P0016,1,0.0,242.3,242.3,82.14
IT-004233,ORD-02159,P0010,2,0.0,689.95,1379.9,685.3
IT-004234,ORD-02160,P0004,4,0.0,46.28,185.12,91.44
IT-004235,ORD-02161,P0016,1,0.1,218.07,218.07,57.91
IT-004236,ORD-02162,P0019,2,0.15,1350.27,2700.54,954.97
IT-004237,ORD-02162,P0023,2,0.0,500.04,1000.08,294.34
IT-004238,ORD-02163,P0008,2,0.05,426.55,853.1,127.34
IT-004239,ORD-02163,P0004,3,0.0,46.28,138.84,68.58
IT-004240,ORD-02163,P0002,1,0.0,839.32,839.32,300.14
IT-004241,ORD-02164,P0013,2,0.1,1444.72,2889.43,1150.95
IT-004242,ORD-02165,P0004,3,0.0,46.28,138.84,68.58
IT-004243,ORD-02165,P0010,2,0.3,482.96,965.93,271.33
IT-004244,ORD-02166,P0007,1,0.05,533.08,533.08,141.49
IT-004245,ORD-02167,P0007,2,0.3,392.8,785.6,2.42
IT-004246,ORD-02168,P0022,3,0.0,927.66,2782.98,1369.53
IT-004247,ORD-02168,P0020,1,0.2,557.02,557.02,198.36
IT-004248,ORD-02169,P0025,2,0.1,217.35,434.7,172.44
IT-004249,ORD-02169,P0006,1,0.2,753.63,753.63,195.98
IT-004250,ORD-02170,P0012,1,0.15,420.04,420.04,11.84
IT-004251,ORD-02171,P0021,2,0.2,843.89,1687.78,27.62
IT-004252,ORD-02172,P0025,1,0.1,217.35,217.35,86.22
IT-004253,ORD-02172,P0011,1,0.0,78.52,78.52,31.95
IT-004254,ORD-02172,P0021,1,0.0,1054.86,1054.86,224.78
IT-004255,ORD-02172,P0009,1,0.3,528.75,528.75,115.57
IT-004256,ORD-02173,P0015,5,0.05,988.66,4943.28,1860.68
IT-004257,ORD-02173,P0019,1,0.0,1588.55,1588.55,715.77
IT-004258,ORD-02173,P0012,2,0.0,494.17,988.34,171.94
IT-004259,ORD-02174,P0008,2,0.1,404.1,808.2,82.44
IT-004260,ORD-02174,P0020,1,0.05,661.47,661.47,302.81
IT-004261,ORD-02174,P0012,1,0.0,494.17,494.17,85.97
IT-004262,ORD-02175,P0010,1,0.05,655.45,655.45,308.15
IT-004263,ORD-02175,P0003,3,0.0,107.87,323.61,152.67
IT-004264,ORD-02176,P0021,1,0.2,843.89,843.89,13.81
IT-004265,ORD-02176,P0009,1,0.0,755.36,755.36,342.18
IT-004266,ORD-02177,P0006,1,0.15,800.73,800.73,243.08
IT-004267,ORD-02178,P0001,1,0.0,966.84,966.84,248.93
IT-004268,ORD-02179,P0002,1,0.3,587.52,587.52,48.34
IT-004269,ORD-02179,P0003,2,0.0,107.87,215.74,101.78
IT-004270,ORD-02180,P0021,3,0.0,1054.86,3164.58,674.34
IT-004271,ORD-02180,P0004,1,0.2,37.02,37.02,13.6
IT-004272,ORD-02181,P0004,1,0.3,32.4,32.4,8.98
IT-004273,ORD-02182,P0009,2,0.0,755.36,1510.72,684.36
IT-004274,ORD-02182,P0017,2,0.0,866.66,1733.32,537.4
IT-004275,ORD-02182,P0004,3,0.05,43.97,131.9,61.64
IT-004276,ORD-02183,P0012,1,0.3,345.92,345.92,-62.28
IT-004277,ORD-02184,P0004,1,0.15,39.34,39.34,15.92
IT-004278,ORD-02185,P0002,3,0.0,839.32,2517.96,900.42
IT-004279,ORD-02186,P0006,1,0.0,942.04,942.04,384.39
IT-004280,ORD-02186,P0004,1,0.0,46.28,46.28,22.86
IT-004281,ORD-02187,P0017,1,0.15,736.66,736.66,138.7
IT-004282,ORD-02188,P0020,1,0.05,661.47,661.47,302.81
IT-004283,ORD-02189,P0011,1,0.0,78.52,78.52,31.95
IT-004284,ORD-02189,P0006,4,0.0,942.04,3768.16,1537.56
IT-004285,ORD-02190,P0011,2,0.0,78.52,157.04,63.9
IT-004286,ORD-02190,P0023,5,0.3,350.03,1750.14,-14.21
IT-004287,ORD-02191,P0016,2,0.1,218.07,436.14,115.82
IT-004288,ORD-02191,P0017,1,0.0,866.66,866.66,268.7
IT-004289,ORD-02192,P0020,1,0.0,696.28,696.28,337.62
IT-004290,ORD-02193,P0023,3,0.1,450.04,1350.11,291.5
IT-004291,ORD-02193,P0003,4,0.15,91.69,366.76,138.84
IT-004292,ORD-02194,P0016,4,0.15,205.96,823.82,183.18
IT-004293,ORD-02194,P0019,3,0.15,1350.27,4050.8,1432.46
IT-004294,ORD-02195,P0018,4,0.2,252.9,1011.58,247.14
IT-004295,ORD-02196,P0010,1,0.1,620.96,620.96,273.66
IT-004296,ORD-02196,P0004,1,0.15,39.34,39.34,15.92
IT-004297,ORD-02196,P0015,1,0.05,988.66,988.66,372.14
IT-004298,ORD-02197,P0023,1,0.2,400.03,400.03,47.16
IT-004299,ORD-02197,P0015,1,0.1,936.62,936.62,320.1
IT-004300,ORD-02198,P0003,5,0.15,91.69,458.45,173.55
IT-004301,ORD-02199,P0003,4,0.15,91.69,366.76,138.84
IT-004302,ORD-02199,P0018,3,0.2,252.9,758.69,185.36
IT-004303,ORD-02199,P0015,1,0.0,1040.69,1040.69,424.17
IT-004304,ORD-02199,P0008,2,0.2,359.2,718.4,-7.36
IT-004305,ORD-02200,P0022,2,0.0,927.66,1855.32,913.02
IT-004306,ORD-02200,P0019,1,0.15,1350.27,1350.27,477.49
IT-004307,ORD-02200,P0002,1,0.1,755.39,755.39,216.21
IT-004308,ORD-02201,P0008,1,0.1,404.1,404.1,41.22
IT-004309,ORD-02201,P0018,3,0.0,316.12,948.36,375.03
IT-004310,ORD-02201,P0003,1,0.2,86.3,86.3,29.32
IT-004311,ORD-02201,P0004,1,0.0,46.28,46.28,22.86
IT-004312,ORD-02202,P0015,1,0.05,988.66,988.66,372.14
IT-004313,ORD-02202,P0020,2,0.05,661.47,1322.93,605.61
IT-004314,ORD-02203,P0005,2,0.1,236.18,472.36,82.28
IT-004315,ORD-02204,P0006,5,0.0,942.04,4710.2,1921.95
IT-004316,ORD-02205,P0024,2,0.05,993.27,1986.54,926.26
IT-004317,ORD-02205,P0025,1,0.2,193.2,193.2,62.07
IT-004318,ORD-02206,P0011,2,0.1,70.67,141.34,48.2
IT-004319,ORD-02206,P0021,1,0.0,1054.86,1054.86,224.78
IT-004320,ORD-02206,P0017,2,0.0,866.66,1733.32,537.4
IT-004321,ORD-02206,P0014,1,0.05,25.37,25.37,6.08
IT-004322,ORD-02207,P0013,4,0.3,1123.67,4494.67,1017.71
IT-004323,ORD-02207,P0025,1,0.2,193.2,193.2,62.07
IT-004324,ORD-02208,P0016,2,0.0,242.3,484.6,164.28
IT-004325,ORD-02208,P0002,5,0.0,839.32,4196.6,1500.7
IT-004326,ORD-02208,P0007,1,0.0,561.14,561.14,169.55
IT-004327,ORD-02209,P0004,1,0.0,46.28,46.28,22.86
IT-004328,ORD-02210,P0020,1,0.1,626.65,626.65,267.99
IT-004329,ORD-02210,P0019,1,0.1,1429.7,1429.7,556.92
IT-004330,ORD-02211,P0005,5,0.1,236.18,1180.89,205.69
IT-004331,ORD-02211,P0017,2,0.0,866.66,1733.32,537.4
IT-004332,ORD-02211,P0012,1,0.0,494.17,494.17,85.97
IT-004333,ORD-02212,P0019,3,0.0,1588.55,4765.65,2147.31
IT-004334,ORD-02212,P0007,4,0.2,448.91,1795.65,229.29
IT-004335,ORD-02212,P0025,1,0.0,241.5,241.5,110.37
IT-004336,ORD-02213,P0008,2,0.0,449.0,898.0,172.24
IT-004337,ORD-02213,P0016,4,0.15,205.96,823.82,183.18
IT-004338,ORD-02213,P0018,1,0.1,284.51,284.51,93.4
IT-004339,ORD-02213,P0001,2,0.15,821.81,1643.63,207.81
IT-004340,ORD-02214,P0013,1,0.3,1123.67,1123.67,254.43
IT-004341,ORD-02214,P0005,2,0.0,262.42,524.84,134.76
IT-004342,ORD-02214,P0025,1,0.0,241.5,241.5,110.37
IT-004343,ORD-02215,P0015,2,0.1,936.62,1873.24,640.2
IT-004344,ORD-02215,P0012,1,0.1,444.75,444.75,36.55
IT-004345,ORD-02216,P0015,1,0.2,832.55,832.55,216.03
IT-004346,ORD-02216,P0007,4,0.05,533.08,2132.33,565.97
IT-004347,ORD-02217,P0014,1,0.0,26.71,26.71,7.42
IT-004348,ORD-02217,P0017,1,0.0,866.66,866.66,268.7
IT-004349,ORD-02217,P0019,1,0.1,1429.7,1429.7,556.92
IT-004350,ORD-02218,P0004,1,0.1,41.65,41.65,18.23
IT-004351,ORD-02218,P0001,1,0.0,966.84,966.84,248.93
IT-004352,ORD-02219,P0006,1,0.05,894.94,894.94,337.29
IT-004353,ORD-02220,P0009,1,0.0,755.36,755.36,342.18
IT-004354,ORD-02220,P0012,2,0.1,444.75,889.51,73.11
IT-004355,ORD-02221,P0023,1,0.2,400.03,400.03,47.16
IT-004356,ORD-02221,P0015,4,0.0,1040.69,4162.76,1696.68
IT-004357,ORD-02222,P0019,5,0.2,1270.84,6354.2,1990.3
IT-004358,ORD-02223,P0010,4,0.0,689.95,2759.8,1370.6
IT-004359,ORD-02223,P0009,1,0.0,755.36,755.36,342.18
IT-004360,ORD-02224,P0020,1,0.0,696.28,696.28,337.62
IT-004361,ORD-02225,P0015,1,0.0,1040.69,1040.69,424.17
IT-004362,ORD-02225,P0002,2,0.2,671.46,1342.91,264.55
IT-004363,ORD-02226,P0023,1,0.05,475.04,475.04,122.17
IT-004364,ORD-02226,P0010,3,0.1,620.96,1862.87,820.97
IT-004365,ORD-02226,P0021,1,0.0,1054.86,1054.86,224.78
IT-004366,ORD-02227,P0003,1,0.0,107.87,107.87,50.89
IT-004367,ORD-02227,P0002,2,0.2,671.46,1342.91,264.55
IT-004368,ORD-02228,P0019,2,0.05,1509.12,3018.24,1272.68
IT-004369,ORD-02228,P0011,3,0.15,66.74,200.23,60.52
IT-004370,ORD-02228,P0007,1,0.2,448.91,448.91,57.32
IT-004371,ORD-02229,P0013,1,0.1,1444.72,1444.72,575.48
IT-004372,ORD-02230,P0025,5,0.0,241.5,1207.5,551.85
IT-004373,ORD-02230,P0020,1,0.1,626.65,626.65,267.99
IT-004374,ORD-02230,P0001,1,0.0,966.84,966.84,248.93
IT-004375,ORD-02230,P0017,1,0.0,866.66,866.66,268.7
IT-004376,ORD-02231,P0015,2,0.0,1040.69,2081.38,848.34
IT-004377,ORD-02232,P0017,3,0.05,823.33,2469.98,676.1
IT-004378,ORD-02233,P0015,2,0.0,1040.69,2081.38,848.34
IT-004379,ORD-02233,P0004,5,0.1,41.65,208.26,91.16
IT-004380,ORD-02233,P0003,5,0.05,102.48,512.38,227.48
IT-004381,ORD-02234,P0007,2,0.0,561.14,1122.28,339.1
IT-004382,ORD-02234,P0001,3,0.1,870.16,2610.47,456.74
IT-004383,ORD-02234,P0008,1,0.0,449.0,449.0,86.12
IT-004384,ORD-02235,P0016,2,0.0,242.3,484.6,164.28
IT-004385,ORD-02236,P0003,1,0.1,97.08,97.08,40.1
IT-004386,ORD-02236,P0012,1,0.15,420.04,420.04,11.84
IT-004387,ORD-02236,P0001,1,0.05,918.5,918.5,200.59
IT-004388,ORD-02236,P0020,1,0.0,696.28,696.28,337.62
IT-004389,ORD-02237,P0007,2,0.0,561.14,1122.28,339.1
IT-004390,ORD-02237,P0016,3,0.15,205.96,617.86,137.39
IT-004391,ORD-02238,P0004,4,0.0,46.28,185.12,91.44
IT-004392,ORD-02238,P0007,2,0.2,448.91,897.82,114.64
IT-004393,ORD-02238,P0016,1,0.3,169.61,169.61,9.45
IT-004394,ORD-02238,P0018,1,0.0,316.12,316.12,125.01
IT-004395,ORD-02239,P0011,1,0.1,70.67,70.67,24.1
IT-004396,ORD-02239,P0002,2,0.05,797.35,1594.71,516.35
IT-004397,ORD-02240,P0023,4,0.1,450.04,1800.14,388.66
IT-004398,ORD-02240,P0006,2,0.05,894.94,1789.88,674.58
IT-004399,ORD-02241,P0014,2,0.1,24.04,48.08,9.5
IT-004400,ORD-02241,P0021,2,0.0,1054.86,2109.72,449.56
IT-004401,ORD-02242,P0010,2,0.0,689.95,1379.9,685.3
IT-004402,ORD-02243,P0021,1,0.3,738.4,738.4,-91.68
IT-004403,ORD-02243,P0022,1,0.05,881.28,881.28,410.13
IT-004404,ORD-02244,P0009,2,0.0,755.36,1510.72,684.36
IT-004405,ORD-02244,P0010,3,0.2,551.96,1655.88,613.98
IT-004406,ORD-02245,P0021,2,0.0,1054.86,2109.72,449.56
IT-004407,ORD-02246,P0014,1,0.1,24.04,24.04,4.75
IT-004408,ORD-02247,P0008,1,0.0,449.0,449.0,86.12
IT-004409,ORD-02248,P0025,1,0.15,205.28,205.28,74.15
IT-004410,ORD-02248,P0022,1,0.2,742.13,742.13,270.98
IT-004411,ORD-02248,P0006,2,0.1,847.84,1695.67,580.37
IT-004412,ORD-02249,P0025,3,0.0,241.5,724.5,331.11
IT-004413,ORD-02249,P0012,2,0.1,444.75,889.51,73.11
IT-004414,ORD-02250,P0014,1,0.0,26.71,26.71,7.42
IT-004415,ORD-02250,P0005,3,0.1,236.18,708.53,123.41
IT-004416,ORD-02250,P0022,2,0.15,788.51,1577.02,634.72
IT-004417,ORD-02251,P0009,2,0.1,679.82,1359.65,533.29
IT-004418,ORD-02251,P0025,3,0.1,217.35,652.05,258.66
IT-004419,ORD-02251,P0001,5,0.0,966.84,4834.2,1244.65
IT-004420,ORD-02251,P0008,3,0.1,404.1,1212.3,123.66
IT-004421,ORD-02252,P0024,5,0.0,1045.55,5227.75,2577.05
IT-004422,ORD-02252,P0001,1,0.3,676.79,676.79,-41.12
IT-004423,ORD-02253,P0001,1,0.0,966.84,966.84,248.93
IT-004424,ORD-02253,P0012,1,0.0,494.17,494.17,85.97
IT-004425,ORD-02253,P0002,3,0.2,671.46,2014.37,396.83
IT-004426,ORD-02253,P0003,3,0.1,97.08,291.25,120.31
IT-004427,ORD-02254,P0005,1,0.0,262.42,262.42,67.38
IT-004428,ORD-02255,P0012,5,0.0,494.17,2470.85,429.85
IT-004429,ORD-02256,P0023,1,0.0,500.04,500.04,147.17
IT-004430,ORD-02256,P0015,1,0.2,832.55,832.55,216.03
IT-004431,ORD-02257,P0012,1,0.0,494.17,494.17,85.97
IT-004432,ORD-02257,P0011,2,0.0,78.52,157.04,63.9
IT-004433,ORD-02258,P0006,1,0.0,942.04,942.04,384.39
IT-004434,ORD-02258,P0018,1,0.1,284.51,284.51,93.4
IT-004435,ORD-02258,P0016,1,0.0,242.3,242.3,82.14
IT-004436,ORD-02259,P0013,4,0.2,1284.19,5136.77,1659.81
IT-004437,ORD-02259,P0018,1,0.1,284.51,284.51,93.4
IT-004438,ORD-02260,P0019,1,0.15,1350.27,1350.27,477.49
IT-004439,ORD-02261,P0025,3,0.05,229.42,688.28,294.88
IT-004440,ORD-02261,P0002,5,0.3,587.52,2937.62,241.72
IT-004441,ORD-02262,P0022,4,0.1,834.89,3339.58,1454.98
IT-004442,ORD-02262,P0021,1,0.1,949.37,949.37,119.29
IT-004443,ORD-02263,P0024,3,0.0,1045.55,3136.65,1546.23
IT-004444,ORD-02264,P0021,1,0.1,949.37,949.37,119.29
IT-004445,ORD-02264,P0023,3,0.15,425.03,1275.1,216.49
IT-004446,ORD-02265,P0004,1,0.0,46.28,46.28,22.86
IT-004447,ORD-02265,P0007,2,0.0,561.14,1122.28,339.1
IT-004448,ORD-02265,P0017,1,0.05,823.33,823.33,225.37
IT-004449,ORD-02266,P0017,1,0.3,606.66,606.66,8.7
IT-004450,ORD-02266,P0016,1,0.1,218.07,218.07,57.91
IT-004451,ORD-02266,P0003,2,0.0,107.87,215.74,101.78
IT-004452,ORD-02267,P0025,1,0.05,229.42,229.42,98.29
IT-004453,ORD-02267,P0015,2,0.1,936.62,1873.24,640.2
IT-004454,ORD-02268,P0010,1,0.0,689.95,689.95,342.65
IT-004455,ORD-02269,P0022,2,0.0,927.66,1855.32,913.02
IT-004456,ORD-02270,P0018,2,0.1,284.51,569.02,186.8
IT-004457,ORD-02270,P0013,2,0.0,1605.24,3210.48,1472.0
IT-004458,ORD-02271,P0019,5,0.05,1509.12,7545.61,3181.71
IT-004459,ORD-02271,P0015,2,0.0,1040.69,2081.38,848.34
IT-004460,ORD-02271,P0003,5,0.05,102.48,512.38,227.48
IT-004461,ORD-02272,P0011,3,0.15,66.74,200.23,60.52
IT-004462,ORD-02273,P0010,1,0.0,689.95,689.95,342.65
IT-004463,ORD-02274,P0013,1,0.1,1444.72,1444.72,575.48
IT-004464,ORD-02274,P0019,1,0.0,1588.55,1588.55,715.77
IT-004465,ORD-02274,P0010,1,0.05,655.45,655.45,308.15
IT-004466,ORD-02274,P0009,3,0.05,717.59,2152.78,913.24
IT-004467,ORD-02275,P0025,4,0.15,205.28,821.1,296.58
IT-004468,ORD-02275,P0012,1,0.0,494.17,494.17,85.97
IT-004469,ORD-02275,P0001,2,0.3,676.79,1353.58,-82.24
IT-004470,ORD-02276,P0011,1,0.0,78.52,78.52,31.95
IT-004471,ORD-02276,P0023,1,0.1,450.04,450.04,97.17
IT-004472,ORD-02277,P0018,1,0.0,316.12,316.12,125.01
IT-004473,ORD-02278,P0005,3,0.2,209.94,629.81,44.69
IT-004474,ORD-02279,P0013,3,0.1,1444.72,4334.15,1726.43
IT-004475,ORD-02280,P0011,1,0.0,78.52,78.52,31.95
IT-004476,ORD-02280,P0016,1,0.0,242.3,242.3,82.14
IT-004477,ORD-02281,P0003,2,0.05,102.48,204.95,90.99
IT-004478,ORD-02282,P0019,2,0.3,1111.98,2223.97,478.41
IT-004479,ORD-02282,P0025,2,0.0,241.5,483.0,220.74
IT-004480,ORD-02282,P0004,5,0.0,46.28,231.4,114.3
IT-004481,ORD-02283,P0013,2,0.0,1605.24,3210.48,1472.0
IT-004482,ORD-02283,P0016,1,0.05,230.18,230.18,70.03
IT-004483,ORD-02283,P0024,3,0.15,888.72,2666.15,1075.73
IT-004484,ORD-02283,P0015,1,0.0,1040.69,1040.69,424.17
IT-004485,ORD-02284,P0018,4,0.05,300.31,1201.26,436.82
IT-004486,ORD-02285,P0022,2,0.0,927.66,1855.32,913.02
IT-004487,ORD-02285,P0003,4,0.05,102.48,409.91,181.99
IT-004488,ORD-02286,P0008,1,0.0,449.0,449.0,86.12
IT-004489,ORD-02286,P0022,1,0.05,881.28,881.28,410.13
IT-004490,ORD-02287,P0007,2,0.0,561.14,1122.28,339.1
IT-004491,ORD-02287,P0019,2,0.0,1588.55,3177.1,1431.54
IT-004492,ORD-02287,P0010,2,0.15,586.46,1172.92,478.31
IT-004493,ORD-02287,P0020,2,0.0,696.28,1392.56,675.24
IT-004494,ORD-02288,P0018,1,0.15,268.7,268.7,77.59
IT-004495,ORD-02288,P0009,2,0.15,642.06,1284.11,457.75
IT-004496,ORD-02288,P0020,1,0.0,696.28,696.28,337.62
IT-004497,ORD-02289,P0003,1,0.1,97.08,97.08,40.1
IT-004498,ORD-02290,P0021,1,0.0,1054.86,1054.86,224.78
IT-004499,ORD-02291,P0018,1,0.0,316.12,316.12,125.01
IT-004500,ORD-02291,P0025,1,0.1,217.35,217.35,86.22
IT-004501,ORD-02291,P0010,1,0.15,586.46,586.46,239.16
IT-004502,ORD-02292,P0001,1,0.3,676.79,676.79,-41.12
IT-004503,ORD-02292,P0002,3,0.0,839.32,2517.96,900.42
IT-004504,ORD-02293,P0005,1,0.05,249.3,249.3,54.26
IT-004505,ORD-02294,P0025,1,0.0,241.5,241.5,110.37
IT-004506,ORD-02294,P0009,2,0.1,679.82,1359.65,533.29
IT-004507,ORD-02295,P0005,4,0.15,223.06,892.23,112.07
IT-004508,ORD-02295,P0007,1,0.0,561.14,561.14,169.55
IT-004509,ORD-02295,P0001,1,0.15,821.81,821.81,103.9
IT-004510,ORD-02296,P0004,4,0.15,39.34,157.35,63.67
IT-004511,ORD-02297,P0023,1,0.15,425.03,425.03,72.16
IT-004512,ORD-02297,P0003,1,0.2,86.3,86.3,29.32
IT-004513,ORD-02297,P0021,1,0.0,1054.86,1054.86,224.78
IT-004514,ORD-02298,P0004,2,0.1,41.65,83.3,36.46
IT-004515,ORD-02299,P0012,1,0.0,494.17,494.17,85.97
IT-004516,ORD-02299,P0008,1,0.0,449.0,449.0,86.12
IT-004517,ORD-02299,P0009,2,0.1,679.82,1359.65,533.29
IT-004518,ORD-02300,P0024,1,0.0,1045.55,1045.55,515.41
IT-004519,ORD-02300,P0009,1,0.0,755.36,755.36,342.18
IT-004520,ORD-02301,P0019,3,0.0,1588.55,4765.65,2147.31
IT-004521,ORD-02302,P0018,1,0.0,316.12,316.12,125.01
IT-004522,ORD-02302,P0003,3,0.0,107.87,323.61,152.67
IT-004523,ORD-02303,P0017,5,0.0,866.66,4333.3,1343.5
IT-004524,ORD-02303,P0007,4,0.2,448.91,1795.65,229.29
IT-004525,ORD-02303,P0006,1,0.0,942.04,942.04,384.39
IT-004526,ORD-02304,P0018,1,0.2,252.9,252.9,61.79
IT-004527,ORD-02304,P0008,1,0.0,449.0,449.0,86.12
IT-004528,ORD-02304,P0003,1,0.15,91.69,91.69,34.71
IT-004529,ORD-02304,P0005,4,0.15,223.06,892.23,112.07
IT-004530,ORD-02305,P0016,1,0.2,193.84,193.84,33.68
IT-004531,ORD-02306,P0012,1,0.0,494.17,494.17,85.97
IT-004532,ORD-02306,P0022,2,0.05,881.28,1762.55,820.25
IT-004533,ORD-02307,P0019,3,0.2,1270.84,3812.52,1194.18
IT-004534,ORD-02307,P0001,1,0.2,773.47,773.47,55.56
IT-004535,ORD-02308,P0016,2,0.0,242.3,484.6,164.28
IT-004536,ORD-02308,P0008,1,0.0,449.0,449.0,86.12
IT-004537,ORD-02309,P0002,3,0.0,839.32,2517.96,900.42
IT-004538,ORD-02309,P0011,1,0.1,70.67,70.67,24.1
IT-004539,ORD-02309,P0005,1,0.0,262.42,262.42,67.38
IT-004540,ORD-02310,P0010,1,0.0,689.95,689.95,342.65
IT-004541,ORD-02311,P0005,1,0.1,236.18,236.18,41.14
IT-004542,ORD-02312,P0013,1,0.15,1364.45,1364.45,495.21
IT-004543,ORD-02312,P0016,4,0.1,218.07,872.28,231.64
IT-004544,ORD-02313,P0014,1,0.0,26.71,26.71,7.42
IT-004545,ORD-02314,P0010,1,0.0,689.95,689.95,342.65
IT-004546,ORD-02314,P0015,1,0.15,884.59,884.59,268.07
IT-004547,ORD-02314,P0019,1,0.05,1509.12,1509.12,636.34
IT-004548,ORD-02315,P0025,1,0.0,241.5,241.5,110.37
IT-004549,ORD-02315,P0020,1,0.0,696.28,696.28,337.62
IT-004550,ORD-02316,P0021,2,0.0,1054.86,2109.72,449.56
IT-004551,ORD-02316,P0012,5,0.0,494.17,2470.85,429.85
IT-004552,ORD-02317,P0017,3,0.0,866.66,2599.98,806.1
IT-004553,ORD-02317,P0024,1,0.0,1045.55,1045.55,515.41
IT-004554,ORD-02317,P0002,2,0.0,839.32,1678.64,600.28
IT-004555,ORD-02318,P0024,1,0.15,888.72,888.72,358.58
IT-004556,ORD-02318,P0005,2,0.0,262.42,524.84,134.76
IT-004557,ORD-02319,P0011,1,0.2,62.82,62.82,16.25
IT-004558,ORD-02319,P0001,2,0.05,918.5,1837.0,401.18
IT-004559,ORD-02320,P0024,1,0.1,941.0,941.0,410.86
IT-004560,ORD-02321,P0016,3,0.2,193.84,581.52,101.04
IT-004561,ORD-02322,P0016,1,0.3,169.61,169.61,9.45
IT-004562,ORD-02323,P0023,1,0.0,500.04,500.04,147.17
IT-004563,ORD-02323,P0014,4,0.0,26.71,106.84,29.68
IT-004564,ORD-02324,P0018,3,0.0,316.12,948.36,375.03
IT-004565,ORD-02324,P0014,1,0.15,22.7,22.7,3.41
IT-004566,ORD-02325,P0015,1,0.05,988.66,988.66,372.14
IT-004567,ORD-02326,P0015,2,0.0,1040.69,2081.38,848.34
IT-004568,ORD-02326,P0007,2,0.0,561.14,1122.28,339.1
IT-004569,ORD-02327,P0018,2,0.0,316.12,632.24,250.02
IT-004570,ORD-02328,P0022,1,0.1,834.89,834.89,363.74
IT-004571,ORD-02328,P0013,3,0.05,1524.98,4574.93,1967.21
IT-004572,ORD-02328,P0008,1,0.0,449.0,449.0,86.12
IT-004573,ORD-02328,P0003,1,0.1,97.08,97.08,40.1
IT-004574,ORD-02329,P0021,1,0.0,1054.86,1054.86,224.78
IT-004575,ORD-02330,P0016,1,0.2,193.84,193.84,33.68
IT-004576,ORD-02330,P0003,3,0.05,102.48,307.43,136.49
IT-004577,ORD-02330,P0023,1,0.0,500.04,500.04,147.17
IT-004578,ORD-02331,P0020,1,0.0,696.28,696.28,337.62
IT-004579,ORD-02331,P0018,1,0.0,316.12,316.12,125.01
IT-004580,ORD-02332,P0022,1,0.05,881.28,881.28,410.13
IT-004581,ORD-02332,P0019,1,0.2,1270.84,1270.84,398.06
IT-004582,ORD-02333,P0001,1,0.1,870.16,870.16,152.25
IT-004583,ORD-02334,P0021,3,0.0,1054.86,3164.58,674.34
IT-004584,ORD-02334,P0004,2,0.2,37.02,74.05,27.21
IT-004585,ORD-02334,P0011,1,0.1,70.67,70.67,24.1
IT-004586,ORD-02334,P0019,4,0.1,1429.7,5718.78,2227.66
IT-004587,ORD-02335,P0017,1,0.0,866.66,866.66,268.7
IT-004588,ORD-02336,P0013,1,0.15,1364.45,1364.45,495.21
IT-004589,ORD-02336,P0023,1,0.0,500.04,500.04,147.17
IT-004590,ORD-02337,P0018,4,0.2,252.9,1011.58,247.14
IT-004591,ORD-02337,P0014,1,0.0,26.71,26.71,7.42
IT-004592,ORD-02337,P0017,3,0.15,736.66,2209.98,416.1
IT-004593,ORD-02337,P0001,1,0.2,773.47,773.47,55.56
IT-004594,ORD-02338,P0025,1,0.2,193.2,193.2,62.07
IT-004595,ORD-02338,P0013,1,0.1,1444.72,1444.72,575.48
IT-004596,ORD-02338,P0018,1,0.0,316.12,316.12,125.01
IT-004597,ORD-02339,P0012,1,0.0,494.17,494.17,85.97
IT-004598,ORD-02339,P0006,2,0.1,847.84,1695.67,580.37
IT-004599,ORD-02340,P0011,1,0.0,78.52,78.52,31.95
IT-004600,ORD-02340,P0005,1,0.0,262.42,262.42,67.38
IT-004601,ORD-02340,P0021,3,0.0,1054.86,3164.58,674.34
IT-004602,ORD-02340,P0007,3,0.0,561.14,1683.42,508.65
IT-004603,ORD-02341,P0020,5,0.1,626.65,3133.26,1339.96
IT-004604,ORD-02341,P0005,2,0.0,262.42,524.84,134.76
IT-004605,ORD-02342,P0010,1,0.2,551.96,551.96,204.66
IT-004606,ORD-02343,P0014,2,0.1,24.04,48.08,9.5
IT-004607,ORD-02343,P0001,3,0.0,966.84,2900.52,746.79
IT-004608,ORD-02344,P0004,4,0.05,43.97,175.86,82.18
IT-004609,ORD-02345,P0024,3,0.15,888.72,2666.15,1075.73
IT-004610,ORD-02346,P0007,2,0.0,561.14,1122.28,339.1
IT-004611,ORD-02346,P0016,3,0.0,242.3,726.9,246.42
IT-004612,ORD-02346,P0020,1,0.0,696.28,696.28,337.62
IT-004613,ORD-02347,P0020,2,0.0,696.28,1392.56,675.24
IT-004614,ORD-02347,P0017,1,0.0,866.66,866.66,268.7
IT-004615,ORD-02348,P0025,3,0.0,241.5,724.5,331.11
IT-004616,ORD-02349,P0011,1,0.3,54.96,54.96,8.39
IT-004617,ORD-02349,P0012,1,0.0,494.17,494.17,85.97
IT-004618,ORD-02349,P0021,3,0.0,1054.86,3164.58,674.34
IT-004619,ORD-02350,P0025,2,0.2,193.2,386.4,124.14
IT-004620,ORD-02351,P0008,3,0.1,404.1,1212.3,123.66
IT-004621,ORD-02351,P0020,1,0.1,626.65,626.65,267.99
IT-004622,ORD-02351,P0012,1,0.1,444.75,444.75,36.55
IT-004623,ORD-02351,P0002,1,0.0,839.32,839.32,300.14
IT-004624,ORD-02352,P0006,2,0.05,894.94,1789.88,674.58
IT-004625,ORD-02352,P0013,1,0.0,1605.24,1605.24,736.0
IT-004626,ORD-02352,P0003,1,0.1,97.08,97.08,40.1
IT-004627,ORD-02352,P0021,5,0.05,1002.12,5010.58,860.18
IT-004628,ORD-02353,P0021,5,0.1,949.37,4746.87,596.47
IT-004629,ORD-02353,P0002,5,0.15,713.42,3567.11,871.21
IT-004630,ORD-02353,P0018,4,0.05,300.31,1201.26,436.82
IT-004631,ORD-02353,P0004,1,0.1,41.65,41.65,18.23
IT-004632,ORD-02354,P0014,1,0.15,22.7,22.7,3.41
IT-004633,ORD-02354,P0001,1,0.05,918.5,918.5,200.59
IT-004634,ORD-02354,P0013,1,0.2,1284.19,1284.19,414.95
IT-004635,ORD-02355,P0019,1,0.2,1270.84,1270.84,398.06
IT-004636,ORD-02356,P0020,1,0.15,591.84,591.84,233.18
IT-004637,ORD-02356,P0014,1,0.0,26.71,26.71,7.42
IT-004638,ORD-02357,P0019,2,0.05,1509.12,3018.24,1272.68
IT-004639,ORD-02358,P0010,5,0.05,655.45,3277.26,1540.76
IT-004640,ORD-02359,P0010,1,0.0,689.95,689.95,342.65
IT-004641,ORD-02359,P0023,1,0.05,475.04,475.04,122.17
IT-004642,ORD-02360,P0003,1,0.05,102.48,102.48,45.5
IT-004643,ORD-02361,P0023,4,0.0,500.04,2000.16,588.68
IT-004644,ORD-02361,P0015,2,0.15,884.59,1769.17,536.13
IT-004645,ORD-02361,P0005,1,0.0,262.42,262.42,67.38
IT-004646,ORD-02361,P0009,3,0.2,604.29,1812.86,573.32
IT-004647,ORD-02362,P0009,2,0.05,717.59,1435.18,608.82
IT-004648,ORD-02362,P0003,1,0.0,107.87,107.87,50.89
IT-004649,ORD-02362,P0024,2,0.05,993.27,1986.54,926.26
IT-004650,ORD-02363,P0016,1,0.05,230.18,230.18,70.03
IT-004651,ORD-02364,P0001,1,0.0,966.84,966.84,248.93
IT-004652,ORD-02364,P0011,1,0.0,78.52,78.52,31.95
IT-004653,ORD-02365,P0010,3,0.0,689.95,2069.85,1027.95
IT-004654,ORD-02365,P0012,1,0.1,444.75,444.75,36.55
IT-004655,ORD-02366,P0012,5,0.2,395.34,1976.68,-64.32
IT-004656,ORD-02366,P0019,4,0.0,1588.55,6354.2,2863.08
IT-004657,ORD-02366,P0008,1,0.0,449.0,449.0,86.12
IT-004658,ORD-02367,P0016,4,0.0,242.3,969.2,328.56
IT-004659,ORD-02367,P0019,1,0.0,1588.55,1588.55,715.77
IT-004660,ORD-02368,P0022,4,0.0,927.66,3710.64,1826.04
IT-004661,ORD-02369,P0002,2,0.1,755.39,1510.78,432.42
IT-004662,ORD-02369,P0012,1,0.2,395.34,395.34,-12.86
IT-004663,ORD-02370,P0003,1,0.2,86.3,86.3,29.32
IT-004664,ORD-02370,P0009,1,0.15,642.06,642.06,228.88
IT-004665,ORD-02371,P0016,1,0.15,205.96,205.96,45.8
IT-004666,ORD-02371,P0013,1,0.0,1605.24,1605.24,736.0
IT-004667,ORD-02371,P0021,5,0.05,1002.12,5010.58,860.18
IT-004668,ORD-02371,P0003,1,0.05,102.48,102.48,45.5
IT-004669,ORD-02372,P0019,1,0.2,1270.84,1270.84,398.06
IT-004670,ORD-02373,P0018,2,0.0,316.12,632.24,250.02
IT-004671,ORD-02374,P0022,2,0.0,927.66,1855.32,913.02
IT-004672,ORD-02374,P0005,1,0.05,249.3,249.3,54.26
IT-004673,ORD-02374,P0017,1,0.05,823.33,823.33,225.37
IT-004674,ORD-02375,P0023,1,0.0,500.04,500.04,147.17
IT-004675,ORD-02375,P0011,1,0.1,70.67,70.67,24.1
IT-004676,ORD-02375,P0008,1,0.0,449.0,449.0,86.12
IT-004677,ORD-02376,P0004,1,0.3,32.4,32.4,8.98
IT-004678,ORD-02376,P0003,1,0.0,107.87,107.87,50.89
IT-004679,ORD-02376,P0016,2,0.2,193.84,387.68,67.36
IT-004680,ORD-02377,P0013,3,0.2,1284.19,3852.58,1244.86
IT-004681,ORD-02377,P0020,1,0.1,626.65,626.65,267.99
IT-004682,ORD-02378,P0014,2,0.1,24.04,48.08,9.5
IT-004683,ORD-02378,P0010,1,0.05,655.45,655.45,308.15
IT-004684,ORD-02379,P0003,2,0.0,107.87,215.74,101.78
IT-004685,ORD-02379,P0018,5,0.0,316.12,1580.6,625.05
IT-004686,ORD-02380,P0007,3,0.05,533.08,1599.25,424.48
IT-004687,ORD-02381,P0011,2,0.0,78.52,157.04,63.9
IT-004688,ORD-02381,P0008,1,0.0,449.0,449.0,86.12
IT-004689,ORD-02382,P0025,3,0.3,169.05,507.15,113.76
IT-004690,ORD-02383,P0006,1,0.3,659.43,659.43,101.78
IT-004691,ORD-02384,P0004,1,0.1,41.65,41.65,18.23
IT-004692,ORD-02384,P0007,1,0.1,505.03,505.03,113.44
IT-004693,ORD-02384,P0023,1,0.15,425.03,425.03,72.16
IT-004694,ORD-02384,P0019,2,0.15,1350.27,2700.54,954.97
IT-004695,ORD-02385,P0019,1,0.0,1588.55,1588.55,715.77
IT-004696,ORD-02386,P0017,1,0.2,693.33,693.33,95.37
IT-004697,ORD-02386,P0005,2,0.2,209.94,419.87,29.79
IT-004698,ORD-02386,P0014,1,0.1,24.04,24.04,4.75
IT-004699,ORD-02386,P0004,2,0.05,43.97,87.93,41.09
IT-004700,ORD-02387,P0019,1,0.05,1509.12,1509.12,636.34
IT-004701,ORD-02388,P0019,4,0.1,1429.7,5718.78,2227.66
IT-004702,ORD-02389,P0009,1,0.0,755.36,755.36,342.18
IT-004703,ORD-02389,P0007,1,0.0,561.14,561.14,169.55
IT-004704,ORD-02390,P0006,2,0.15,800.73,1601.47,486.17
IT-004705,ORD-02390,P0015,1,0.0,1040.69,1040.69,424.17
IT-004706,ORD-02390,P0020,2,0.0,696.28,1392.56,675.24
IT-004707,ORD-02391,P0016,1,0.15,205.96,205.96,45.8
IT-004708,ORD-02391,P0020,1,0.0,696.28,696.28,337.62
IT-004709,ORD-02392,P0003,1,0.1,97.08,97.08,40.1
IT-004710,ORD-02392,P0019,1,0.15,1350.27,1350.27,477.49
IT-004711,ORD-02392,P0023,1,0.0,500.04,500.04,147.17
IT-004712,ORD-02393,P0025,2,0.2,193.2,386.4,124.14
IT-004713,ORD-02394,P0008,1,0.1,404.1,404.1,41.22
IT-004714,ORD-02394,P0022,1,0.0,927.66,927.66,456.51
IT-004715,ORD-02394,P0004,1,0.0,46.28,46.28,22.86
IT-004716,ORD-02394,P0020,1,0.05,661.47,661.47,302.81
IT-004717,ORD-02395,P0007,1,0.3,392.8,392.8,1.21
IT-004718,ORD-02396,P0009,3,0.0,755.36,2266.08,1026.54
IT-004719,ORD-02396,P0024,1,0.2,836.44,836.44,306.3
IT-004720,ORD-02396,P0012,3,0.15,420.04,1260.13,35.53
IT-004721,ORD-02397,P0019,2,0.2,1270.84,2541.68,796.12
IT-004722,ORD-02397,P0021,2,0.1,949.37,1898.75,238.59
IT-004723,ORD-02398,P0008,2,0.0,449.0,898.0,172.24
IT-004724,ORD-02398,P0017,1,0.05,823.33,823.33,225.37
IT-004725,ORD-02398,P0004,1,0.0,46.28,46.28,22.86
IT-004726,ORD-02399,P0002,1,0.1,755.39,755.39,216.21
IT-004727,ORD-02399,P0010,2,0.1,620.96,1241.91,547.31
IT-004728,ORD-02400,P0002,1,0.0,839.32,839.32,300.14
IT-004729,ORD-02401,P0007,3,0.0,561.14,1683.42,508.65
IT-004730,ORD-02401,P0023,2,0.0,500.04,1000.08,294.34
IT-004731,ORD-02401,P0018,1,0.3,221.28,221.28,30.17
IT-004732,ORD-02402,P0014,4,0.0,26.71,106.84,29.68
IT-004733,ORD-02403,P0012,2,0.2,395.34,790.67,-25.73
IT-004734,ORD-02404,P0024,4,0.0,1045.55,4182.2,2061.64
IT-004735,ORD-02404,P0016,2,0.05,230.18,460.37,140.05
IT-004736,ORD-02404,P0004,3,0.0,46.28,138.84,68.58
IT-004737,ORD-02405,P0022,2,0.0,927.66,1855.32,913.02
IT-004738,ORD-02406,P0012,2,0.3,345.92,691.84,-124.56
IT-004739,ORD-02407,P0019,1,0.0,1588.55,1588.55,715.77
IT-004740,ORD-02407,P0002,1,0.0,839.32,839.32,300.14
IT-004741,ORD-02408,P0025,5,0.05,229.42,1147.12,491.47
IT-004742,ORD-02408,P0012,3,0.1,444.75,1334.26,109.66
IT-004743,ORD-02408,P0007,5,0.05,533.08,2665.42,707.46
IT-004744,ORD-02409,P0017,1,0.1,779.99,779.99,182.03
IT-004745,ORD-02410,P0021,4,0.0,1054.86,4219.44,899.12
IT-004746,ORD-02410,P0005,3,0.2,209.94,629.81,44.69
IT-004747,ORD-02411,P0002,2,0.05,797.35,1594.71,516.35
IT-004748,ORD-02411,P0006,1,0.1,847.84,847.84,290.19
IT-004749,ORD-02412,P0021,4,0.3,738.4,2953.61,-366.71
IT-004750,ORD-02412,P0023,2,0.0,500.04,1000.08,294.34
IT-004751,ORD-02412,P0016,4,0.15,205.96,823.82,183.18
IT-004752,ORD-02413,P0021,2,0.05,1002.12,2004.23,344.07
IT-004753,ORD-02413,P0020,2,0.0,696.28,1392.56,675.24
IT-004754,ORD-02413,P0006,4,0.2,753.63,3014.53,783.93
IT-004755,ORD-02413,P0008,1,0.05,426.55,426.55,63.67
IT-004756,ORD-02414,P0011,3,0.15,66.74,200.23,60.52
IT-004757,ORD-02414,P0016,1,0.0,242.3,242.3,82.14
IT-004758,ORD-02414,P0001,3,0.15,821.81,2465.44,311.71
IT-004759,ORD-02415,P0006,1,0.0,942.04,942.04,384.39
IT-004760,ORD-02415,P0016,1,0.0,242.3,242.3,82.14
IT-004761,ORD-02416,P0007,1,0.05,533.08,533.08,141.49
IT-004762,ORD-02416,P0004,2,0.05,43.97,87.93,41.09
IT-004763,ORD-02417,P0012,3,0.15,420.04,1260.13,35.53
IT-004764,ORD-02418,P0011,1,0.0,78.52,78.52,31.95
IT-004765,ORD-02418,P0001,2,0.05,918.5,1837.0,401.18
IT-004766,ORD-02419,P0018,3,0.05,300.31,900.94,327.61
IT-004767,ORD-02419,P0005,1,0.0,262.42,262.42,67.38
IT-004768,ORD-02419,P0010,2,0.2,551.96,1103.92,409.32
IT-004769,ORD-02419,P0009,2,0.05,717.59,1435.18,608.82
IT-004770,ORD-02420,P0025,1,0.0,241.5,241.5,110.37
IT-004771,ORD-02420,P0014,1,0.0,26.71,26.71,7.42
IT-004772,ORD-02421,P0007,4,0.0,561.14,2244.56,678.2
IT-004773,ORD-02422,P0017,2,0.15,736.66,1473.32,277.4
IT-004774,ORD-02422,P0021,2,0.3,738.4,1476.8,-183.36
IT-004775,ORD-02423,P0002,1,0.3,587.52,587.52,48.34
IT-004776,ORD-02423,P0010,1,0.05,655.45,655.45,308.15
IT-004777,ORD-02424,P0025,1,0.2,193.2,193.2,62.07
IT-004778,ORD-02424,P0014,2,0.05,25.37,50.75,12.17
IT-004779,ORD-02425,P0001,2,0.2,773.47,1546.94,111.12
IT-004780,ORD-02425,P0014,1,0.05,25.37,25.37,6.08
IT-004781,ORD-02426,P0006,1,0.05,894.94,894.94,337.29
IT-004782,ORD-02426,P0023,1,0.15,425.03,425.03,72.16
IT-004783,ORD-02427,P0013,4,0.2,1284.19,5136.77,1659.81
IT-004784,ORD-02428,P0006,1,0.0,942.04,942.04,384.39
IT-004785,ORD-02428,P0025,1,0.05,229.42,229.42,98.29
IT-004786,ORD-02428,P0010,4,0.15,586.46,2345.83,956.63
IT-004787,ORD-02428,P0004,3,0.1,41.65,124.96,54.7
IT-004788,ORD-02429,P0013,3,0.2,1284.19,3852.58,1244.86
IT-004789,ORD-02429,P0009,4,0.15,642.06,2568.22,915.5
IT-004790,ORD-02430,P0001,2,0.0,966.84,1933.68,497.86
IT-004791,ORD-02431,P0006,2,0.0,942.04,1884.08,768.78
IT-004792,ORD-02432,P0008,2,0.0,449.0,898.0,172.24
IT-004793,ORD-02432,P0012,2,0.0,494.17,988.34,171.94
IT-004794,ORD-02432,P0022,1,0.05,881.28,881.28,410.13
IT-004795,ORD-02432,P0011,1,0.0,78.52,78.52,31.95
IT-004796,ORD-02433,P0006,3,0.2,753.63,2260.9,587.95
IT-004797,ORD-02433,P0018,1,0.1,284.51,284.51,93.4
IT-004798,ORD-02433,P0020,3,0.0,696.28,2088.84,1012.86
IT-004799,ORD-02434,P0009,2,0.1,679.82,1359.65,533.29
IT-004800,ORD-02434,P0014,1,0.0,26.71,26.71,7.42
IT-004801,ORD-02435,P0013,2,0.15,1364.45,2728.91,990.43
IT-004802,ORD-02436,P0010,2,0.1,620.96,1241.91,547.31
IT-004803,ORD-02437,P0021,1,0.2,843.89,843.89,13.81
IT-004804,ORD-02438,P0012,1,0.0,494.17,494.17,85.97
IT-004805,ORD-02438,P0008,1,0.15,381.65,381.65,18.77
IT-004806,ORD-02439,P0011,1,0.2,62.82,62.82,16.25
IT-004807,ORD-02439,P0018,1,0.0,316.12,316.12,125.01
IT-004808,ORD-02440,P0005,2,0.0,262.42,524.84,134.76
IT-004809,ORD-02440,P0025,3,0.2,193.2,579.6,186.21
IT-004810,ORD-02441,P0022,1,0.15,788.51,788.51,317.36
IT-004811,ORD-02441,P0011,1,0.0,78.52,78.52,31.95
IT-004812,ORD-02442,P0007,3,0.1,505.03,1515.08,340.31
IT-004813,ORD-02443,P0017,3,0.05,823.33,2469.98,676.1
IT-004814,ORD-02444,P0021,2,0.0,1054.86,2109.72,449.56
IT-004815,ORD-02445,P0019,1,0.2,1270.84,1270.84,398.06
IT-004816,ORD-02446,P0018,3,0.05,300.31,900.94,327.61
IT-004817,ORD-02447,P0015,1,0.2,832.55,832.55,216.03
IT-004818,ORD-02447,P0016,2,0.0,242.3,484.6,164.28
IT-004819,ORD-02448,P0013,5,0.2,1284.19,6420.96,2074.76
IT-004820,ORD-02448,P0008,3,0.0,449.0,1347.0,258.36
IT-004821,ORD-02448,P0016,1,0.05,230.18,230.18,70.03
IT-004822,ORD-02449,P0003,1,0.05,102.48,102.48,45.5
IT-004823,ORD-02449,P0022,1,0.05,881.28,881.28,410.13
IT-004824,ORD-02449,P0013,1,0.0,1605.24,1605.24,736.0
IT-004825,ORD-02450,P0010,5,0.2,551.96,2759.8,1023.3
IT-004826,ORD-02450,P0017,3,0.1,779.99,2339.98,546.1
IT-004827,ORD-02450,P0019,2,0.0,1588.55,3177.1,1431.54
IT-004828,ORD-02451,P0024,1,0.1,941.0,941.0,410.86
IT-004829,ORD-02451,P0009,1,0.05,717.59,717.59,304.41
IT-004830,ORD-02452,P0015,1,0.1,936.62,936.62,320.1
IT-004831,ORD-02452,P0024,1,0.15,888.72,888.72,358.58
IT-004832,ORD-02453,P0003,1,0.15,91.69,91.69,34.71
IT-004833,ORD-02454,P0014,1,0.0,26.71,26.71,7.42
IT-004834,ORD-02454,P0018,2,0.2,252.9,505.79,123.57
IT-004835,ORD-02454,P0015,1,0.1,936.62,936.62,320.1
IT-004836,ORD-02454,P0003,2,0.1,97.08,194.17,80.21
IT-004837,ORD-02455,P0006,5,0.0,942.04,4710.2,1921.95
IT-004838,ORD-02456,P0011,2,0.0,78.52,157.04,63.9
IT-004839,ORD-02457,P0001,3,0.0,966.84,2900.52,746.79
IT-004840,ORD-02458,P0024,2,0.0,1045.55,2091.1,1030.82
IT-004841,ORD-02458,P0019,1,0.0,1588.55,1588.55,715.77
IT-004842,ORD-02458,P0015,1,0.0,1040.69,1040.69,424.17
IT-004843,ORD-02458,P0013,1,0.15,1364.45,1364.45,495.21
IT-004844,ORD-02459,P0018,2,0.0,316.12,632.24,250.02
IT-004845,ORD-02459,P0006,3,0.1,847.84,2543.51,870.56
IT-004846,ORD-02459,P0010,2,0.15,586.46,1172.92,478.31
IT-004847,ORD-02459,P0002,3,0.15,713.42,2140.27,522.73
IT-004848,ORD-02460,P0004,2,0.15,39.34,78.68,31.84
IT-004849,ORD-02460,P0014,1,0.05,25.37,25.37,6.08
IT-004850,ORD-02460,P0005,2,0.1,236.18,472.36,82.28
IT-004851,ORD-02461,P0006,3,0.0,942.04,2826.12,1153.17
IT-004852,ORD-02461,P0004,1,0.05,43.97,43.97,20.55
IT-004853,ORD-02462,P0009,2,0.0,755.36,1510.72,684.36
IT-004854,ORD-02462,P0023,1,0.0,500.04,500.04,147.17
IT-004855,ORD-02463,P0003,3,0.2,86.3,258.89,87.95
IT-004856,ORD-02463,P0013,1,0.0,1605.24,1605.24,736.0
IT-004857,ORD-02463,P0016,3,0.0,242.3,726.9,246.42
IT-004858,ORD-02463,P0005,3,0.05,249.3,747.9,162.78
IT-004859,ORD-02464,P0021,1,0.3,738.4,738.4,-91.68
IT-004860,ORD-02464,P0007,2,0.1,505.03,1010.05,226.87
IT-004861,ORD-02465,P0024,2,0.0,1045.55,2091.1,1030.82
IT-004862,ORD-02465,P0010,2,0.2,551.96,1103.92,409.32
IT-004863,ORD-02465,P0014,1,0.2,21.37,21.37,2.08
IT-004864,ORD-02465,P0019,1,0.2,1270.84,1270.84,398.06
IT-004865,ORD-02466,P0012,1,0.0,494.17,494.17,85.97
IT-004866,ORD-02467,P0014,2,0.2,21.37,42.74,4.16
IT-004867,ORD-02468,P0006,2,0.1,847.84,1695.67,580.37
IT-004868,ORD-02468,P0022,1,0.15,788.51,788.51,317.36
IT-004869,ORD-02468,P0014,1,0.15,22.7,22.7,3.41
IT-004870,ORD-02469,P0020,1,0.0,696.28,696.28,337.62
IT-004871,ORD-02470,P0023,1,0.0,500.04,500.04,147.17
IT-004872,ORD-02470,P0003,1,0.15,91.69,91.69,34.71
IT-004873,ORD-02470,P0001,5,0.1,870.16,4350.78,761.23
IT-004874,ORD-02470,P0022,3,0.0,927.66,2782.98,1369.53
IT-004875,ORD-02471,P0015,2,0.0,1040.69,2081.38,848.34
IT-004876,ORD-02471,P0002,1,0.1,755.39,755.39,216.21
IT-004877,ORD-02472,P0021,1,0.15,896.63,896.63,66.55
IT-004878,ORD-02472,P0011,1,0.1,70.67,70.67,24.1
IT-004879,ORD-02472,P0010,4,0.15,586.46,2345.83,956.63
IT-004880,ORD-02472,P0017,1,0.0,866.66,866.66,268.7
IT-004881,ORD-02473,P0001,1,0.0,966.84,966.84,248.93
IT-004882,ORD-02474,P0015,1,0.1,936.62,936.62,320.1
IT-004883,ORD-02474,P0025,2,0.0,241.5,483.0,220.74
IT-004884,ORD-02475,P0005,5,0.15,223.06,1115.29,140.09
IT-004885,ORD-02475,P0016,1,0.2,193.84,193.84,33.68
IT-004886,ORD-02476,P0002,1,0.05,797.35,797.35,258.17
IT-004887,ORD-02476,P0009,1,0.0,755.36,755.36,342.18
IT-004888,ORD-02477,P0002,2,0.05,797.35,1594.71,516.35
IT-004889,ORD-02477,P0018,1,0.2,252.9,252.9,61.79
IT-004890,ORD-02478,P0008,1,0.2,359.2,359.2,-3.68
IT-004891,ORD-02478,P0022,1,0.2,742.13,742.13,270.98
IT-004892,ORD-02478,P0005,5,0.15,223.06,1115.29,140.09
IT-004893,ORD-02478,P0020,1,0.0,696.28,696.28,337.62
IT-004894,ORD-02479,P0025,1,0.1,217.35,217.35,86.22
IT-004895,ORD-02479,P0009,1,0.0,755.36,755.36,342.18
IT-004896,ORD-02480,P0018,1,0.0,316.12,316.12,125.01
IT-004897,ORD-02481,P0001,1,0.05,918.5,918.5,200.59
IT-004898,ORD-02481,P0004,3,0.1,41.65,124.96,54.7
IT-004899,ORD-02481,P0021,2,0.05,1002.12,2004.23,344.07
IT-004900,ORD-02482,P0012,1,0.15,420.04,420.04,11.84
IT-004901,ORD-02483,P0019,2,0.15,1350.27,2700.54,954.97
IT-004902,ORD-02484,P0022,1,0.2,742.13,742.13,270.98
IT-004903,ORD-02485,P0015,4,0.1,936.62,3746.48,1280.4
IT-004904,ORD-02485,P0004,3,0.0,46.28,138.84,68.58
IT-004905,ORD-02485,P0014,3,0.3,18.7,56.09,-1.78
IT-004906,ORD-02486,P0013,1,0.0,1605.24,1605.24,736.0
IT-004907,ORD-02487,P0024,4,0.1,941.0,3763.98,1643.42
IT-004908,ORD-02488,P0023,4,0.05,475.04,1900.15,488.67
IT-004909,ORD-02488,P0011,3,0.3,54.96,164.89,25.18
IT-004910,ORD-02488,P0021,1,0.1,949.37,949.37,119.29
IT-004911,ORD-02488,P0004,2,0.0,46.28,92.56,45.72
IT-004912,ORD-02489,P0011,1,0.0,78.52,78.52,31.95
IT-004913,ORD-02489,P0005,3,0.0,262.42,787.26,202.14
IT-004914,ORD-02489,P0018,3,0.0,316.12,948.36,375.03
IT-004915,ORD-02490,P0024,1,0.15,888.72,888.72,358.58
IT-004916,ORD-02491,P0003,2,0.05,102.48,204.95,90.99
IT-004917,ORD-02491,P0006,2,0.0,942.04,1884.08,768.78
IT-004918,ORD-02491,P0016,5,0.1,218.07,1090.35,289.55
IT-004919,ORD-02492,P0016,1,0.1,218.07,218.07,57.91
IT-004920,ORD-02492,P0004,2,0.15,39.34,78.68,31.84
IT-004921,ORD-02492,P0011,1,0.0,78.52,78.52,31.95
IT-004922,ORD-02493,P0025,1,0.15,205.28,205.28,74.15
IT-004923,ORD-02494,P0016,3,0.0,242.3,726.9,246.42
IT-004924,ORD-02494,P0011,1,0.0,78.52,78.52,31.95
IT-004925,ORD-02494,P0024,3,0.0,1045.55,3136.65,1546.23
IT-004926,ORD-02495,P0017,1,0.15,736.66,736.66,138.7
IT-004927,ORD-02495,P0020,2,0.0,696.28,1392.56,675.24
IT-004928,ORD-02496,P0018,1,0.15,268.7,268.7,77.59
IT-004929,ORD-02496,P0013,1,0.15,1364.45,1364.45,495.21
IT-004930,ORD-02497,P0005,1,0.0,262.42,262.42,67.38
IT-004931,ORD-02497,P0021,1,0.1,949.37,949.37,119.29
IT-004932,ORD-02498,P0013,2,0.0,1605.24,3210.48,1472.0
IT-004933,ORD-02498,P0023,1,0.1,450.04,450.04,97.17
IT-004934,ORD-02499,P0003,1,0.0,107.87,107.87,50.89
IT-004935,ORD-02500,P0007,5,0.0,561.14,2805.7,847.75
IT-004936,ORD-02500,P0014,2,0.0,26.71,53.42,14.84
IT-004937,ORD-02500,P0010,5,0.15,586.46,2932.29,1195.79
IT-004938,ORD-02501,P0010,1,0.0,689.95,689.95,342.65
IT-004939,ORD-02502,P0006,1,0.2,753.63,753.63,195.98
IT-004940,ORD-02502,P0024,1,0.0,1045.55,1045.55,515.41
IT-004941,ORD-02503,P0009,1,0.15,642.06,642.06,228.88
IT-004942,ORD-02504,P0009,2,0.05,717.59,1435.18,608.82
IT-004943,ORD-02504,P0018,2,0.0,316.12,632.24,250.02
IT-004944,ORD-02504,P0019,1,0.0,1588.55,1588.55,715.77
IT-004945,ORD-02505,P0007,1,0.0,561.14,561.14,169.55
IT-004946,ORD-02506,P0020,3,0.0,696.28,2088.84,1012.86
IT-004947,ORD-02506,P0014,1,0.05,25.37,25.37,6.08
IT-004948,ORD-02507,P0021,1,0.0,1054.86,1054.86,224.78
IT-004949,ORD-02507,P0013,1,0.15,1364.45,1364.45,495.21
IT-004950,ORD-02508,P0004,2,0.2,37.02,74.05,27.21
IT-004951,ORD-02508,P0023,4,0.0,500.04,2000.16,588.68
IT-004952,ORD-02508,P0022,2,0.15,788.51,1577.02,634.72
IT-004953,ORD-02509,P0023,3,0.1,450.04,1350.11,291.5
IT-004954,ORD-02509,P0024,2,0.0,1045.55,2091.1,1030.82
IT-004955,ORD-02510,P0021,1,0.0,1054.86,1054.86,224.78
IT-004956,ORD-02510,P0015,1,0.15,884.59,884.59,268.07
IT-004957,ORD-02510,P0001,1,0.2,773.47,773.47,55.56
IT-004958,ORD-02511,P0012,3,0.15,420.04,1260.13,35.53
IT-004959,ORD-02512,P0014,4,0.0,26.71,106.84,29.68
IT-004960,ORD-02513,P0018,1,0.0,316.12,316.12,125.01
IT-004961,ORD-02513,P0021,1,0.0,1054.86,1054.86,224.78
IT-004962,ORD-02514,P0012,1,0.0,494.17,494.17,85.97
IT-004963,ORD-02514,P0010,4,0.05,655.45,2621.81,1232.61
IT-004964,ORD-02514,P0013,3,0.0,1605.24,4815.72,2208.0
IT-004965,ORD-02514,P0006,4,0.0,942.04,3768.16,1537.56
IT-004966,ORD-02515,P0001,1,0.3,676.79,676.79,-41.12
IT-004967,ORD-02516,P0007,1,0.0,561.14,561.14,169.55
IT-004968,ORD-02517,P0001,1,0.0,966.84,966.84,248.93
IT-004969,ORD-02518,P0023,1,0.1,450.04,450.04,97.17
IT-004970,ORD-02518,P0006,1,0.0,942.04,942.04,384.39
IT-004971,ORD-02519,P0024,2,0.1,941.0,1881.99,821.71
IT-004972,ORD-02520,P0002,2,0.2,671.46,1342.91,264.55
IT-004973,ORD-02520,P0017,2,0.3,606.66,1213.32,17.4
IT-004974,ORD-02520,P0019,1,0.05,1509.12,1509.12,636.34
IT-004975,ORD-02521,P0010,1,0.0,689.95,689.95,342.65
IT-004976,ORD-02522,P0006,2,0.0,942.04,1884.08,768.78
IT-004977,ORD-02523,P0020,2,0.1,626.65,1253.3,535.98
IT-004978,ORD-02524,P0012,3,0.05,469.46,1408.38,183.78
IT-004979,ORD-02524,P0021,3,0.3,738.4,2215.21,-275.03
IT-004980,ORD-02525,P0006,2,0.15,800.73,1601.47,486.17
IT-004981,ORD-02525,P0021,5,0.2,843.89,4219.44,69.04
IT-004982,ORD-02526,P0003,2,0.05,102.48,204.95,90.99
IT-004983,ORD-02527,P0014,1,0.3,18.7,18.7,-0.59
IT-004984,ORD-02527,P0002,1,0.15,713.42,713.42,174.24
IT-004985,ORD-02527,P0001,5,0.3,676.79,3383.94,-205.61
IT-004986,ORD-02527,P0008,2,0.05,426.55,853.1,127.34
IT-004987,ORD-02528,P0012,1,0.0,494.17,494.17,85.97
IT-004988,ORD-02529,P0020,5,0.0,696.28,3481.4,1688.1
IT-004989,ORD-02529,P0001,5,0.05,918.5,4592.49,1002.94
IT-004990,ORD-02530,P0011,1,0.15,66.74,66.74,20.17
IT-004991,ORD-02530,P0018,4,0.15,268.7,1074.81,310.37
IT-004992,ORD-02531,P0020,1,0.0,696.28,696.28,337.62
IT-004993,ORD-02532,P0004,1,0.0,46.28,46.28,22.86
IT-004994,ORD-02532,P0006,1,0.1,847.84,847.84,290.19
IT-004995,ORD-02532,P0017,1,0.2,693.33,693.33,95.37
IT-004996,ORD-02533,P0015,2,0.0,1040.69,2081.38,848.34
IT-004997,ORD-02533,P0020,3,0.0,696.28,2088.84,1012.86
IT-004998,ORD-02533,P0013,1,0.1,1444.72,1444.72,575.48
IT-004999,ORD-02534,P0002,3,0.1,755.39,2266.16,648.62
IT-005000,ORD-02535,P0019,1,0.0,1588.55,1588.55,715.77
IT-005001,ORD-02535,P0014,1,0.0,26.71,26.71,7.42
IT-005002,ORD-02536,P0005,1,0.15,223.06,223.06,28.02
IT-005003,ORD-02537,P0005,2,0.2,209.94,419.87,29.79
IT-005004,ORD-02537,P0010,2,0.2,551.96,1103.92,409.32
IT-005005,ORD-02538,P0004,1,0.1,41.65,41.65,18.23
IT-005006,ORD-02539,P0014,2,0.0,26.71,53.42,14.84
IT-005007,ORD-02539,P0017,4,0.15,736.66,2946.64,554.8
IT-005008,ORD-02539,P0002,2,0.05,797.35,1594.71,516.35
IT-005009,ORD-02540,P0006,2,0.0,942.04,1884.08,768.78
IT-005010,ORD-02541,P0007,2,0.0,561.14,1122.28,339.1
IT-005011,ORD-02542,P0022,2,0.15,788.51,1577.02,634.72
IT-005012,ORD-02543,P0002,3,0.1,755.39,2266.16,648.62
IT-005013,ORD-02544,P0009,1,0.0,755.36,755.36,342.18
IT-005014,ORD-02544,P0004,2,0.0,46.28,92.56,45.72
IT-005015,ORD-02545,P0016,1,0.15,205.96,205.96,45.8
IT-005016,ORD-02546,P0004,2,0.0,46.28,92.56,45.72
IT-005017,ORD-02546,P0022,1,0.0,927.66,927.66,456.51
IT-005018,ORD-02546,P0005,2,0.05,249.3,498.6,108.52
IT-005019,ORD-02547,P0013,1,0.1,1444.72,1444.72,575.48
IT-005020,ORD-02548,P0021,1,0.2,843.89,843.89,13.81
IT-005021,ORD-02548,P0013,1,0.0,1605.24,1605.24,736.0
IT-005022,ORD-02549,P0016,1,0.0,242.3,242.3,82.14
IT-005023,ORD-02549,P0019,2,0.0,1588.55,3177.1,1431.54
IT-005024,ORD-02550,P0004,5,0.3,32.4,161.98,44.88
IT-005025,ORD-02550,P0014,1,0.0,26.71,26.71,7.42
IT-005026,ORD-02550,P0024,1,0.05,993.27,993.27,463.13
IT-005027,ORD-02550,P0025,2,0.1,217.35,434.7,172.44
IT-005028,ORD-02551,P0006,3,0.2,753.63,2260.9,587.95
IT-005029,ORD-02551,P0005,1,0.0,262.42,262.42,67.38
IT-005030,ORD-02551,P0022,1,0.0,927.66,927.66,456.51
IT-005031,ORD-02551,P0004,2,0.0,46.28,92.56,45.72
IT-005032,ORD-02552,P0022,1,0.05,881.28,881.28,410.13
IT-005033,ORD-02552,P0019,1,0.1,1429.7,1429.7,556.92
IT-005034,ORD-02552,P0017,2,0.05,823.33,1646.65,450.73
IT-005035,ORD-02553,P0023,1,0.05,475.04,475.04,122.17
IT-005036,ORD-02553,P0022,4,0.0,927.66,3710.64,1826.04
IT-005037,ORD-02553,P0012,2,0.0,494.17,988.34,171.94
IT-005038,ORD-02554,P0006,1,0.3,659.43,659.43,101.78
IT-005039,ORD-02555,P0010,4,0.0,689.95,2759.8,1370.6
IT-005040,ORD-02555,P0020,1,0.05,661.47,661.47,302.81
IT-005041,ORD-02555,P0012,2,0.05,469.46,938.92,122.52
IT-005042,ORD-02556,P0013,3,0.3,1123.67,3371.0,763.28
IT-005043,ORD-02556,P0011,1,0.0,78.52,78.52,31.95
IT-005044,ORD-02556,P0023,1,0.0,500.04,500.04,147.17
IT-005045,ORD-02556,P0003,2,0.05,102.48,204.95,90.99
IT-005046,ORD-02557,P0008,1,0.05,426.55,426.55,63.67
IT-005047,ORD-02558,P0011,2,0.0,78.52,157.04,63.9
IT-005048,ORD-02558,P0020,1,0.1,626.65,626.65,267.99
IT-005049,ORD-02559,P0012,2,0.0,494.17,988.34,171.94
IT-005050,ORD-02560,P0022,4,0.0,927.66,3710.64,1826.04
IT-005051,ORD-02560,P0003,2,0.0,107.87,215.74,101.78
IT-005052,ORD-02561,P0010,2,0.0,689.95,1379.9,685.3
IT-005053,ORD-02561,P0020,1,0.2,557.02,557.02,198.36
IT-005054,ORD-02562,P0001,1,0.05,918.5,918.5,200.59
IT-005055,ORD-02562,P0021,4,0.05,1002.12,4008.47,688.15
IT-005056,ORD-02563,P0005,2,0.0,262.42,524.84,134.76
IT-005057,ORD-02563,P0016,3,0.2,193.84,581.52,101.04
IT-005058,ORD-02564,P0019,2,0.0,1588.55,3177.1,1431.54
IT-005059,ORD-02564,P0021,4,0.05,1002.12,4008.47,688.15
IT-005060,ORD-02564,P0011,1,0.15,66.74,66.74,20.17
IT-005061,ORD-02564,P0018,2,0.0,316.12,632.24,250.02
IT-005062,ORD-02565,P0022,2,0.0,927.66,1855.32,913.02
IT-005063,ORD-02565,P0016,1,0.05,230.18,230.18,70.03
IT-005064,ORD-02566,P0020,5,0.0,696.28,3481.4,1688.1
IT-005065,ORD-02566,P0022,1,0.1,834.89,834.89,363.74
IT-005066,ORD-02566,P0016,1,0.05,230.18,230.18,70.03
IT-005067,ORD-02567,P0001,1,0.0,966.84,966.84,248.93
IT-005068,ORD-02568,P0017,1,0.0,866.66,866.66,268.7
IT-005069,ORD-02568,P0009,4,0.0,755.36,3021.44,1368.72
IT-005070,ORD-02569,P0014,1,0.0,26.71,26.71,7.42
IT-005071,ORD-02569,P0009,1,0.2,604.29,604.29,191.11
IT-005072,ORD-02570,P0012,1,0.0,494.17,494.17,85.97
IT-005073,ORD-02571,P0006,1,0.0,942.04,942.04,384.39
IT-005074,ORD-02572,P0021,1,0.05,1002.12,1002.12,172.04
IT-005075,ORD-02572,P0018,3,0.0,316.12,948.36,375.03
IT-005076,ORD-02573,P0017,1,0.0,866.66,866.66,268.7
IT-005077,ORD-02573,P0011,1,0.0,78.52,78.52,31.95
IT-005078,ORD-02574,P0016,4,0.05,230.18,920.74,280.1
IT-005079,ORD-02574,P0017,4,0.1,779.99,3119.98,728.14
IT-005080,ORD-02575,P0015,3,0.0,1040.69,3122.07,1272.51
IT-005081,ORD-02576,P0004,3,0.0,46.28,138.84,68.58
IT-005082,ORD-02577,P0003,1,0.1,97.08,97.08,40.1
IT-005083,ORD-02577,P0011,2,0.2,62.82,125.63,32.49
IT-005084,ORD-02578,P0004,1,0.0,46.28,46.28,22.86
IT-005085,ORD-02579,P0013,1,0.2,1284.19,1284.19,414.95
IT-005086,ORD-02580,P0020,1,0.3,487.4,487.4,128.74
IT-005087,ORD-02581,P0025,2,0.05,229.42,458.85,196.59
IT-005088,ORD-02582,P0003,1,0.05,102.48,102.48,45.5
IT-005089,ORD-02583,P0021,2,0.0,1054.86,2109.72,449.56
IT-005090,ORD-02584,P0003,1,0.0,107.87,107.87,50.89
IT-005091,ORD-02585,P0014,1,0.0,26.71,26.71,7.42
IT-005092,ORD-02585,P0012,1,0.0,494.17,494.17,85.97
IT-005093,ORD-02586,P0011,3,0.0,78.52,235.56,95.85
IT-005094,ORD-02587,P0008,2,0.0,449.0,898.0,172.24
IT-005095,ORD-02587,P0017,2,0.0,866.66,1733.32,537.4
IT-005096,ORD-02588,P0004,1,0.1,41.65,41.65,18.23
IT-005097,ORD-02588,P0011,1,0.0,78.52,78.52,31.95
IT-005098,ORD-02588,P0017,2,0.0,866.66,1733.32,537.4
IT-005099,ORD-02589,P0025,1,0.3,169.05,169.05,37.92
IT-005100,ORD-02589,P0014,2,0.2,21.37,42.74,4.16
IT-005101,ORD-02589,P0017,1,0.05,823.33,823.33,225.37
IT-005102,ORD-02590,P0014,2,0.0,26.71,53.42,14.84
IT-005103,ORD-02591,P0002,1,0.0,839.32,839.32,300.14
IT-005104,ORD-02591,P0007,3,0.05,533.08,1599.25,424.48
IT-005105,ORD-02591,P0015,1,0.0,1040.69,1040.69,424.17
IT-005106,ORD-02591,P0019,1,0.0,1588.55,1588.55,715.77
IT-005107,ORD-02592,P0014,1,0.0,26.71,26.71,7.42
IT-005108,ORD-02593,P0005,5,0.3,183.69,918.47,-56.73
IT-005109,ORD-02594,P0005,1,0.15,223.06,223.06,28.02
IT-005110,ORD-02594,P0012,1,0.3,345.92,345.92,-62.28
IT-005111,ORD-02594,P0025,4,0.0,241.5,966.0,441.48
IT-005112,ORD-02594,P0001,1,0.1,870.16,870.16,152.25
IT-005113,ORD-02595,P0016,1,0.0,242.3,242.3,82.14
IT-005114,ORD-02595,P0023,2,0.0,500.04,1000.08,294.34
IT-005115,ORD-02595,P0025,2,0.1,217.35,434.7,172.44
IT-005116,ORD-02596,P0005,2,0.2,209.94,419.87,29.79
IT-005117,ORD-02596,P0009,2,0.2,604.29,1208.58,382.22
IT-005118,ORD-02597,P0002,3,0.15,713.42,2140.27,522.73
IT-005119,ORD-02597,P0001,1,0.0,966.84,966.84,248.93
IT-005120,ORD-02598,P0001,2,0.3,676.79,1353.58,-82.24
IT-005121,ORD-02598,P0018,1,0.0,316.12,316.12,125.01
IT-005122,ORD-02599,P0018,1,0.0,316.12,316.12,125.01
IT-005123,ORD-02600,P0021,1,0.2,843.89,843.89,13.81
IT-005124,ORD-02601,P0020,2,0.0,696.28,1392.56,675.24
IT-005125,ORD-02601,P0010,1,0.0,689.95,689.95,342.65
IT-005126,ORD-02602,P0019,1,0.0,1588.55,1588.55,715.77
IT-005127,ORD-02602,P0010,1,0.05,655.45,655.45,308.15
IT-005128,ORD-02602,P0001,4,0.2,773.47,3093.89,222.25
IT-005129,ORD-02603,P0002,2,0.0,839.32,1678.64,600.28
IT-005130,ORD-02604,P0022,1,0.0,927.66,927.66,456.51
IT-005131,ORD-02604,P0016,2,0.05,230.18,460.37,140.05
IT-005132,ORD-02604,P0017,1,0.0,866.66,866.66,268.7
IT-005133,ORD-02605,P0004,4,0.0,46.28,185.12,91.44
IT-005134,ORD-02606,P0012,1,0.15,420.04,420.04,11.84
IT-005135,ORD-02606,P0008,3,0.2,359.2,1077.6,-11.04
IT-005136,ORD-02607,P0011,2,0.05,74.59,149.19,56.05
IT-005137,ORD-02607,P0005,2,0.05,249.3,498.6,108.52
IT-005138,ORD-02608,P0011,1,0.0,78.52,78.52,31.95
IT-005139,ORD-02608,P0024,2,0.05,993.27,1986.54,926.26
IT-005140,ORD-02609,P0003,2,0.0,107.87,215.74,101.78
IT-005141,ORD-02610,P0023,3,0.05,475.04,1425.11,366.5
IT-005142,ORD-02610,P0014,1,0.3,18.7,18.7,-0.59
IT-005143,ORD-02611,P0008,1,0.2,359.2,359.2,-3.68
IT-005144,ORD-02611,P0020,4,0.15,591.84,2367.35,932.71
IT-005145,ORD-02612,P0009,2,0.0,755.36,1510.72,684.36
IT-005146,ORD-02613,P0018,2,0.0,316.12,632.24,250.02
IT-005147,ORD-02614,P0018,1,0.0,316.12,316.12,125.01
IT-005148,ORD-02614,P0016,2,0.0,242.3,484.6,164.28
IT-005149,ORD-02615,P0011,2,0.0,78.52,157.04,63.9
IT-005150,ORD-02615,P0001,1,0.05,918.5,918.5,200.59
IT-005151,ORD-02616,P0001,1,0.0,966.84,966.84,248.93
IT-005152,ORD-02617,P0001,3,0.0,966.84,2900.52,746.79
IT-005153,ORD-02617,P0020,2,0.2,557.02,1114.05,396.73
IT-005154,ORD-02618,P0012,1,0.3,345.92,345.92,-62.28
IT-005155,ORD-02618,P0013,3,0.1,1444.72,4334.15,1726.43
IT-005156,ORD-02618,P0006,1,0.05,894.94,894.94,337.29
IT-005157,ORD-02619,P0012,1,0.0,494.17,494.17,85.97
IT-005158,ORD-02620,P0003,3,0.0,107.87,323.61,152.67
IT-005159,ORD-02620,P0024,2,0.0,1045.55,2091.1,1030.82
IT-005160,ORD-02621,P0019,1,0.2,1270.84,1270.84,398.06
IT-005161,ORD-02622,P0017,1,0.1,779.99,779.99,182.03
IT-005162,ORD-02623,P0014,2,0.0,26.71,53.42,14.84
IT-005163,ORD-02624,P0014,1,0.0,26.71,26.71,7.42
IT-005164,ORD-02624,P0002,3,0.15,713.42,2140.27,522.73
IT-005165,ORD-02625,P0002,2,0.2,671.46,1342.91,264.55
IT-005166,ORD-02625,P0001,5,0.05,918.5,4592.49,1002.94
IT-005167,ORD-02625,P0016,2,0.1,218.07,436.14,115.82
IT-005168,ORD-02626,P0001,5,0.0,966.84,4834.2,1244.65
IT-005169,ORD-02627,P0004,1,0.2,37.02,37.02,13.6
IT-005170,ORD-02627,P0005,2,0.1,236.18,472.36,82.28
IT-005171,ORD-02628,P0015,1,0.1,936.62,936.62,320.1
IT-005172,ORD-02628,P0017,1,0.3,606.66,606.66,8.7
IT-005173,ORD-02629,P0019,3,0.1,1429.7,4289.08,1670.74
IT-005174,ORD-02630,P0008,3,0.2,359.2,1077.6,-11.04
IT-005175,ORD-02630,P0021,1,0.15,896.63,896.63,66.55
IT-005176,ORD-02631,P0003,3,0.0,107.87,323.61,152.67
IT-005177,ORD-02631,P0011,1,0.2,62.82,62.82,16.25
IT-005178,ORD-02631,P0012,2,0.2,395.34,790.67,-25.73
IT-005179,ORD-02632,P0018,1,0.15,268.7,268.7,77.59
IT-005180,ORD-02632,P0002,1,0.0,839.32,839.32,300.14
IT-005181,ORD-02632,P0023,1,0.1,450.04,450.04,97.17
IT-005182,ORD-02633,P0008,2,0.3,314.3,628.6,-97.16
IT-005183,ORD-02633,P0021,3,0.1,949.37,2848.12,357.88
IT-005184,ORD-02633,P0011,1,0.05,74.59,74.59,28.02
IT-005185,ORD-02634,P0006,3,0.2,753.63,2260.9,587.95
IT-005186,ORD-02635,P0020,1,0.0,696.28,696.28,337.62
IT-005187,ORD-02635,P0024,1,0.05,993.27,993.27,463.13
IT-005188,ORD-02635,P0014,1,0.2,21.37,21.37,2.08
IT-005189,ORD-02636,P0016,3,0.0,242.3,726.9,246.42
IT-005190,ORD-02637,P0013,1,0.1,1444.72,1444.72,575.48
IT-005191,ORD-02637,P0014,5,0.0,26.71,133.55,37.1
IT-005192,ORD-02638,P0013,3,0.05,1524.98,4574.93,1967.21
IT-005193,ORD-02638,P0004,1,0.0,46.28,46.28,22.86
IT-005194,ORD-02638,P0012,2,0.0,494.17,988.34,171.94
IT-005195,ORD-02638,P0025,3,0.15,205.28,615.83,222.44
IT-005196,ORD-02639,P0023,4,0.0,500.04,2000.16,588.68
IT-005197,ORD-02640,P0021,1,0.0,1054.86,1054.86,224.78
IT-005198,ORD-02640,P0018,2,0.3,221.28,442.57,60.35
IT-005199,ORD-02641,P0019,1,0.1,1429.7,1429.7,556.92
IT-005200,ORD-02641,P0025,5,0.15,205.28,1026.38,370.72
IT-005201,ORD-02642,P0023,1,0.0,500.04,500.04,147.17
IT-005202,ORD-02642,P0004,1,0.2,37.02,37.02,13.6
IT-005203,ORD-02643,P0001,1,0.0,966.84,966.84,248.93
IT-005204,ORD-02644,P0010,1,0.2,551.96,551.96,204.66
IT-005205,ORD-02644,P0025,1,0.2,193.2,193.2,62.07
IT-005206,ORD-02644,P0002,1,0.0,839.32,839.32,300.14
IT-005207,ORD-02644,P0017,2,0.05,823.33,1646.65,450.73
IT-005208,ORD-02645,P0014,2,0.0,26.71,53.42,14.84
IT-005209,ORD-02645,P0017,4,0.3,606.66,2426.65,34.81
IT-005210,ORD-02646,P0014,1,0.0,26.71,26.71,7.42
IT-005211,ORD-02647,P0017,3,0.2,693.33,2079.98,286.1
IT-005212,ORD-02648,P0008,1,0.0,449.0,449.0,86.12
IT-005213,ORD-02648,P0002,1,0.05,797.35,797.35,258.17
IT-005214,ORD-02648,P0015,1,0.1,936.62,936.62,320.1
IT-005215,ORD-02649,P0009,1,0.2,604.29,604.29,191.11
IT-005216,ORD-02650,P0007,2,0.2,448.91,897.82,114.64
IT-005217,ORD-02651,P0017,1,0.0,866.66,866.66,268.7
IT-005218,ORD-02651,P0005,1,0.0,262.42,262.42,67.38
IT-005219,ORD-02652,P0015,5,0.1,936.62,4683.11,1600.51
IT-005220,ORD-02652,P0016,3,0.1,218.07,654.21,173.73
IT-005221,ORD-02653,P0025,1,0.15,205.28,205.28,74.15
IT-005222,ORD-02653,P0003,1,0.0,107.87,107.87,50.89
IT-005223,ORD-02654,P0010,1,0.0,689.95,689.95,342.65
IT-005224,ORD-02655,P0020,1,0.05,661.47,661.47,302.81
IT-005225,ORD-02655,P0001,3,0.0,966.84,2900.52,746.79
IT-005226,ORD-02655,P0015,1,0.05,988.66,988.66,372.14
IT-005227,ORD-02656,P0024,1,0.0,1045.55,1045.55,515.41
IT-005228,ORD-02656,P0019,1,0.1,1429.7,1429.7,556.92
IT-005229,ORD-02656,P0023,5,0.0,500.04,2500.2,735.85
IT-005230,ORD-02656,P0008,1,0.0,449.0,449.0,86.12
IT-005231,ORD-02657,P0024,1,0.05,993.27,993.27,463.13
IT-005232,ORD-02658,P0013,1,0.2,1284.19,1284.19,414.95
IT-005233,ORD-02658,P0002,3,0.1,755.39,2266.16,648.62
IT-005234,ORD-02659,P0002,1,0.1,755.39,755.39,216.21
IT-005235,ORD-02659,P0001,3,0.15,821.81,2465.44,311.71
IT-005236,ORD-02659,P0017,2,0.0,866.66,1733.32,537.4
IT-005237,ORD-02659,P0018,3,0.0,316.12,948.36,375.03
IT-005238,ORD-02660,P0004,2,0.15,39.34,78.68,31.84
IT-005239,ORD-02660,P0019,5,0.05,1509.12,7545.61,3181.71
IT-005240,ORD-02661,P0021,4,0.0,1054.86,4219.44,899.12
IT-005241,ORD-02661,P0020,2,0.0,696.28,1392.56,675.24
IT-005242,ORD-02662,P0024,3,0.0,1045.55,3136.65,1546.23
IT-005243,ORD-02663,P0019,1,0.1,1429.7,1429.7,556.92
IT-005244,ORD-02663,P0007,1,0.0,561.14,561.14,169.55
IT-005245,ORD-02664,P0016,2,0.0,242.3,484.6,164.28
IT-005246,ORD-02664,P0021,1,0.1,949.37,949.37,119.29
IT-005247,ORD-02665,P0006,1,0.3,659.43,659.43,101.78
IT-005248,ORD-02665,P0005,1,0.0,262.42,262.42,67.38
IT-005249,ORD-02666,P0008,1,0.0,449.0,449.0,86.12
IT-005250,ORD-02666,P0004,1,0.0,46.28,46.28,22.86
IT-005251,ORD-02666,P0007,3,0.0,561.14,1683.42,508.65
IT-005252,ORD-02666,P0020,1,0.2,557.02,557.02,198.36
IT-005253,ORD-02667,P0001,1,0.1,870.16,870.16,152.25
IT-005254,ORD-02668,P0007,1,0.0,561.14,561.14,169.55
IT-005255,ORD-02669,P0005,2,0.0,262.42,524.84,134.76
IT-005256,ORD-02670,P0001,2,0.15,821.81,1643.63,207.81
IT-005257,ORD-02670,P0009,2,0.05,717.59,1435.18,608.82
IT-005258,ORD-02671,P0004,1,0.1,41.65,41.65,18.23
IT-005259,ORD-02672,P0017,1,0.05,823.33,823.33,225.37
IT-005260,ORD-02672,P0023,5,0.0,500.04,2500.2,735.85
IT-005261,ORD-02673,P0025,1,0.2,193.2,193.2,62.07
IT-005262,ORD-02674,P0010,2,0.0,689.95,1379.9,685.3
IT-005263,ORD-02674,P0005,2,0.05,249.3,498.6,108.52
IT-005264,ORD-02675,P0005,1,0.05,249.3,249.3,54.26
IT-005265,ORD-02676,P0010,4,0.2,551.96,2207.84,818.64
IT-005266,ORD-02676,P0007,1,0.05,533.08,533.08,141.49
IT-005267,ORD-02676,P0016,1,0.2,193.84,193.84,33.68
IT-005268,ORD-02677,P0015,1,0.0,1040.69,1040.69,424.17
IT-005269,ORD-02677,P0017,2,0.0,866.66,1733.32,537.4
IT-005270,ORD-02678,P0012,1,0.2,395.34,395.34,-12.86
IT-005271,ORD-02678,P0018,3,0.0,316.12,948.36,375.03
IT-005272,ORD-02678,P0008,1,0.1,404.1,404.1,41.22
IT-005273,ORD-02678,P0002,1,0.2,671.46,671.46,132.28
IT-005274,ORD-02679,P0002,1,0.1,755.39,755.39,216.21
IT-005275,ORD-02679,P0020,1,0.1,626.65,626.65,267.99
IT-005276,ORD-02680,P0015,1,0.15,884.59,884.59,268.07
IT-005277,ORD-02681,P0003,1,0.05,102.48,102.48,45.5
IT-005278,ORD-02682,P0025,5,0.0,241.5,1207.5,551.85
IT-005279,ORD-02682,P0018,1,0.0,316.12,316.12,125.01
IT-005280,ORD-02682,P0022,1,0.0,927.66,927.66,456.51
IT-005281,ORD-02682,P0017,1,0.05,823.33,823.33,225.37
IT-005282,ORD-02683,P0013,1,0.0,1605.24,1605.24,736.0
IT-005283,ORD-02683,P0018,1,0.1,284.51,284.51,93.4
IT-005284,ORD-02684,P0020,2,0.0,696.28,1392.56,675.24
IT-005285,ORD-02685,P0024,1,0.05,993.27,993.27,463.13
IT-005286,ORD-02685,P0019,2,0.1,1429.7,2859.39,1113.83
IT-005287,ORD-02686,P0010,4,0.1,620.96,2483.82,1094.62
IT-005288,ORD-02686,P0001,2,0.2,773.47,1546.94,111.12
IT-005289,ORD-02687,P0017,5,0.3,606.66,3033.31,43.51
IT-005290,ORD-02688,P0025,3,0.05,229.42,688.28,294.88
IT-005291,ORD-02689,P0006,4,0.0,942.04,3768.16,1537.56
IT-005292,ORD-02689,P0018,1,0.2,252.9,252.9,61.79
IT-005293,ORD-02689,P0009,1,0.0,755.36,755.36,342.18
IT-005294,ORD-02690,P0019,2,0.15,1350.27,2700.54,954.97
IT-005295,ORD-02691,P0023,1,0.0,500.04,500.04,147.17
IT-005296,ORD-02692,P0016,2,0.1,218.07,436.14,115.82
IT-005297,ORD-02693,P0019,1,0.2,1270.84,1270.84,398.06
IT-005298,ORD-02694,P0012,3,0.0,494.17,1482.51,257.91
IT-005299,ORD-02694,P0005,1,0.0,262.42,262.42,67.38
IT-005300,ORD-02695,P0012,3,0.0,494.17,1482.51,257.91
IT-005301,ORD-02696,P0006,2,0.0,942.04,1884.08,768.78
IT-005302,ORD-02697,P0013,2,0.0,1605.24,3210.48,1472.0
IT-005303,ORD-02697,P0005,1,0.1,236.18,236.18,41.14
IT-005304,ORD-02697,P0010,1,0.3,482.96,482.96,135.66
IT-005305,ORD-02697,P0016,3,0.0,242.3,726.9,246.42
IT-005306,ORD-02698,P0020,2,0.0,696.28,1392.56,675.24
IT-005307,ORD-02699,P0005,1,0.3,183.69,183.69,-11.35
IT-005308,ORD-02700,P0008,2,0.05,426.55,853.1,127.34
IT-005309,ORD-02700,P0025,1,0.0,241.5,241.5,110.37
IT-005310,ORD-02701,P0015,1,0.0,1040.69,1040.69,424.17
IT-005311,ORD-02701,P0021,1,0.0,1054.86,1054.86,224.78
IT-005312,ORD-02702,P0002,1,0.0,839.32,839.32,300.14
IT-005313,ORD-02702,P0012,1,0.1,444.75,444.75,36.55
IT-005314,ORD-02702,P0009,1,0.05,717.59,717.59,304.41
IT-005315,ORD-02703,P0012,2,0.0,494.17,988.34,171.94
IT-005316,ORD-02704,P0009,1,0.05,717.59,717.59,304.41
IT-005317,ORD-02704,P0010,1,0.0,689.95,689.95,342.65
IT-005318,ORD-02704,P0016,1,0.05,230.18,230.18,70.03
IT-005319,ORD-02705,P0004,1,0.1,41.65,41.65,18.23
IT-005320,ORD-02705,P0010,3,0.0,689.95,2069.85,1027.95
IT-005321,ORD-02705,P0025,3,0.05,229.42,688.28,294.88
IT-005322,ORD-02706,P0022,4,0.05,881.28,3525.11,1640.51
IT-005323,ORD-02706,P0008,1,0.15,381.65,381.65,18.77
IT-005324,ORD-02707,P0006,2,0.1,847.84,1695.67,580.37
IT-005325,ORD-02708,P0016,1,0.0,242.3,242.3,82.14
IT-005326,ORD-02709,P0008,1,0.2,359.2,359.2,-3.68
IT-005327,ORD-02709,P0015,3,0.0,1040.69,3122.07,1272.51
IT-005328,ORD-02710,P0021,1,0.0,1054.86,1054.86,224.78
IT-005329,ORD-02710,P0014,1,0.0,26.71,26.71,7.42
IT-005330,ORD-02710,P0011,1,0.0,78.52,78.52,31.95
IT-005331,ORD-02711,P0010,2,0.1,620.96,1241.91,547.31
IT-005332,ORD-02711,P0007,1,0.0,561.14,561.14,169.55
IT-005333,ORD-02712,P0022,1,0.0,927.66,927.66,456.51
IT-005334,ORD-02713,P0006,1,0.15,800.73,800.73,243.08
IT-005335,ORD-02714,P0008,4,0.15,381.65,1526.6,75.08
IT-005336,ORD-02714,P0013,4,0.1,1444.72,5778.86,2301.9
IT-005337,ORD-02715,P0024,1,0.1,941.0,941.0,410.86
IT-005338,ORD-02715,P0021,1,0.0,1054.86,1054.86,224.78
IT-005339,ORD-02716,P0004,3,0.0,46.28,138.84,68.58
IT-005340,ORD-02717,P0009,1,0.0,755.36,755.36,342.18
IT-005341,ORD-02718,P0009,1,0.05,717.59,717.59,304.41
IT-005342,ORD-02718,P0023,3,0.0,500.04,1500.12,441.51
IT-005343,ORD-02719,P0023,3,0.0,500.04,1500.12,441.51
IT-005344,ORD-02719,P0017,4,0.0,866.66,3466.64,1074.8
IT-005345,ORD-02720,P0009,1,0.1,679.82,679.82,266.64
IT-005346,ORD-02720,P0020,1,0.05,661.47,661.47,302.81
IT-005347,ORD-02721,P0014,1,0.0,26.71,26.71,7.42
IT-005348,ORD-02721,P0019,3,0.0,1588.55,4765.65,2147.31
IT-005349,ORD-02721,P0016,1,0.0,242.3,242.3,82.14
IT-005350,ORD-02722,P0013,4,0.2,1284.19,5136.77,1659.81
IT-005351,ORD-02722,P0007,1,0.3,392.8,392.8,1.21
IT-005352,ORD-02723,P0016,1,0.3,169.61,169.61,9.45
IT-005353,ORD-02724,P0004,1,0.3,32.4,32.4,8.98
IT-005354,ORD-02724,P0017,4,0.15,736.66,2946.64,554.8
IT-005355,ORD-02725,P0023,1,0.2,400.03,400.03,47.16
IT-005356,ORD-02725,P0021,1,0.05,1002.12,1002.12,172.04
IT-005357,ORD-02725,P0019,1,0.15,1350.27,1350.27,477.49
IT-005358,ORD-02725,P0025,1,0.15,205.28,205.28,74.15
IT-005359,ORD-02726,P0006,5,0.05,894.94,4474.69,1686.44
IT-005360,ORD-02726,P0010,1,0.0,689.95,689.95,342.65
IT-005361,ORD-02726,P0023,1,0.0,500.04,500.04,147.17
IT-005362,ORD-02727,P0006,1,0.3,659.43,659.43,101.78
IT-005363,ORD-02727,P0023,1,0.05,475.04,475.04,122.17
IT-005364,ORD-02727,P0008,3,0.0,449.0,1347.0,258.36
IT-005365,ORD-02728,P0019,1,0.15,1350.27,1350.27,477.49
IT-005366,ORD-02729,P0002,3,0.1,755.39,2266.16,648.62
IT-005367,ORD-02729,P0011,2,0.3,54.96,109.93,16.79
IT-005368,ORD-02729,P0010,3,0.2,551.96,1655.88,613.98
IT-005369,ORD-02730,P0011,1,0.05,74.59,74.59,28.02
IT-005370,ORD-02730,P0023,1,0.0,500.04,500.04,147.17
IT-005371,ORD-02730,P0010,2,0.2,551.96,1103.92,409.32
IT-005372,ORD-02731,P0021,4,0.0,1054.86,4219.44,899.12
IT-005373,ORD-02731,P0014,3,0.0,26.71,80.13,22.26
IT-005374,ORD-02732,P0022,2,0.05,881.28,1762.55,820.25
IT-005375,ORD-02733,P0022,1,0.1,834.89,834.89,363.74
IT-005376,ORD-02733,P0024,3,0.15,888.72,2666.15,1075.73
IT-005377,ORD-02733,P0010,2,0.3,482.96,965.93,271.33
IT-005378,ORD-02733,P0004,1,0.0,46.28,46.28,22.86
IT-005379,ORD-02734,P0017,2,0.0,866.66,1733.32,537.4
IT-005380,ORD-02734,P0001,1,0.1,870.16,870.16,152.25
IT-005381,ORD-02735,P0014,1,0.0,26.71,26.71,7.42
IT-005382,ORD-02736,P0002,1,0.0,839.32,839.32,300.14
IT-005383,ORD-02737,P0021,2,0.0,1054.86,2109.72,449.56
IT-005384,ORD-02737,P0022,1,0.1,834.89,834.89,363.74
IT-005385,ORD-02738,P0019,3,0.0,1588.55,4765.65,2147.31
IT-005386,ORD-02738,P0022,1,0.0,927.66,927.66,456.51
IT-005387,ORD-02739,P0001,1,0.05,918.5,918.5,200.59
IT-005388,ORD-02740,P0015,3,0.0,1040.69,3122.07,1272.51
IT-005389,ORD-02740,P0011,1,0.0,78.52,78.52,31.95
IT-005390,ORD-02741,P0002,2,0.0,839.32,1678.64,600.28
IT-005391,ORD-02741,P0019,1,0.0,1588.55,1588.55,715.77
IT-005392,ORD-02741,P0022,2,0.15,788.51,1577.02,634.72
IT-005393,ORD-02742,P0015,1,0.3,728.48,728.48,111.96
IT-005394,ORD-02742,P0006,4,0.1,847.84,3391.34,1160.74
IT-005395,ORD-02743,P0023,1,0.2,400.03,400.03,47.16
IT-005396,ORD-02744,P0025,2,0.1,217.35,434.7,172.44
IT-005397,ORD-02744,P0017,2,0.0,866.66,1733.32,537.4
IT-005398,ORD-02745,P0019,1,0.05,1509.12,1509.12,636.34
IT-005399,ORD-02746,P0018,2,0.0,316.12,632.24,250.02
IT-005400,ORD-02747,P0017,1,0.15,736.66,736.66,138.7
IT-005401,ORD-02748,P0007,2,0.05,533.08,1066.17,282.99
IT-005402,ORD-02748,P0025,1,0.2,193.2,193.2,62.07
IT-005403,ORD-02748,P0023,2,0.05,475.04,950.08,244.34
IT-005404,ORD-02749,P0009,2,0.15,642.06,1284.11,457.75
IT-005405,ORD-02750,P0020,2,0.2,557.02,1114.05,396.73
IT-005406,ORD-02751,P0019,1,0.2,1270.84,1270.84,398.06
IT-005407,ORD-02752,P0019,3,0.2,1270.84,3812.52,1194.18
IT-005408,ORD-02752,P0011,1,0.0,78.52,78.52,31.95
IT-005409,ORD-02753,P0024,2,0.2,836.44,1672.88,612.6
IT-005410,ORD-02753,P0003,1,0.05,102.48,102.48,45.5
IT-005411,ORD-02753,P0011,1,0.2,62.82,62.82,16.25
IT-005412,ORD-02753,P0015,1,0.05,988.66,988.66,372.14
IT-005413,ORD-02754,P0013,3,0.05,1524.98,4574.93,1967.21
IT-005414,ORD-02754,P0015,1,0.05,988.66,988.66,372.14
IT-005415,ORD-02754,P0025,1,0.0,241.5,241.5,110.37
IT-005416,ORD-02754,P0011,2,0.3,54.96,109.93,16.79
IT-005417,ORD-02755,P0008,1,0.0,449.0,449.0,86.12
IT-005418,ORD-02756,P0023,1,0.0,500.04,500.04,147.17
IT-005419,ORD-02757,P0004,1,0.0,46.28,46.28,22.86
IT-005420,ORD-02758,P0011,1,0.1,70.67,70.67,24.1
IT-005421,ORD-02758,P0009,3,0.0,755.36,2266.08,1026.54
IT-005422,ORD-02758,P0015,1,0.15,884.59,884.59,268.07
IT-005423,ORD-02759,P0014,1,0.0,26.71,26.71,7.42
IT-005424,ORD-02760,P0001,1,0.05,918.5,918.5,200.59
IT-005425,ORD-02761,P0013,2,0.1,1444.72,2889.43,1150.95
IT-005426,ORD-02761,P0004,1,0.0,46.28,46.28,22.86
IT-005427,ORD-02762,P0005,1,0.3,183.69,183.69,-11.35
IT-005428,ORD-02763,P0011,2,0.0,78.52,157.04,63.9
IT-005429,ORD-02764,P0015,3,0.05,988.66,2965.97,1116.41
IT-005430,ORD-02765,P0025,1,0.05,229.42,229.42,98.29
IT-005431,ORD-02766,P0002,1,0.15,713.42,713.42,174.24
IT-005432,ORD-02766,P0012,1,0.15,420.04,420.04,11.84
IT-005433,ORD-02767,P0015,1,0.15,884.59,884.59,268.07
IT-005434,ORD-02767,P0002,1,0.05,797.35,797.35,258.17
IT-005435,ORD-02767,P0024,5,0.05,993.27,4966.36,2315.66
IT-005436,ORD-02767,P0008,3,0.0,449.0,1347.0,258.36
IT-005437,ORD-02768,P0014,1,0.2,21.37,21.37,2.08
IT-005438,ORD-02769,P0022,3,0.2,742.13,2226.38,812.93
IT-005439,ORD-02770,P0018,1,0.15,268.7,268.7,77.59
IT-005440,ORD-02770,P0001,1,0.0,966.84,966.84,248.93
IT-005441,ORD-02770,P0014,1,0.0,26.71,26.71,7.42
IT-005442,ORD-02770,P0021,1,0.1,949.37,949.37,119.29
IT-005443,ORD-02771,P0004,1,0.0,46.28,46.28,22.86
IT-005444,ORD-02771,P0025,5,0.0,241.5,1207.5,551.85
IT-005445,ORD-02771,P0022,1,0.0,927.66,927.66,456.51
IT-005446,ORD-02772,P0014,3,0.0,26.71,80.13,22.26
IT-005447,ORD-02773,P0002,2,0.2,671.46,1342.91,264.55
IT-005448,ORD-02773,P0009,1,0.0,755.36,755.36,342.18
IT-005449,ORD-02774,P0017,1,0.05,823.33,823.33,225.37
IT-005450,ORD-02775,P0022,1,0.0,927.66,927.66,456.51
IT-005451,ORD-02775,P0021,2,0.3,738.4,1476.8,-183.36
IT-005452,ORD-02776,P0015,1,0.2,832.55,832.55,216.03
IT-005453,ORD-02776,P0003,2,0.0,107.87,215.74,101.78
IT-005454,ORD-02776,P0024,2,0.0,1045.55,2091.1,1030.82
IT-005455,ORD-02776,P0006,1,0.0,942.04,942.04,384.39
IT-005456,ORD-02777,P0023,1,0.0,500.04,500.04,147.17
IT-005457,ORD-02777,P0006,1,0.2,753.63,753.63,195.98
IT-005458,ORD-02778,P0008,3,0.0,449.0,1347.0,258.36
IT-005459,ORD-02778,P0009,1,0.0,755.36,755.36,342.18
IT-005460,ORD-02779,P0009,4,0.0,755.36,3021.44,1368.72
IT-005461,ORD-02780,P0005,1,0.2,209.94,209.94,14.9
IT-005462,ORD-02780,P0025,1,0.3,169.05,169.05,37.92
IT-005463,ORD-02781,P0016,1,0.2,193.84,193.84,33.68
IT-005464,ORD-02781,P0025,1,0.3,169.05,169.05,37.92
IT-005465,ORD-02782,P0011,1,0.0,78.52,78.52,31.95
IT-005466,ORD-02782,P0010,2,0.1,620.96,1241.91,547.31
IT-005467,ORD-02783,P0003,4,0.3,75.51,302.04,74.12
IT-005468,ORD-02784,P0019,4,0.0,1588.55,6354.2,2863.08
IT-005469,ORD-02784,P0016,2,0.0,242.3,484.6,164.28
IT-005470,ORD-02785,P0008,3,0.2,359.2,1077.6,-11.04
IT-005471,ORD-02785,P0015,5,0.2,832.55,4162.76,1080.16
IT-005472,ORD-02786,P0015,1,0.1,936.62,936.62,320.1
IT-005473,ORD-02787,P0004,1,0.0,46.28,46.28,22.86
IT-005474,ORD-02788,P0004,3,0.0,46.28,138.84,68.58
IT-005475,ORD-02789,P0013,3,0.3,1123.67,3371.0,763.28
IT-005476,ORD-02789,P0009,1,0.1,679.82,679.82,266.64
IT-005477,ORD-02790,P0008,1,0.1,404.1,404.1,41.22
IT-005478,ORD-02790,P0022,3,0.1,834.89,2504.68,1091.23
IT-005479,ORD-02791,P0021,1,0.0,1054.86,1054.86,224.78
IT-005480,ORD-02791,P0012,2,0.0,494.17,988.34,171.94
IT-005481,ORD-02791,P0009,2,0.0,755.36,1510.72,684.36
IT-005482,ORD-02792,P0022,1,0.1,834.89,834.89,363.74
IT-005483,ORD-02793,P0002,2,0.05,797.35,1594.71,516.35
IT-005484,ORD-02793,P0008,3,0.0,449.0,1347.0,258.36
IT-005485,ORD-02793,P0013,1,0.2,1284.19,1284.19,414.95
IT-005486,ORD-02794,P0001,2,0.3,676.79,1353.58,-82.24
IT-005487,ORD-02794,P0021,1,0.0,1054.86,1054.86,224.78
IT-005488,ORD-02795,P0020,1,0.3,487.4,487.4,128.74
IT-005489,ORD-02796,P0023,1,0.0,500.04,500.04,147.17
IT-005490,ORD-02797,P0025,1,0.15,205.28,205.28,74.15
IT-005491,ORD-02798,P0001,1,0.0,966.84,966.84,248.93
IT-005492,ORD-02798,P0014,1,0.0,26.71,26.71,7.42
IT-005493,ORD-02798,P0002,1,0.0,839.32,839.32,300.14
IT-005494,ORD-02798,P0018,1,0.2,252.9,252.9,61.79
IT-005495,ORD-02799,P0017,3,0.3,606.66,1819.99,26.11
IT-005496,ORD-02800,P0001,1,0.05,918.5,918.5,200.59
IT-005497,ORD-02801,P0023,2,0.0,500.04,1000.08,294.34
IT-005498,ORD-02802,P0018,1,0.1,284.51,284.51,93.4
IT-005499,ORD-02802,P0003,2,0.3,75.51,151.02,37.06
IT-005500,ORD-02802,P0022,1,0.05,881.28,881.28,410.13
IT-005501,ORD-02803,P0024,2,0.0,1045.55,2091.1,1030.82
IT-005502,ORD-02804,P0001,2,0.15,821.81,1643.63,207.81
IT-005503,ORD-02805,P0016,5,0.0,242.3,1211.5,410.7
IT-005504,ORD-02805,P0021,1,0.15,896.63,896.63,66.55
IT-005505,ORD-02806,P0022,2,0.1,834.89,1669.79,727.49
IT-005506,ORD-02806,P0014,1,0.0,26.71,26.71,7.42
IT-005507,ORD-02807,P0008,2,0.2,359.2,718.4,-7.36
IT-005508,ORD-02807,P0012,1,0.2,395.34,395.34,-12.86
IT-005509,ORD-02808,P0006,3,0.1,847.84,2543.51,870.56
IT-005510,ORD-02808,P0012,1,0.0,494.17,494.17,85.97
IT-005511,ORD-02809,P0004,1,0.1,41.65,41.65,18.23
IT-005512,ORD-02809,P0018,1,0.1,284.51,284.51,93.4
IT-005513,ORD-02809,P0020,4,0.0,696.28,2785.12,1350.48
IT-005514,ORD-02810,P0003,4,0.15,91.69,366.76,138.84
IT-005515,ORD-02810,P0013,2,0.3,1123.67,2247.34,508.86
IT-005516,ORD-02810,P0020,1,0.2,557.02,557.02,198.36
IT-005517,ORD-02811,P0004,4,0.0,46.28,185.12,91.44
IT-005518,ORD-02811,P0005,1,0.2,209.94,209.94,14.9
IT-005519,ORD-02811,P0025,1,0.1,217.35,217.35,86.22
IT-005520,ORD-02812,P0015,3,0.0,1040.69,3122.07,1272.51
IT-005521,ORD-02813,P0020,2,0.0,696.28,1392.56,675.24
IT-005522,ORD-02813,P0002,1,0.3,587.52,587.52,48.34
IT-005523,ORD-02813,P0019,1,0.0,1588.55,1588.55,715.77
IT-005524,ORD-02814,P0001,5,0.3,676.79,3383.94,-205.61
IT-005525,ORD-02815,P0021,1,0.05,1002.12,1002.12,172.04
IT-005526,ORD-02816,P0024,4,0.2,836.44,3345.76,1225.2
IT-005527,ORD-02816,P0003,1,0.0,107.87,107.87,50.89
IT-005528,ORD-02816,P0005,5,0.0,262.42,1312.1,336.9
IT-005529,ORD-02816,P0008,3,0.05,426.55,1279.65,191.01
IT-005530,ORD-02817,P0022,1,0.15,788.51,788.51,317.36
IT-005531,ORD-02817,P0011,1,0.0,78.52,78.52,31.95
IT-005532,ORD-02817,P0018,1,0.1,284.51,284.51,93.4
IT-005533,ORD-02818,P0001,1,0.05,918.5,918.5,200.59
IT-005534,ORD-02818,P0002,1,0.0,839.32,839.32,300.14
IT-005535,ORD-02819,P0009,1,0.1,679.82,679.82,266.64
IT-005536,ORD-02819,P0001,1,0.0,966.84,966.84,248.93
IT-005537,ORD-02819,P0023,1,0.1,450.04,450.04,97.17
IT-005538,ORD-02820,P0025,1,0.0,241.5,241.5,110.37
IT-005539,ORD-02820,P0019,2,0.0,1588.55,3177.1,1431.54
IT-005540,ORD-02820,P0017,2,0.1,779.99,1559.99,364.07
IT-005541,ORD-02820,P0002,2,0.0,839.32,1678.64,600.28
IT-005542,ORD-02821,P0009,1,0.15,642.06,642.06,228.88
IT-005543,ORD-02821,P0022,2,0.0,927.66,1855.32,913.02
IT-005544,ORD-02822,P0010,2,0.05,655.45,1310.9,616.3
IT-005545,ORD-02822,P0003,1,0.15,91.69,91.69,34.71
IT-005546,ORD-02823,P0016,1,0.0,242.3,242.3,82.14
IT-005547,ORD-02823,P0021,3,0.3,738.4,2215.21,-275.03
IT-005548,ORD-02823,P0001,3,0.2,773.47,2320.42,166.69
IT-005549,ORD-02824,P0010,1,0.05,655.45,655.45,308.15
IT-005550,ORD-02825,P0024,1,0.1,941.0,941.0,410.86
IT-005551,ORD-02826,P0011,3,0.15,66.74,200.23,60.52
IT-005552,ORD-02826,P0019,5,0.0,1588.55,7942.75,3578.85
IT-005553,ORD-02826,P0020,1,0.1,626.65,626.65,267.99
IT-005554,ORD-02827,P0012,3,0.2,395.34,1186.01,-38.59
IT-005555,ORD-02828,P0016,1,0.15,205.96,205.96,45.8
IT-005556,ORD-02829,P0012,5,0.15,420.04,2100.22,59.22
IT-005557,ORD-02830,P0017,1,0.05,823.33,823.33,225.37
IT-005558,ORD-02831,P0023,2,0.0,500.04,1000.08,294.34
IT-005559,ORD-02831,P0018,2,0.0,316.12,632.24,250.02
IT-005560,ORD-02831,P0012,5,0.15,420.04,2100.22,59.22
IT-005561,ORD-02831,P0010,1,0.3,482.96,482.96,135.66
IT-005562,ORD-02832,P0024,1,0.0,1045.55,1045.55,515.41
IT-005563,ORD-02832,P0014,1,0.2,21.37,21.37,2.08
IT-005564,ORD-02833,P0007,1,0.0,561.14,561.14,169.55
IT-005565,ORD-02833,P0013,5,0.2,1284.19,6420.96,2074.76
IT-005566,ORD-02834,P0001,4,0.0,966.84,3867.36,995.72
IT-005567,ORD-02834,P0013,4,0.15,1364.45,5457.82,1980.86
IT-005568,ORD-02834,P0005,1,0.0,262.42,262.42,67.38
IT-005569,ORD-02834,P0021,4,0.05,1002.12,4008.47,688.15
IT-005570,ORD-02835,P0012,1,0.0,494.17,494.17,85.97
IT-005571,ORD-02835,P0025,2,0.1,217.35,434.7,172.44
IT-005572,ORD-02835,P0009,1,0.05,717.59,717.59,304.41
IT-005573,ORD-02836,P0021,2,0.0,1054.86,2109.72,449.56
IT-005574,ORD-02836,P0013,3,0.0,1605.24,4815.72,2208.0
IT-005575,ORD-02837,P0002,3,0.0,839.32,2517.96,900.42
IT-005576,ORD-02837,P0003,2,0.0,107.87,215.74,101.78
IT-005577,ORD-02837,P0008,1,0.0,449.0,449.0,86.12
IT-005578,ORD-02838,P0015,3,0.05,988.66,2965.97,1116.41
IT-005579,ORD-02838,P0021,1,0.0,1054.86,1054.86,224.78
IT-005580,ORD-02839,P0008,1,0.0,449.0,449.0,86.12
IT-005581,ORD-02840,P0014,2,0.05,25.37,50.75,12.17
IT-005582,ORD-02841,P0001,2,0.1,870.16,1740.31,304.49
IT-005583,ORD-02841,P0011,2,0.15,66.74,133.48,40.34
IT-005584,ORD-02842,P0014,1,0.0,26.71,26.71,7.42
IT-005585,ORD-02842,P0019,4,0.0,1588.55,6354.2,2863.08
IT-005586,ORD-02843,P0021,4,0.1,949.37,3797.5,477.18
IT-005587,ORD-02843,P0005,3,0.15,223.06,669.17,84.05
IT-005588,ORD-02844,P0009,2,0.0,755.36,1510.72,684.36
IT-005589,ORD-02844,P0020,2,0.05,661.47,1322.93,605.61
IT-005590,ORD-02845,P0009,3,0.0,755.36,2266.08,1026.54
IT-005591,ORD-02846,P0023,3,0.0,500.04,1500.12,441.51
IT-005592,ORD-02847,P0017,2,0.2,693.33,1386.66,190.74
IT-005593,ORD-02847,P0025,2,0.0,241.5,483.0,220.74
IT-005594,ORD-02848,P0012,1,0.3,345.92,345.92,-62.28
IT-005595,ORD-02849,P0015,2,0.2,832.55,1665.1,432.06
IT-005596,ORD-02849,P0009,2,0.3,528.75,1057.5,231.14
IT-005597,ORD-02850,P0008,2,0.0,449.0,898.0,172.24
IT-005598,ORD-02850,P0021,1,0.1,949.37,949.37,119.29
IT-005599,ORD-02851,P0015,5,0.15,884.59,4422.93,1340.33
IT-005600,ORD-02851,P0009,2,0.1,679.82,1359.65,533.29
IT-005601,ORD-02852,P0001,4,0.15,821.81,3287.26,415.62
IT-005602,ORD-02853,P0001,1,0.1,870.16,870.16,152.25
IT-005603,ORD-02853,P0010,1,0.1,620.96,620.96,273.66
IT-005604,ORD-02854,P0011,1,0.0,78.52,78.52,31.95
IT-005605,ORD-02854,P0017,2,0.15,736.66,1473.32,277.4
IT-005606,ORD-02854,P0010,3,0.05,655.45,1966.36,924.46
IT-005607,ORD-02855,P0020,2,0.05,661.47,1322.93,605.61
IT-005608,ORD-02855,P0025,2,0.0,241.5,483.0,220.74
IT-005609,ORD-02855,P0018,1,0.1,284.51,284.51,93.4
IT-005610,ORD-02855,P0007,5,0.2,448.91,2244.56,286.61
IT-005611,ORD-02856,P0008,5,0.05,426.55,2132.75,318.35
IT-005612,ORD-02856,P0019,2,0.1,1429.7,2859.39,1113.83
IT-005613,ORD-02856,P0014,3,0.2,21.37,64.1,6.23
IT-005614,ORD-02857,P0006,1,0.05,894.94,894.94,337.29
IT-005615,ORD-02857,P0009,2,0.0,755.36,1510.72,684.36
IT-005616,ORD-02858,P0007,2,0.1,505.03,1010.05,226.87
IT-005617,ORD-02859,P0009,3,0.05,717.59,2152.78,913.24
IT-005618,ORD-02859,P0016,5,0.1,218.07,1090.35,289.55
IT-005619,ORD-02860,P0006,2,0.05,894.94,1789.88,674.58
IT-005620,ORD-02860,P0017,1,0.2,693.33,693.33,95.37
IT-005621,ORD-02860,P0020,1,0.05,661.47,661.47,302.81
IT-005622,ORD-02860,P0003,2,0.2,86.3,172.59,58.63
IT-005623,ORD-02861,P0013,1,0.15,1364.45,1364.45,495.21
IT-005624,ORD-02862,P0016,1,0.0,242.3,242.3,82.14
IT-005625,ORD-02863,P0019,1,0.0,1588.55,1588.55,715.77
IT-005626,ORD-02864,P0004,1,0.15,39.34,39.34,15.92
IT-005627,ORD-02864,P0006,4,0.0,942.04,3768.16,1537.56
IT-005628,ORD-02865,P0015,1,0.1,936.62,936.62,320.1
IT-005629,ORD-02865,P0017,1,0.0,866.66,866.66,268.7
IT-005630,ORD-02866,P0007,2,0.1,505.03,1010.05,226.87
IT-005631,ORD-02867,P0001,5,0.05,918.5,4592.49,1002.94
IT-005632,ORD-02867,P0007,1,0.0,561.14,561.14,169.55
IT-005633,ORD-02867,P0020,1,0.15,591.84,591.84,233.18
IT-005634,ORD-02868,P0025,1,0.1,217.35,217.35,86.22
IT-005635,ORD-02868,P0003,2,0.0,107.87,215.74,101.78
IT-005636,ORD-02869,P0002,1,0.15,713.42,713.42,174.24
IT-005637,ORD-02870,P0016,3,0.05,230.18,690.56,210.08
IT-005638,ORD-02871,P0003,1,0.3,75.51,75.51,18.53
IT-005639,ORD-02872,P0018,1,0.3,221.28,221.28,30.17
IT-005640,ORD-02872,P0015,1,0.0,1040.69,1040.69,424.17
IT-005641,ORD-02873,P0017,3,0.0,866.66,2599.98,806.1
IT-005642,ORD-02874,P0012,3,0.0,494.17,1482.51,257.91
IT-005643,ORD-02874,P0016,3,0.0,242.3,726.9,246.42
IT-005644,ORD-02875,P0023,1,0.0,500.04,500.04,147.17
IT-005645,ORD-02875,P0001,1,0.2,773.47,773.47,55.56
IT-005646,ORD-02875,P0021,1,0.15,896.63,896.63,66.55
IT-005647,ORD-02876,P0010,2,0.2,551.96,1103.92,409.32
IT-005648,ORD-02876,P0016,1,0.0,242.3,242.3,82.14
IT-005649,ORD-02877,P0019,1,0.05,1509.12,1509.12,636.34
IT-005650,ORD-02878,P0022,1,0.0,927.66,927.66,456.51
IT-005651,ORD-02878,P0019,1,0.0,1588.55,1588.55,715.77
IT-005652,ORD-02879,P0023,1,0.15,425.03,425.03,72.16
IT-005653,ORD-02879,P0009,1,0.0,755.36,755.36,342.18
IT-005654,ORD-02879,P0025,3,0.0,241.5,724.5,331.11
IT-005655,ORD-02880,P0014,1,0.0,26.71,26.71,7.42
IT-005656,ORD-02881,P0010,5,0.0,689.95,3449.75,1713.25
IT-005657,ORD-02882,P0015,2,0.15,884.59,1769.17,536.13
IT-005658,ORD-02882,P0004,3,0.0,46.28,138.84,68.58
IT-005659,ORD-02883,P0015,2,0.05,988.66,1977.31,744.27
IT-005660,ORD-02883,P0007,2,0.05,533.08,1066.17,282.99
IT-005661,ORD-02884,P0013,3,0.1,1444.72,4334.15,1726.43
IT-005662,ORD-02885,P0012,1,0.1,444.75,444.75,36.55
IT-005663,ORD-02885,P0018,3,0.0,316.12,948.36,375.03
IT-005664,ORD-02886,P0012,2,0.05,469.46,938.92,122.52
IT-005665,ORD-02886,P0006,1,0.0,942.04,942.04,384.39
IT-005666,ORD-02887,P0004,4,0.0,46.28,185.12,91.44
IT-005667,ORD-02887,P0005,2,0.0,262.42,524.84,134.76
IT-005668,ORD-02887,P0017,2,0.0,866.66,1733.32,537.4
IT-005669,ORD-02887,P0012,1,0.05,469.46,469.46,61.26
IT-005670,ORD-02888,P0019,2,0.0,1588.55,3177.1,1431.54
IT-005671,ORD-02889,P0016,5,0.05,230.18,1150.92,350.12
IT-005672,ORD-02889,P0005,2,0.0,262.42,524.84,134.76
IT-005673,ORD-02889,P0024,1,0.3,731.88,731.88,201.74
IT-005674,ORD-02890,P0018,3,0.05,300.31,900.94,327.61
IT-005675,ORD-02891,P0018,1,0.0,316.12,316.12,125.01
IT-005676,ORD-02891,P0019,1,0.15,1350.27,1350.27,477.49
IT-005677,ORD-02892,P0014,3,0.1,24.04,72.12,14.25
IT-005678,ORD-02892,P0025,1,0.05,229.42,229.42,98.29
IT-005679,ORD-02893,P0003,1,0.05,102.48,102.48,45.5
IT-005680,ORD-02894,P0022,1,0.3,649.36,649.36,178.21
IT-005681,ORD-02894,P0017,4,0.0,866.66,3466.64,1074.8
IT-005682,ORD-02894,P0002,5,0.0,839.32,4196.6,1500.7
IT-005683,ORD-02895,P0011,5,0.0,78.52,392.6,159.75
IT-005684,ORD-02896,P0024,2,0.0,1045.55,2091.1,1030.82
IT-005685,ORD-02896,P0010,1,0.0,689.95,689.95,342.65
IT-005686,ORD-02897,P0013,2,0.05,1524.98,3049.96,1311.48
IT-005687,ORD-02898,P0014,1,0.0,26.71,26.71,7.42
IT-005688,ORD-02898,P0010,3,0.0,689.95,2069.85,1027.95
IT-005689,ORD-02899,P0001,1,0.05,918.5,918.5,200.59
IT-005690,ORD-02900,P0021,2,0.0,1054.86,2109.72,449.56
IT-005691,ORD-02900,P0006,1,0.15,800.73,800.73,243.08
IT-005692,ORD-02900,P0020,1,0.3,487.4,487.4,128.74
IT-005693,ORD-02901,P0015,3,0.0,1040.69,3122.07,1272.51
IT-005694,ORD-02901,P0023,2,0.0,500.04,1000.08,294.34
IT-005695,ORD-02901,P0018,1,0.0,316.12,316.12,125.01
IT-005696,ORD-02902,P0019,1,0.0,1588.55,1588.55,715.77
IT-005697,ORD-02902,P0023,1,0.0,500.04,500.04,147.17
IT-005698,ORD-02902,P0002,3,0.15,713.42,2140.27,522.73
IT-005699,ORD-02903,P0013,1,0.0,1605.24,1605.24,736.0
IT-005700,ORD-02904,P0021,1,0.3,738.4,738.4,-91.68
IT-005701,ORD-02904,P0011,1,0.0,78.52,78.52,31.95
IT-005702,ORD-02905,P0016,3,0.1,218.07,654.21,173.73
IT-005703,ORD-02906,P0010,1,0.0,689.95,689.95,342.65
IT-005704,ORD-02906,P0016,2,0.0,242.3,484.6,164.28
IT-005705,ORD-02906,P0013,1,0.0,1605.24,1605.24,736.0
IT-005706,ORD-02907,P0010,2,0.0,689.95,1379.9,685.3
IT-005707,ORD-02907,P0003,1,0.0,107.87,107.87,50.89
IT-005708,ORD-02908,P0017,2,0.0,866.66,1733.32,537.4
IT-005709,ORD-02908,P0002,2,0.2,671.46,1342.91,264.55
IT-005710,ORD-02909,P0008,3,0.0,449.0,1347.0,258.36
IT-005711,ORD-02909,P0009,3,0.1,679.82,2039.47,799.93
IT-005712,ORD-02910,P0006,1,0.05,894.94,894.94,337.29
IT-005713,ORD-02911,P0012,1,0.05,469.46,469.46,61.26
IT-005714,ORD-02911,P0019,5,0.2,1270.84,6354.2,1990.3
IT-005715,ORD-02912,P0017,1,0.1,779.99,779.99,182.03
IT-005716,ORD-02913,P0017,2,0.05,823.33,1646.65,450.73
IT-005717,ORD-02913,P0020,1,0.1,626.65,626.65,267.99
IT-005718,ORD-02913,P0001,1,0.0,966.84,966.84,248.93
IT-005719,ORD-02913,P0013,2,0.0,1605.24,3210.48,1472.0
IT-005720,ORD-02914,P0021,1,0.2,843.89,843.89,13.81
IT-005721,ORD-02914,P0001,1,0.15,821.81,821.81,103.9
IT-005722,ORD-02914,P0018,1,0.0,316.12,316.12,125.01
IT-005723,ORD-02915,P0020,1,0.1,626.65,626.65,267.99
IT-005724,ORD-02915,P0005,3,0.0,262.42,787.26,202.14
IT-005725,ORD-02916,P0005,4,0.0,262.42,1049.68,269.52
IT-005726,ORD-02916,P0011,1,0.0,78.52,78.52,31.95
IT-005727,ORD-02916,P0023,1,0.15,425.03,425.03,72.16
IT-005728,ORD-02916,P0004,3,0.2,37.02,111.07,40.81
IT-005729,ORD-02917,P0005,2,0.0,262.42,524.84,134.76
IT-005730,ORD-02918,P0001,2,0.0,966.84,1933.68,497.86
IT-005731,ORD-02918,P0021,1,0.0,1054.86,1054.86,224.78
IT-005732,ORD-02918,P0003,4,0.0,107.87,431.48,203.56
IT-005733,ORD-02919,P0020,2,0.3,487.4,974.79,257.47
IT-005734,ORD-02920,P0018,1,0.05,300.31,300.31,109.2
IT-005735,ORD-02920,P0017,1,0.1,779.99,779.99,182.03
IT-005736,ORD-02921,P0015,1,0.1,936.62,936.62,320.1
IT-005737,ORD-02921,P0024,1,0.2,836.44,836.44,306.3
IT-005738,ORD-02922,P0004,1,0.0,46.28,46.28,22.86
IT-005739,ORD-02923,P0007,2,0.15,476.97,953.94,170.76
IT-005740,ORD-02924,P0009,1,0.3,528.75,528.75,115.57
IT-005741,ORD-02925,P0011,2,0.0,78.52,157.04,63.9
IT-005742,ORD-02925,P0023,1,0.05,475.04,475.04,122.17
IT-005743,ORD-02925,P0019,3,0.0,1588.55,4765.65,2147.31
IT-005744,ORD-02925,P0022,1,0.15,788.51,788.51,317.36
IT-005745,ORD-02926,P0025,3,0.0,241.5,724.5,331.11
IT-005746,ORD-02927,P0022,2,0.0,927.66,1855.32,913.02
IT-005747,ORD-02927,P0003,1,0.0,107.87,107.87,50.89
IT-005748,ORD-02928,P0018,3,0.2,252.9,758.69,185.36
IT-005749,ORD-02928,P0023,1,0.2,400.03,400.03,47.16
IT-005750,ORD-02928,P0021,3,0.1,949.37,2848.12,357.88
IT-005751,ORD-02929,P0015,4,0.3,728.48,2913.93,447.85
IT-005752,ORD-02930,P0023,4,0.2,400.03,1600.13,188.65
IT-005753,ORD-02930,P0024,1,0.0,1045.55,1045.55,515.41
IT-005754,ORD-02931,P0008,1,0.15,381.65,381.65,18.77
IT-005755,ORD-02931,P0020,2,0.05,661.47,1322.93,605.61
IT-005756,ORD-02932,P0010,1,0.05,655.45,655.45,308.15
IT-005757,ORD-02933,P0005,1,0.15,223.06,223.06,28.02
IT-005758,ORD-02933,P0004,1,0.0,46.28,46.28,22.86
IT-005759,ORD-02933,P0025,5,0.1,217.35,1086.75,431.1
IT-005760,ORD-02934,P0023,1,0.2,400.03,400.03,47.16
IT-005761,ORD-02935,P0005,1,0.1,236.18,236.18,41.14
IT-005762,ORD-02936,P0006,1,0.05,894.94,894.94,337.29
IT-005763,ORD-02936,P0020,5,0.15,591.84,2959.19,1165.89
IT-005764,ORD-02937,P0024,1,0.3,731.88,731.88,201.74
IT-005765,ORD-02937,P0001,1,0.0,966.84,966.84,248.93
IT-005766,ORD-02938,P0019,1,0.0,1588.55,1588.55,715.77
IT-005767,ORD-02938,P0021,4,0.05,1002.12,4008.47,688.15
IT-005768,ORD-02938,P0011,3,0.05,74.59,223.78,84.07
IT-005769,ORD-02938,P0018,3,0.0,316.12,948.36,375.03
IT-005770,ORD-02939,P0001,4,0.05,918.5,3673.99,802.35
IT-005771,ORD-02939,P0006,1,0.0,942.04,942.04,384.39
IT-005772,ORD-02939,P0004,1,0.0,46.28,46.28,22.86
IT-005773,ORD-02940,P0016,2,0.0,242.3,484.6,164.28
IT-005774,ORD-02940,P0020,4,0.1,626.65,2506.61,1071.97
IT-005775,ORD-02941,P0009,2,0.2,604.29,1208.58,382.22
IT-005776,ORD-02942,P0009,1,0.0,755.36,755.36,342.18
IT-005777,ORD-02943,P0010,2,0.2,551.96,1103.92,409.32
IT-005778,ORD-02944,P0023,2,0.0,500.04,1000.08,294.34
IT-005779,ORD-02944,P0007,1,0.2,448.91,448.91,57.32
IT-005780,ORD-02945,P0003,1,0.0,107.87,107.87,50.89
IT-005781,ORD-02945,P0001,2,0.0,966.84,1933.68,497.86
IT-005782,ORD-02945,P0021,1,0.3,738.4,738.4,-91.68
IT-005783,ORD-02946,P0024,2,0.0,1045.55,2091.1,1030.82
IT-005784,ORD-02947,P0020,1,0.0,696.28,696.28,337.62
IT-005785,ORD-02948,P0012,4,0.1,444.75,1779.01,146.21
IT-005786,ORD-02948,P0001,2,0.0,966.84,1933.68,497.86
IT-005787,ORD-02949,P0012,2,0.0,494.17,988.34,171.94
IT-005788,ORD-02950,P0024,1,0.2,836.44,836.44,306.3
IT-005789,ORD-02950,P0001,1,0.0,966.84,966.84,248.93
IT-005790,ORD-02951,P0010,3,0.0,689.95,2069.85,1027.95
IT-005791,ORD-02951,P0009,4,0.15,642.06,2568.22,915.5
IT-005792,ORD-02952,P0025,1,0.1,217.35,217.35,86.22
IT-005793,ORD-02952,P0023,2,0.05,475.04,950.08,244.34
IT-005794,ORD-02953,P0019,2,0.0,1588.55,3177.1,1431.54
IT-005795,ORD-02954,P0008,1,0.0,449.0,449.0,86.12
IT-005796,ORD-02954,P0020,3,0.1,626.65,1879.96,803.98
IT-005797,ORD-02954,P0013,2,0.1,1444.72,2889.43,1150.95
IT-005798,ORD-02955,P0004,1,0.0,46.28,46.28,22.86
IT-005799,ORD-02956,P0007,2,0.0,561.14,1122.28,339.1
IT-005800,ORD-02956,P0004,2,0.1,41.65,83.3,36.46
IT-005801,ORD-02956,P0015,2,0.05,988.66,1977.31,744.27
IT-005802,ORD-02957,P0022,1,0.05,881.28,881.28,410.13
IT-005803,ORD-02958,P0012,2,0.0,494.17,988.34,171.94
IT-005804,ORD-02958,P0017,1,0.1,779.99,779.99,182.03
IT-005805,ORD-02958,P0010,1,0.15,586.46,586.46,239.16
IT-005806,ORD-02959,P0017,1,0.2,693.33,693.33,95.37
IT-005807,ORD-02959,P0002,4,0.1,755.39,3021.55,864.83
IT-005808,ORD-02960,P0004,2,0.2,37.02,74.05,27.21
IT-005809,ORD-02961,P0022,3,0.15,788.51,2365.53,952.08
IT-005810,ORD-02961,P0021,2,0.1,949.37,1898.75,238.59
IT-005811,ORD-02961,P0019,1,0.0,1588.55,1588.55,715.77
IT-005812,ORD-02962,P0008,4,0.05,426.55,1706.2,254.68
IT-005813,ORD-02962,P0021,1,0.1,949.37,949.37,119.29
IT-005814,ORD-02963,P0023,1,0.15,425.03,425.03,72.16
IT-005815,ORD-02964,P0025,4,0.0,241.5,966.0,441.48
IT-005816,ORD-02965,P0012,5,0.15,420.04,2100.22,59.22
IT-005817,ORD-02965,P0013,1,0.1,1444.72,1444.72,575.48
IT-005818,ORD-02966,P0006,1,0.0,942.04,942.04,384.39
IT-005819,ORD-02966,P0001,1,0.3,676.79,676.79,-41.12
IT-005820,ORD-02967,P0008,1,0.2,359.2,359.2,-3.68
IT-005821,ORD-02967,P0016,5,0.2,193.84,969.2,168.4
IT-005822,ORD-02968,P0008,1,0.15,381.65,381.65,18.77
IT-005823,ORD-02968,P0017,1,0.2,693.33,693.33,95.37
IT-005824,ORD-02969,P0010,2,0.0,689.95,1379.9,685.3
IT-005825,ORD-02969,P0004,2,0.0,46.28,92.56,45.72
IT-005826,ORD-02970,P0013,1,0.0,1605.24,1605.24,736.0
IT-005827,ORD-02970,P0024,2,0.0,1045.55,2091.1,1030.82
IT-005828,ORD-02970,P0014,3,0.05,25.37,76.12,18.25
IT-005829,ORD-02971,P0023,2,0.1,450.04,900.07,194.33
IT-005830,ORD-02971,P0006,4,0.15,800.73,3202.94,972.34
IT-005831,ORD-02972,P0006,1,0.3,659.43,659.43,101.78
IT-005832,ORD-02973,P0007,1,0.2,448.91,448.91,57.32
IT-005833,ORD-02973,P0025,1,0.15,205.28,205.28,74.15
IT-005834,ORD-02973,P0017,1,0.0,866.66,866.66,268.7
IT-005835,ORD-02974,P0012,1,0.1,444.75,444.75,36.55
IT-005836,ORD-02975,P0005,4,0.1,236.18,944.71,164.55
IT-005837,ORD-02976,P0002,1,0.2,671.46,671.46,132.28
IT-005838,ORD-02976,P0018,1,0.0,316.12,316.12,125.01
IT-005839,ORD-02977,P0019,1,0.0,1588.55,1588.55,715.77
IT-005840,ORD-02977,P0016,1,0.05,230.18,230.18,70.03
IT-005841,ORD-02978,P0004,2,0.0,46.28,92.56,45.72
IT-005842,ORD-02979,P0006,2,0.0,942.04,1884.08,768.78
IT-005843,ORD-02980,P0022,1,0.2,742.13,742.13,270.98
IT-005844,ORD-02980,P0011,1,0.05,74.59,74.59,28.02
IT-005845,ORD-02981,P0011,1,0.1,70.67,70.67,24.1
IT-005846,ORD-02981,P0018,5,0.15,268.7,1343.51,387.96
IT-005847,ORD-02981,P0025,1,0.0,241.5,241.5,110.37
IT-005848,ORD-02981,P0017,2,0.15,736.66,1473.32,277.4
IT-005849,ORD-02982,P0022,1,0.05,881.28,881.28,410.13
IT-005850,ORD-02982,P0004,3,0.0,46.28,138.84,68.58
IT-005851,ORD-02983,P0016,2,0.1,218.07,436.14,115.82
IT-005852,ORD-02983,P0019,3,0.2,1270.84,3812.52,1194.18
IT-005853,ORD-02984,P0008,1,0.0,449.0,449.0,86.12
IT-005854,ORD-02985,P0016,5,0.0,242.3,1211.5,410.7
IT-005855,ORD-02986,P0003,2,0.05,102.48,204.95,90.99
IT-005856,ORD-02987,P0010,1,0.0,689.95,689.95,342.65
IT-005857,ORD-02988,P0005,1,0.15,223.06,223.06,28.02
IT-005858,ORD-02988,P0015,4,0.15,884.59,3538.35,1072.27
IT-005859,ORD-02989,P0014,2,0.0,26.71,53.42,14.84
IT-005860,ORD-02990,P0010,3,0.2,551.96,1655.88,613.98
IT-005861,ORD-02991,P0003,3,0.15,91.69,275.07,104.13
IT-005862,ORD-02991,P0006,3,0.0,942.04,2826.12,1153.17
IT-005863,ORD-02992,P0014,1,0.05,25.37,25.37,6.08
IT-005864,ORD-02992,P0023,1,0.1,450.04,450.04,97.17
IT-005865,ORD-02992,P0003,4,0.1,97.08,388.33,160.41
IT-005866,ORD-02993,P0001,1,0.0,966.84,966.84,248.93
IT-005867,ORD-02993,P0002,1,0.05,797.35,797.35,258.17
IT-005868,ORD-02993,P0006,1,0.0,942.04,942.04,384.39
IT-005869,ORD-02993,P0008,1,0.0,449.0,449.0,86.12
IT-005870,ORD-02994,P0022,2,0.1,834.89,1669.79,727.49
IT-005871,ORD-02994,P0001,1,0.2,773.47,773.47,55.56
IT-005872,ORD-02995,P0016,4,0.1,218.07,872.28,231.64
IT-005873,ORD-02996,P0012,1,0.0,494.17,494.17,85.97
IT-005874,ORD-02996,P0024,1,0.05,993.27,993.27,463.13
IT-005875,ORD-02997,P0023,1,0.15,425.03,425.03,72.16
IT-005876,ORD-02998,P0020,1,0.15,591.84,591.84,233.18
IT-005877,ORD-02998,P0011,1,0.1,70.67,70.67,24.1
IT-005878,ORD-02999,P0019,2,0.1,1429.7,2859.39,1113.83
IT-005879,ORD-02999,P0018,2,0.2,252.9,505.79,123.57
IT-005880,ORD-02999,P0015,4,0.15,884.59,3538.35,1072.27
IT-005881,ORD-03000,P0017,1,0.0,866.66,866.66,268.7
IT-005882,ORD-03000,P0013,1,0.05,1524.98,1524.98,655.74
IT-005883,ORD-03001,P0002,1,0.1,755.39,755.39,216.21
IT-005884,ORD-03001,P0019,1,0.0,1588.55,1588.55,715.77
IT-005885,ORD-03001,P0007,3,0.1,505.03,1515.08,340.31
IT-005886,ORD-03001,P0010,1,0.1,620.96,620.96,273.66
IT-005887,ORD-03002,P0017,2,0.1,779.99,1559.99,364.07
IT-005888,ORD-03002,P0025,1,0.0,241.5,241.5,110.37
IT-005889,ORD-03003,P0013,1,0.15,1364.45,1364.45,495.21
IT-005890,ORD-03003,P0012,1,0.15,420.04,420.04,11.84
IT-005891,ORD-03004,P0011,4,0.1,70.67,282.67,96.39
IT-005892,ORD-03005,P0007,3,0.05,533.08,1599.25,424.48
IT-005893,ORD-03005,P0002,1,0.0,839.32,839.32,300.14
IT-005894,ORD-03005,P0023,1,0.0,500.04,500.04,147.17
IT-005895,ORD-03005,P0001,2,0.1,870.16,1740.31,304.49
IT-005896,ORD-03006,P0021,1,0.1,949.37,949.37,119.29
IT-005897,ORD-03007,P0015,1,0.2,832.55,832.55,216.03
IT-005898,ORD-03007,P0003,3,0.2,86.3,258.89,87.95
IT-005899,ORD-03007,P0002,1,0.3,587.52,587.52,48.34
IT-005900,ORD-03008,P0023,1,0.0,500.04,500.04,147.17
IT-005901,ORD-03009,P0010,5,0.15,586.46,2932.29,1195.79
IT-005902,ORD-03010,P0003,3,0.0,107.87,323.61,152.67
IT-005903,ORD-03010,P0004,4,0.2,37.02,148.1,54.42
IT-005904,ORD-03010,P0009,1,0.0,755.36,755.36,342.18
IT-005905,ORD-03011,P0002,1,0.0,839.32,839.32,300.14
IT-005906,ORD-03012,P0014,2,0.15,22.7,45.41,6.83
IT-005907,ORD-03012,P0019,4,0.0,1588.55,6354.2,2863.08
IT-005908,ORD-03012,P0009,1,0.15,642.06,642.06,228.88
IT-005909,ORD-03013,P0016,1,0.0,242.3,242.3,82.14
IT-005910,ORD-03014,P0010,1,0.05,655.45,655.45,308.15
IT-005911,ORD-03014,P0012,1,0.0,494.17,494.17,85.97
IT-005912,ORD-03014,P0020,1,0.3,487.4,487.4,128.74
IT-005913,ORD-03015,P0001,3,0.3,676.79,2030.36,-123.37
IT-005914,ORD-03015,P0024,2,0.0,1045.55,2091.1,1030.82
IT-005915,ORD-03016,P0007,2,0.2,448.91,897.82,114.64
IT-005916,ORD-03016,P0005,1,0.0,262.42,262.42,67.38
IT-005917,ORD-03017,P0022,1,0.0,927.66,927.66,456.51
IT-005918,ORD-03018,P0017,4,0.05,823.33,3293.31,901.47
IT-005919,ORD-03019,P0001,3,0.0,966.84,2900.52,746.79
IT-005920,ORD-03019,P0020,1,0.0,696.28,696.28,337.62
IT-005921,ORD-03019,P0010,2,0.0,689.95,1379.9,685.3
IT-005922,ORD-03020,P0001,2,0.0,966.84,1933.68,497.86
IT-005923,ORD-03021,P0003,2,0.05,102.48,204.95,90.99
IT-005924,ORD-03022,P0019,3,0.05,1509.12,4527.37,1909.03
IT-005925,ORD-03022,P0010,5,0.05,655.45,3277.26,1540.76
IT-005926,ORD-03023,P0013,2,0.0,1605.24,3210.48,1472.0
IT-005927,ORD-03023,P0014,1,0.0,26.71,26.71,7.42
IT-005928,ORD-03024,P0011,1,0.0,78.52,78.52,31.95
IT-005929,ORD-03025,P0010,2,0.0,689.95,1379.9,685.3
IT-005930,ORD-03026,P0009,3,0.0,755.36,2266.08,1026.54
IT-005931,ORD-03027,P0011,2,0.1,70.67,141.34,48.2
IT-005932,ORD-03027,P0020,2,0.1,626.65,1253.3,535.98
IT-005933,ORD-03027,P0010,2,0.3,482.96,965.93,271.33
IT-005934,ORD-03028,P0007,1,0.0,561.14,561.14,169.55
IT-005935,ORD-03029,P0024,1,0.2,836.44,836.44,306.3
IT-005936,ORD-03029,P0005,3,0.0,262.42,787.26,202.14
IT-005937,ORD-03029,P0022,1,0.1,834.89,834.89,363.74
IT-005938,ORD-03029,P0001,1,0.3,676.79,676.79,-41.12
IT-005939,ORD-03030,P0025,1,0.1,217.35,217.35,86.22
IT-005940,ORD-03031,P0020,1,0.0,696.28,696.28,337.62
IT-005941,ORD-03032,P0013,3,0.05,1524.98,4574.93,1967.21
IT-005942,ORD-03032,P0014,1,0.05,25.37,25.37,6.08
IT-005943,ORD-03033,P0021,4,0.1,949.37,3797.5,477.18
IT-005944,ORD-03034,P0016,2,0.15,205.96,411.91,91.59
IT-005945,ORD-03034,P0007,3,0.0,561.14,1683.42,508.65
IT-005946,ORD-03035,P0001,1,0.15,821.81,821.81,103.9
IT-005947,ORD-03035,P0018,3,0.0,316.12,948.36,375.03
IT-005948,ORD-03035,P0015,1,0.1,936.62,936.62,320.1
IT-005949,ORD-03036,P0006,1,0.1,847.84,847.84,290.19
IT-005950,ORD-03037,P0010,2,0.0,689.95,1379.9,685.3
IT-005951,ORD-03037,P0013,4,0.0,1605.24,6420.96,2944.0
IT-005952,ORD-03037,P0021,2,0.1,949.37,1898.75,238.59
IT-005953,ORD-03038,P0003,2,0.05,102.48,204.95,90.99
IT-005954,ORD-03039,P0020,3,0.0,696.28,2088.84,1012.86
IT-005955,ORD-03040,P0022,2,0.05,881.28,1762.55,820.25
IT-005956,ORD-03041,P0022,1,0.0,927.66,927.66,456.51
IT-005957,ORD-03041,P0015,2,0.05,988.66,1977.31,744.27
IT-005958,ORD-03041,P0008,1,0.2,359.2,359.2,-3.68
IT-005959,ORD-03042,P0016,1,0.0,242.3,242.3,82.14
IT-005960,ORD-03043,P0016,1,0.05,230.18,230.18,70.03
IT-005961,ORD-03043,P0025,5,0.15,205.28,1026.38,370.72
IT-005962,ORD-03043,P0017,3,0.05,823.33,2469.98,676.1
IT-005963,ORD-03044,P0002,4,0.15,713.42,2853.69,696.97
IT-005964,ORD-03044,P0020,3,0.1,626.65,1879.96,803.98
IT-005965,ORD-03045,P0012,1,0.0,494.17,494.17,85.97
IT-005966,ORD-03046,P0025,2,0.1,217.35,434.7,172.44
IT-005967,ORD-03046,P0011,1,0.0,78.52,78.52,31.95
IT-005968,ORD-03047,P0003,1,0.0,107.87,107.87,50.89
IT-005969,ORD-03047,P0009,1,0.05,717.59,717.59,304.41
IT-005970,ORD-03047,P0010,3,0.05,655.45,1966.36,924.46
IT-005971,ORD-03048,P0018,4,0.1,284.51,1138.03,373.59
IT-005972,ORD-03048,P0017,1,0.15,736.66,736.66,138.7
IT-005973,ORD-03049,P0022,1,0.0,927.66,927.66,456.51
IT-005974,ORD-03049,P0002,1,0.1,755.39,755.39,216.21
IT-005975,ORD-03050,P0023,1,0.05,475.04,475.04,122.17
IT-005976,ORD-03050,P0001,1,0.2,773.47,773.47,55.56
IT-005977,ORD-03050,P0024,1,0.1,941.0,941.0,410.86
IT-005978,ORD-03051,P0003,1,0.1,97.08,97.08,40.1
IT-005979,ORD-03052,P0015,1,0.1,936.62,936.62,320.1
IT-005980,ORD-03052,P0007,2,0.0,561.14,1122.28,339.1
IT-005981,ORD-03052,P0014,2,0.0,26.71,53.42,14.84
IT-005982,ORD-03053,P0008,4,0.0,449.0,1796.0,344.48
IT-005983,ORD-03053,P0019,2,0.0,1588.55,3177.1,1431.54
IT-005984,ORD-03053,P0016,3,0.1,218.07,654.21,173.73
IT-005985,ORD-03054,P0010,1,0.0,689.95,689.95,342.65
IT-005986,ORD-03054,P0001,1,0.15,821.81,821.81,103.9
IT-005987,ORD-03055,P0008,2,0.05,426.55,853.1,127.34
IT-005988,ORD-03055,P0023,2,0.05,475.04,950.08,244.34
IT-005989,ORD-03055,P0015,2,0.0,1040.69,2081.38,848.34
IT-005990,ORD-03056,P0008,1,0.05,426.55,426.55,63.67
IT-005991,ORD-03056,P0010,1,0.1,620.96,620.96,273.66
IT-005992,ORD-03057,P0001,3,0.0,966.84,2900.52,746.79
IT-005993,ORD-03057,P0004,1,0.1,41.65,41.65,18.23
IT-005994,ORD-03058,P0025,1,0.0,241.5,241.5,110.37
IT-005995,ORD-03058,P0005,4,0.15,223.06,892.23,112.07
IT-005996,ORD-03059,P0009,5,0.0,755.36,3776.8,1710.9
IT-005997,ORD-03060,P0006,2,0.15,800.73,1601.47,486.17
IT-005998,ORD-03060,P0003,1,0.0,107.87,107.87,50.89
IT-005999,ORD-03061,P0014,2,0.3,18.7,37.39,-1.19
IT-006000,ORD-03062,P0016,1,0.0,242.3,242.3,82.14
IT-006001,ORD-03062,P0023,1,0.1,450.04,450.04,97.17
IT-006002,ORD-03063,P0013,5,0.0,1605.24,8026.2,3680.0
IT-006003,ORD-03064,P0014,3,0.0,26.71,80.13,22.26
IT-006004,ORD-03065,P0007,3,0.0,561.14,1683.42,508.65
IT-006005,ORD-03066,P0003,3,0.0,107.87,323.61,152.67
IT-006006,ORD-03066,P0020,2,0.0,696.28,1392.56,675.24
IT-006007,ORD-03066,P0011,1,0.1,70.67,70.67,24.1
IT-006008,ORD-03067,P0009,2,0.0,755.36,1510.72,684.36
IT-006009,ORD-03068,P0012,1,0.0,494.17,494.17,85.97
IT-006010,ORD-03068,P0014,1,0.0,26.71,26.71,7.42
IT-006011,ORD-03069,P0010,1,0.15,586.46,586.46,239.16
IT-006012,ORD-03070,P0017,2,0.15,736.66,1473.32,277.4
IT-006013,ORD-03070,P0002,1,0.1,755.39,755.39,216.21
IT-006014,ORD-03071,P0007,1,0.05,533.08,533.08,141.49
IT-006015,ORD-03072,P0013,2,0.0,1605.24,3210.48,1472.0
IT-006016,ORD-03073,P0013,3,0.05,1524.98,4574.93,1967.21
IT-006017,ORD-03073,P0020,1,0.0,696.28,696.28,337.62
IT-006018,ORD-03074,P0018,5,0.15,268.7,1343.51,387.96
IT-006019,ORD-03074,P0016,2,0.0,242.3,484.6,164.28
IT-006020,ORD-03075,P0017,1,0.2,693.33,693.33,95.37
IT-006021,ORD-03076,P0018,2,0.0,316.12,632.24,250.02
IT-006022,ORD-03076,P0005,1,0.05,249.3,249.3,54.26
IT-006023,ORD-03077,P0017,1,0.15,736.66,736.66,138.7
IT-006024,ORD-03077,P0003,1,0.0,107.87,107.87,50.89
IT-006025,ORD-03077,P0025,5,0.3,169.05,845.25,189.6
IT-006026,ORD-03078,P0011,2,0.0,78.52,157.04,63.9
IT-006027,ORD-03079,P0013,1,0.2,1284.19,1284.19,414.95
IT-006028,ORD-03080,P0004,1,0.0,46.28,46.28,22.86
IT-006029,ORD-03080,P0007,3,0.15,476.97,1430.91,256.14
IT-006030,ORD-03081,P0015,1,0.0,1040.69,1040.69,424.17
IT-006031,ORD-03082,P0025,1,0.0,241.5,241.5,110.37
IT-006032,ORD-03082,P0011,1,0.0,78.52,78.52,31.95
IT-006033,ORD-03082,P0012,3,0.0,494.17,1482.51,257.91
IT-006034,ORD-03082,P0024,3,0.0,1045.55,3136.65,1546.23
IT-006035,ORD-03083,P0022,1,0.0,927.66,927.66,456.51
IT-006036,ORD-03083,P0007,3,0.0,561.14,1683.42,508.65
IT-006037,ORD-03084,P0014,5,0.0,26.71,133.55,37.1
IT-006038,ORD-03084,P0015,3,0.2,832.55,2497.66,648.1
IT-006039,ORD-03085,P0010,1,0.2,551.96,551.96,204.66
IT-006040,ORD-03085,P0018,4,0.2,252.9,1011.58,247.14
IT-006041,ORD-03086,P0002,1,0.15,713.42,713.42,174.24
IT-006042,ORD-03086,P0008,1,0.0,449.0,449.0,86.12
IT-006043,ORD-03087,P0009,3,0.1,679.82,2039.47,799.93
IT-006044,ORD-03088,P0006,2,0.1,847.84,1695.67,580.37
IT-006045,ORD-03088,P0021,1,0.0,1054.86,1054.86,224.78
IT-006046,ORD-03088,P0013,3,0.0,1605.24,4815.72,2208.0
IT-006047,ORD-03088,P0018,1,0.1,284.51,284.51,93.4
IT-006048,ORD-03089,P0023,1,0.2,400.03,400.03,47.16
IT-006049,ORD-03089,P0014,1,0.0,26.71,26.71,7.42
IT-006050,ORD-03090,P0004,2,0.2,37.02,74.05,27.21
IT-006051,ORD-03091,P0022,2,0.2,742.13,1484.26,541.96
IT-006052,ORD-03091,P0024,1,0.1,941.0,941.0,410.86
IT-006053,ORD-03092,P0020,2,0.0,696.28,1392.56,675.24
IT-006054,ORD-03093,P0023,2,0.0,500.04,1000.08,294.34
IT-006055,ORD-03094,P0015,1,0.0,1040.69,1040.69,424.17
IT-006056,ORD-03094,P0010,3,0.1,620.96,1862.87,820.97
IT-006057,ORD-03095,P0009,1,0.0,755.36,755.36,342.18
IT-006058,ORD-03095,P0024,1,0.1,941.0,941.0,410.86
IT-006059,ORD-03096,P0002,1,0.2,671.46,671.46,132.28
IT-006060,ORD-03096,P0024,1,0.15,888.72,888.72,358.58
IT-006061,ORD-03097,P0006,1,0.0,942.04,942.04,384.39
IT-006062,ORD-03098,P0012,1,0.0,494.17,494.17,85.97
IT-006063,ORD-03098,P0004,2,0.3,32.4,64.79,17.95
IT-006064,ORD-03099,P0012,1,0.05,469.46,469.46,61.26
IT-006065,ORD-03100,P0018,1,0.0,316.12,316.12,125.01
IT-006066,ORD-03100,P0022,1,0.15,788.51,788.51,317.36
IT-006067,ORD-03101,P0005,3,0.0,262.42,787.26,202.14
IT-006068,ORD-03101,P0017,1,0.1,779.99,779.99,182.03
IT-006069,ORD-03102,P0007,2,0.2,448.91,897.82,114.64
IT-006070,ORD-03102,P0019,2,0.2,1270.84,2541.68,796.12
IT-006071,ORD-03103,P0003,1,0.1,97.08,97.08,40.1
IT-006072,ORD-03103,P0004,1,0.1,41.65,41.65,18.23
IT-006073,ORD-03103,P0001,4,0.15,821.81,3287.26,415.62
IT-006074,ORD-03104,P0010,1,0.2,551.96,551.96,204.66
IT-006075,ORD-03104,P0007,2,0.0,561.14,1122.28,339.1
IT-006076,ORD-03104,P0015,2,0.0,1040.69,2081.38,848.34
IT-006077,ORD-03105,P0024,1,0.0,1045.55,1045.55,515.41
IT-006078,ORD-03105,P0006,3,0.1,847.84,2543.51,870.56
IT-006079,ORD-03105,P0007,2,0.0,561.14,1122.28,339.1
IT-006080,ORD-03105,P0023,2,0.0,500.04,1000.08,294.34
IT-006081,ORD-03106,P0021,1,0.0,1054.86,1054.86,224.78
IT-006082,ORD-03106,P0025,1,0.15,205.28,205.28,74.15
IT-006083,ORD-03106,P0003,1,0.0,107.87,107.87,50.89
IT-006084,ORD-03106,P0001,1,0.0,966.84,966.84,248.93
IT-006085,ORD-03107,P0024,1,0.0,1045.55,1045.55,515.41
IT-006086,ORD-03107,P0021,2,0.1,949.37,1898.75,238.59
IT-006087,ORD-03107,P0025,2,0.05,229.42,458.85,196.59
IT-006088,ORD-03108,P0010,1,0.0,689.95,689.95,342.65
IT-006089,ORD-03108,P0009,1,0.3,528.75,528.75,115.57
IT-006090,ORD-03108,P0006,1,0.0,942.04,942.04,384.39
IT-006091,ORD-03108,P0004,2,0.0,46.28,92.56,45.72
IT-006092,ORD-03109,P0013,1,0.0,1605.24,1605.24,736.0
IT-006093,ORD-03109,P0024,1,0.0,1045.55,1045.55,515.41
IT-006094,ORD-03109,P0016,1,0.05,230.18,230.18,70.03
IT-006095,ORD-03110,P0003,1,0.0,107.87,107.87,50.89
IT-006096,ORD-03110,P0020,2,0.0,696.28,1392.56,675.24
IT-006097,ORD-03111,P0002,3,0.1,755.39,2266.16,648.62
IT-006098,ORD-03112,P0016,1,0.2,193.84,193.84,33.68
IT-006099,ORD-03113,P0012,1,0.3,345.92,345.92,-62.28
IT-006100,ORD-03113,P0015,1,0.1,936.62,936.62,320.1
IT-006101,ORD-03113,P0011,1,0.0,78.52,78.52,31.95
IT-006102,ORD-03114,P0013,2,0.3,1123.67,2247.34,508.86
IT-006103,ORD-03114,P0021,1,0.0,1054.86,1054.86,224.78
IT-006104,ORD-03115,P0004,1,0.0,46.28,46.28,22.86
IT-006105,ORD-03115,P0002,1,0.0,839.32,839.32,300.14
IT-006106,ORD-03115,P0020,2,0.0,696.28,1392.56,675.24
IT-006107,ORD-03116,P0013,3,0.05,1524.98,4574.93,1967.21
IT-006108,ORD-03117,P0021,1,0.15,896.63,896.63,66.55
IT-006109,ORD-03118,P0003,1,0.0,107.87,107.87,50.89
IT-006110,ORD-03118,P0011,3,0.2,62.82,188.45,48.74
IT-006111,ORD-03119,P0014,1,0.0,26.71,26.71,7.42
IT-006112,ORD-03119,P0008,2,0.1,404.1,808.2,82.44
IT-006113,ORD-03119,P0003,1,0.0,107.87,107.87,50.89
IT-006114,ORD-03120,P0010,3,0.15,586.46,1759.37,717.47
IT-006115,ORD-03121,P0017,1,0.0,866.66,866.66,268.7
IT-006116,ORD-03121,P0002,1,0.05,797.35,797.35,258.17
IT-006117,ORD-03121,P0005,2,0.0,262.42,524.84,134.76
IT-006118,ORD-03122,P0012,2,0.0,494.17,988.34,171.94
IT-006119,ORD-03122,P0007,2,0.0,561.14,1122.28,339.1
IT-006120,ORD-03122,P0013,5,0.1,1444.72,7223.58,2877.38
IT-006121,ORD-03123,P0014,1,0.0,26.71,26.71,7.42
IT-006122,ORD-03124,P0002,3,0.0,839.32,2517.96,900.42
IT-006123,ORD-03125,P0016,1,0.05,230.18,230.18,70.03
IT-006124,ORD-03126,P0009,1,0.05,717.59,717.59,304.41
IT-006125,ORD-03127,P0022,3,0.05,881.28,2643.83,1230.38
IT-006126,ORD-03127,P0012,2,0.1,444.75,889.51,73.11
IT-006127,ORD-03128,P0005,1,0.0,262.42,262.42,67.38
IT-006128,ORD-03129,P0023,1,0.2,400.03,400.03,47.16
IT-006129,ORD-03130,P0015,1,0.0,1040.69,1040.69,424.17
IT-006130,ORD-03130,P0023,1,0.0,500.04,500.04,147.17
IT-006131,ORD-03130,P0014,1,0.05,25.37,25.37,6.08
IT-006132,ORD-03131,P0020,1,0.1,626.65,626.65,267.99
IT-006133,ORD-03131,P0005,1,0.0,262.42,262.42,67.38
IT-006134,ORD-03132,P0017,1,0.3,606.66,606.66,8.7
IT-006135,ORD-03132,P0002,1,0.2,671.46,671.46,132.28
IT-006136,ORD-03133,P0013,3,0.1,1444.72,4334.15,1726.43
IT-006137,ORD-03134,P0012,4,0.3,345.92,1383.68,-249.12
IT-006138,ORD-03134,P0020,1,0.0,696.28,696.28,337.62
IT-006139,ORD-03134,P0008,2,0.15,381.65,763.3,37.54
IT-006140,ORD-03135,P0016,1,0.1,218.07,218.07,57.91
IT-006141,ORD-03135,P0010,4,0.1,620.96,2483.82,1094.62
IT-006142,ORD-03135,P0024,2,0.1,941.0,1881.99,821.71
IT-006143,ORD-03136,P0022,2,0.15,788.51,1577.02,634.72
IT-006144,ORD-03136,P0016,1,0.2,193.84,193.84,33.68
IT-006145,ORD-03137,P0023,1,0.0,500.04,500.04,147.17
IT-006146,ORD-03137,P0017,2,0.0,866.66,1733.32,537.4
IT-006147,ORD-03137,P0008,2,0.0,449.0,898.0,172.24
IT-006148,ORD-03138,P0018,1,0.1,284.51,284.51,93.4
IT-006149,ORD-03138,P0008,1,0.0,449.0,449.0,86.12
IT-006150,ORD-03138,P0022,2,0.0,927.66,1855.32,913.02
IT-006151,ORD-03139,P0003,3,0.0,107.87,323.61,152.67
IT-006152,ORD-03139,P0012,1,0.05,469.46,469.46,61.26
IT-006153,ORD-03140,P0019,1,0.15,1350.27,1350.27,477.49
IT-006154,ORD-03140,P0012,3,0.0,494.17,1482.51,257.91
IT-006155,ORD-03141,P0020,1,0.1,626.65,626.65,267.99
IT-006156,ORD-03142,P0012,3,0.0,494.17,1482.51,257.91
IT-006157,ORD-03143,P0003,1,0.1,97.08,97.08,40.1
IT-006158,ORD-03144,P0019,1,0.15,1350.27,1350.27,477.49
IT-006159,ORD-03145,P0023,1,0.1,450.04,450.04,97.17
IT-006160,ORD-03146,P0025,3,0.0,241.5,724.5,331.11
IT-006161,ORD-03146,P0016,2,0.0,242.3,484.6,164.28
IT-006162,ORD-03146,P0005,1,0.3,183.69,183.69,-11.35
IT-006163,ORD-03147,P0020,1,0.1,626.65,626.65,267.99
IT-006164,ORD-03148,P0004,2,0.0,46.28,92.56,45.72
IT-006165,ORD-03148,P0009,2,0.0,755.36,1510.72,684.36
IT-006166,ORD-03148,P0001,2,0.05,918.5,1837.0,401.18
IT-006167,ORD-03148,P0005,1,0.05,249.3,249.3,54.26
IT-006168,ORD-03149,P0007,3,0.1,505.03,1515.08,340.31
IT-006169,ORD-03149,P0010,2,0.0,689.95,1379.9,685.3
IT-006170,ORD-03150,P0021,3,0.0,1054.86,3164.58,674.34
IT-006171,ORD-03151,P0005,1,0.15,223.06,223.06,28.02
IT-006172,ORD-03151,P0020,3,0.05,661.47,1984.4,908.42
IT-006173,ORD-03152,P0018,1,0.3,221.28,221.28,30.17
IT-006174,ORD-03153,P0001,3,0.0,966.84,2900.52,746.79
IT-006175,ORD-03153,P0010,1,0.1,620.96,620.96,273.66
IT-006176,ORD-03153,P0024,2,0.0,1045.55,2091.1,1030.82
IT-006177,ORD-03153,P0009,2,0.1,679.82,1359.65,533.29
IT-006178,ORD-03154,P0003,1,0.1,97.08,97.08,40.1
IT-006179,ORD-03154,P0009,1,0.1,679.82,679.82,266.64
IT-006180,ORD-03154,P0006,1,0.1,847.84,847.84,290.19
IT-006181,ORD-03155,P0002,1,0.05,797.35,797.35,258.17
IT-006182,ORD-03156,P0017,3,0.0,866.66,2599.98,806.1
IT-006183,ORD-03156,P0006,1,0.0,942.04,942.04,384.39
IT-006184,ORD-03156,P0008,1,0.0,449.0,449.0,86.12
IT-006185,ORD-03156,P0024,2,0.3,731.88,1463.77,403.49
IT-006186,ORD-03157,P0010,1,0.05,655.45,655.45,308.15
IT-006187,ORD-03157,P0004,1,0.05,43.97,43.97,20.55
IT-006188,ORD-03158,P0005,3,0.1,236.18,708.53,123.41
IT-006189,ORD-03159,P0011,3,0.0,78.52,235.56,95.85
IT-006190,ORD-03159,P0017,2,0.0,866.66,1733.32,537.4
IT-006191,ORD-03160,P0002,3,0.15,713.42,2140.27,522.73
IT-006192,ORD-03160,P0001,2,0.05,918.5,1837.0,401.18
IT-006193,ORD-03161,P0008,1,0.2,359.2,359.2,-3.68
IT-006194,ORD-03162,P0016,1,0.0,242.3,242.3,82.14
IT-006195,ORD-03162,P0018,1,0.15,268.7,268.7,77.59
IT-006196,ORD-03162,P0022,3,0.05,881.28,2643.83,1230.38
IT-006197,ORD-03163,P0001,1,0.2,773.47,773.47,55.56
IT-006198,ORD-03164,P0011,2,0.05,74.59,149.19,56.05
IT-006199,ORD-03164,P0003,2,0.2,86.3,172.59,58.63
IT-006200,ORD-03165,P0024,3,0.2,836.44,2509.32,918.9
IT-006201,ORD-03166,P0014,5,0.05,25.37,126.87,30.42
IT-006202,ORD-03166,P0020,1,0.1,626.65,626.65,267.99
IT-006203,ORD-03166,P0010,1,0.0,689.95,689.95,342.65
IT-006204,ORD-03166,P0011,1,0.1,70.67,70.67,24.1
IT-006205,ORD-03167,P0007,2,0.0,561.14,1122.28,339.1
IT-006206,ORD-03167,P0004,1,0.0,46.28,46.28,22.86
IT-006207,ORD-03167,P0010,1,0.0,689.95,689.95,342.65
IT-006208,ORD-03168,P0004,3,0.0,46.28,138.84,68.58
IT-006209,ORD-03169,P0001,1,0.0,966.84,966.84,248.93
IT-006210,ORD-03170,P0001,2,0.3,676.79,1353.58,-82.24
IT-006211,ORD-03171,P0001,2,0.05,918.5,1837.0,401.18
IT-006212,ORD-03171,P0018,1,0.05,300.31,300.31,109.2
IT-006213,ORD-03171,P0025,1,0.0,241.5,241.5,110.37
IT-006214,ORD-03172,P0020,1,0.15,591.84,591.84,233.18
IT-006215,ORD-03173,P0020,1,0.0,696.28,696.28,337.62
IT-006216,ORD-03173,P0010,1,0.0,689.95,689.95,342.65
IT-006217,ORD-03173,P0001,2,0.0,966.84,1933.68,497.86
IT-006218,ORD-03174,P0005,5,0.0,262.42,1312.1,336.9
IT-006219,ORD-03174,P0019,3,0.0,1588.55,4765.65,2147.31
IT-006220,ORD-03174,P0010,3,0.05,655.45,1966.36,924.46
IT-006221,ORD-03174,P0001,2,0.0,966.84,1933.68,497.86
IT-006222,ORD-03175,P0005,3,0.05,249.3,747.9,162.78
IT-006223,ORD-03175,P0016,3,0.2,193.84,581.52,101.04
IT-006224,ORD-03176,P0014,1,0.0,26.71,26.71,7.42
IT-006225,ORD-03177,P0021,3,0.1,949.37,2848.12,357.88
IT-006226,ORD-03178,P0002,4,0.0,839.32,3357.28,1200.56
IT-006227,ORD-03178,P0017,2,0.0,866.66,1733.32,537.4
IT-006228,ORD-03179,P0008,3,0.0,449.0,1347.0,258.36
IT-006229,ORD-03179,P0005,2,0.1,236.18,472.36,82.28
IT-006230,ORD-03180,P0008,1,0.1,404.1,404.1,41.22
IT-006231,ORD-03180,P0007,1,0.1,505.03,505.03,113.44
IT-006232,ORD-03181,P0013,4,0.3,1123.67,4494.67,1017.71
IT-006233,ORD-03181,P0022,1,0.1,834.89,834.89,363.74
IT-006234,ORD-03182,P0016,1,0.1,218.07,218.07,57.91
IT-006235,ORD-03183,P0012,1,0.05,469.46,469.46,61.26
IT-006236,ORD-03183,P0015,2,0.0,1040.69,2081.38,848.34
IT-006237,ORD-03183,P0021,1,0.0,1054.86,1054.86,224.78
IT-006238,ORD-03184,P0019,3,0.05,1509.12,4527.37,1909.03
IT-006239,ORD-03185,P0006,1,0.3,659.43,659.43,101.78
IT-006240,ORD-03185,P0022,3,0.05,881.28,2643.83,1230.38
IT-006241,ORD-03186,P0023,1,0.2,400.03,400.03,47.16
IT-006242,ORD-03186,P0011,2,0.0,78.52,157.04,63.9
IT-006243,ORD-03186,P0019,1,0.05,1509.12,1509.12,636.34
IT-006244,ORD-03187,P0020,2,0.15,591.84,1183.68,466.36
IT-006245,ORD-03188,P0022,1,0.0,927.66,927.66,456.51
IT-006246,ORD-03188,P0006,1,0.0,942.04,942.04,384.39
IT-006247,ORD-03189,P0009,5,0.1,679.82,3399.12,1333.22
IT-006248,ORD-03189,P0017,2,0.2,693.33,1386.66,190.74
IT-006249,ORD-03189,P0006,5,0.3,659.43,3297.14,508.89
IT-006250,ORD-03190,P0017,3,0.3,606.66,1819.99,26.11
IT-006251,ORD-03190,P0024,4,0.1,941.0,3763.98,1643.42
IT-006252,ORD-03191,P0014,2,0.0,26.71,53.42,14.84
IT-006253,ORD-03192,P0020,1,0.15,591.84,591.84,233.18
IT-006254,ORD-03193,P0010,4,0.0,689.95,2759.8,1370.6
IT-006255,ORD-03194,P0004,2,0.0,46.28,92.56,45.72
IT-006256,ORD-03195,P0006,4,0.0,942.04,3768.16,1537.56
IT-006257,ORD-03195,P0004,1,0.05,43.97,43.97,20.55
IT-006258,ORD-03195,P0021,1,0.05,1002.12,1002.12,172.04
IT-006259,ORD-03195,P0010,1,0.1,620.96,620.96,273.66
IT-006260,ORD-03196,P0010,1,0.0,689.95,689.95,342.65
IT-006261,ORD-03196,P0011,3,0.1,70.67,212.0,72.29
IT-006262,ORD-03197,P0003,2,0.0,107.87,215.74,101.78
IT-006263,ORD-03198,P0003,1,0.05,102.48,102.48,45.5
IT-006264,ORD-03198,P0020,2,0.2,557.02,1114.05,396.73
IT-006265,ORD-03198,P0008,3,0.0,449.0,1347.0,258.36
IT-006266,ORD-03198,P0007,1,0.2,448.91,448.91,57.32
IT-006267,ORD-03199,P0002,1,0.0,839.32,839.32,300.14
IT-006268,ORD-03199,P0004,1,0.15,39.34,39.34,15.92
IT-006269,ORD-03200,P0015,1,0.2,832.55,832.55,216.03
IT-006270,ORD-03201,P0001,1,0.2,773.47,773.47,55.56
IT-006271,ORD-03202,P0018,4,0.0,316.12,1264.48,500.04
IT-006272,ORD-03203,P0010,1,0.2,551.96,551.96,204.66
IT-006273,ORD-03203,P0013,4,0.0,1605.24,6420.96,2944.0
IT-006274,ORD-03203,P0007,1,0.0,561.14,561.14,169.55
IT-006275,ORD-03203,P0017,1,0.3,606.66,606.66,8.7
IT-006276,ORD-03204,P0010,1,0.1,620.96,620.96,273.66
IT-006277,ORD-03204,P0018,2,0.0,316.12,632.24,250.02
IT-006278,ORD-03205,P0003,1,0.05,102.48,102.48,45.5
IT-006279,ORD-03205,P0007,5,0.05,533.08,2665.42,707.46
IT-006280,ORD-03205,P0015,2,0.0,1040.69,2081.38,848.34
IT-006281,ORD-03206,P0002,1,0.0,839.32,839.32,300.14
IT-006282,ORD-03207,P0020,1,0.0,696.28,696.28,337.62
IT-006283,ORD-03207,P0011,1,0.0,78.52,78.52,31.95
IT-006284,ORD-03207,P0023,1,0.0,500.04,500.04,147.17
IT-006285,ORD-03208,P0010,2,0.0,689.95,1379.9,685.3
IT-006286,ORD-03209,P0005,1,0.05,249.3,249.3,54.26
IT-006287,ORD-03209,P0018,1,0.0,316.12,316.12,125.01
IT-006288,ORD-03209,P0003,1,0.0,107.87,107.87,50.89
IT-006289,ORD-03209,P0019,1,0.1,1429.7,1429.7,556.92
IT-006290,ORD-03210,P0007,1,0.0,561.14,561.14,169.55
IT-006291,ORD-03210,P0022,2,0.1,834.89,1669.79,727.49
IT-006292,ORD-03210,P0010,1,0.15,586.46,586.46,239.16
IT-006293,ORD-03211,P0010,4,0.0,689.95,2759.8,1370.6
IT-006294,ORD-03212,P0023,1,0.05,475.04,475.04,122.17
IT-006295,ORD-03212,P0010,1,0.1,620.96,620.96,273.66
IT-006296,ORD-03212,P0015,1,0.0,1040.69,1040.69,424.17
IT-006297,ORD-03213,P0012,2,0.05,469.46,938.92,122.52
IT-006298,ORD-03213,P0024,1,0.0,1045.55,1045.55,515.41
IT-006299,ORD-03213,P0001,1,0.0,966.84,966.84,248.93
IT-006300,ORD-03214,P0021,1,0.0,1054.86,1054.86,224.78
IT-006301,ORD-03214,P0012,1,0.05,469.46,469.46,61.26
IT-006302,ORD-03214,P0006,1,0.0,942.04,942.04,384.39
IT-006303,ORD-03215,P0020,4,0.0,696.28,2785.12,1350.48
IT-006304,ORD-03216,P0025,1,0.2,193.2,193.2,62.07
IT-006305,ORD-03216,P0004,1,0.15,39.34,39.34,15.92
IT-006306,ORD-03217,P0018,2,0.15,268.7,537.4,155.18
IT-006307,ORD-03217,P0006,2,0.0,942.04,1884.08,768.78
IT-006308,ORD-03217,P0025,1,0.15,205.28,205.28,74.15
IT-006309,ORD-03218,P0025,3,0.0,241.5,724.5,331.11
IT-006310,ORD-03218,P0008,3,0.1,404.1,1212.3,123.66
IT-006311,ORD-03218,P0006,2,0.0,942.04,1884.08,768.78
IT-006312,ORD-03219,P0024,1,0.15,888.72,888.72,358.58
IT-006313,ORD-03220,P0007,2,0.3,392.8,785.6,2.42
IT-006314,ORD-03220,P0012,3,0.0,494.17,1482.51,257.91
IT-006315,ORD-03220,P0003,1,0.05,102.48,102.48,45.5
IT-006316,ORD-03221,P0019,4,0.0,1588.55,6354.2,2863.08
IT-006317,ORD-03222,P0023,1,0.05,475.04,475.04,122.17
IT-006318,ORD-03222,P0021,1,0.1,949.37,949.37,119.29
IT-006319,ORD-03222,P0013,1,0.0,1605.24,1605.24,736.0
IT-006320,ORD-03223,P0021,1,0.0,1054.86,1054.86,224.78
IT-006321,ORD-03224,P0024,1,0.0,1045.55,1045.55,515.41
IT-006322,ORD-03225,P0011,1,0.0,78.52,78.52,31.95
IT-006323,ORD-03225,P0025,1,0.0,241.5,241.5,110.37
IT-006324,ORD-03226,P0004,3,0.0,46.28,138.84,68.58
IT-006325,ORD-03226,P0001,1,0.0,966.84,966.84,248.93
IT-006326,ORD-03227,P0004,5,0.2,37.02,185.12,68.02
IT-006327,ORD-03227,P0019,2,0.15,1350.27,2700.54,954.97
IT-006328,ORD-03228,P0020,2,0.15,591.84,1183.68,466.36
IT-006329,ORD-03228,P0002,2,0.0,839.32,1678.64,600.28
IT-006330,ORD-03229,P0002,1,0.3,587.52,587.52,48.34
IT-006331,ORD-03230,P0017,1,0.1,779.99,779.99,182.03
IT-006332,ORD-03231,P0022,2,0.05,881.28,1762.55,820.25
IT-006333,ORD-03231,P0013,3,0.05,1524.98,4574.93,1967.21
IT-006334,ORD-03231,P0015,1,0.05,988.66,988.66,372.14
IT-006335,ORD-03232,P0018,1,0.0,316.12,316.12,125.01
IT-006336,ORD-03233,P0002,5,0.0,839.32,4196.6,1500.7
IT-006337,ORD-03233,P0001,1,0.15,821.81,821.81,103.9
IT-006338,ORD-03234,P0021,1,0.1,949.37,949.37,119.29
IT-006339,ORD-03234,P0003,1,0.0,107.87,107.87,50.89
IT-006340,ORD-03235,P0013,2,0.05,1524.98,3049.96,1311.48
IT-006341,ORD-03235,P0006,3,0.0,942.04,2826.12,1153.17
IT-006342,ORD-03235,P0022,5,0.0,927.66,4638.3,2282.55
IT-006343,ORD-03236,P0012,1,0.0,494.17,494.17,85.97
IT-006344,ORD-03236,P0004,3,0.0,46.28,138.84,68.58
IT-006345,ORD-03237,P0021,3,0.0,1054.86,3164.58,674.34
IT-006346,ORD-03238,P0011,5,0.05,74.59,372.97,140.12
IT-006347,ORD-03238,P0013,1,0.05,1524.98,1524.98,655.74
IT-006348,ORD-03238,P0023,3,0.0,500.04,1500.12,441.51
IT-006349,ORD-03239,P0004,4,0.1,41.65,166.61,72.93
IT-006350,ORD-03239,P0016,1,0.1,218.07,218.07,57.91
IT-006351,ORD-03239,P0017,1,0.05,823.33,823.33,225.37
IT-006352,ORD-03239,P0023,1,0.05,475.04,475.04,122.17
IT-006353,ORD-03240,P0021,2,0.05,1002.12,2004.23,344.07
IT-006354,ORD-03240,P0011,2,0.05,74.59,149.19,56.05
IT-006355,ORD-03241,P0013,1,0.0,1605.24,1605.24,736.0
IT-006356,ORD-03241,P0008,1,0.0,449.0,449.0,86.12
IT-006357,ORD-03241,P0015,3,0.1,936.62,2809.86,960.3
IT-006358,ORD-03241,P0017,4,0.0,866.66,3466.64,1074.8
IT-006359,ORD-03242,P0005,1,0.0,262.42,262.42,67.38
IT-006360,ORD-03242,P0002,2,0.0,839.32,1678.64,600.28
IT-006361,ORD-03243,P0024,2,0.0,1045.55,2091.1,1030.82
IT-006362,ORD-03243,P0013,2,0.0,1605.24,3210.48,1472.0
IT-006363,ORD-03244,P0024,1,0.3,731.88,731.88,201.74
IT-006364,ORD-03245,P0010,4,0.2,551.96,2207.84,818.64
IT-006365,ORD-03245,P0009,1,0.05,717.59,717.59,304.41
IT-006366,ORD-03246,P0004,1,0.05,43.97,43.97,20.55
IT-006367,ORD-03247,P0018,1,0.15,268.7,268.7,77.59
IT-006368,ORD-03248,P0001,1,0.0,966.84,966.84,248.93
IT-006369,ORD-03249,P0021,3,0.0,1054.86,3164.58,674.34
IT-006370,ORD-03250,P0011,2,0.0,78.52,157.04,63.9
IT-006371,ORD-03251,P0024,1,0.0,1045.55,1045.55,515.41
IT-006372,ORD-03251,P0010,1,0.15,586.46,586.46,239.16
IT-006373,ORD-03252,P0008,1,0.0,449.0,449.0,86.12
IT-006374,ORD-03253,P0020,5,0.0,696.28,3481.4,1688.1
IT-006375,ORD-03253,P0016,1,0.15,205.96,205.96,45.8
IT-006376,ORD-03253,P0007,2,0.0,561.14,1122.28,339.1
IT-006377,ORD-03253,P0025,4,0.0,241.5,966.0,441.48
IT-006378,ORD-03254,P0013,1,0.0,1605.24,1605.24,736.0
IT-006379,ORD-03255,P0004,3,0.0,46.28,138.84,68.58
IT-006380,ORD-03255,P0011,1,0.0,78.52,78.52,31.95
IT-006381,ORD-03256,P0009,1,0.3,528.75,528.75,115.57
IT-006382,ORD-03257,P0009,1,0.0,755.36,755.36,342.18
IT-006383,ORD-03258,P0011,3,0.0,78.52,235.56,95.85
IT-006384,ORD-03259,P0001,3,0.2,773.47,2320.42,166.69
IT-006385,ORD-03259,P0011,1,0.0,78.52,78.52,31.95
IT-006386,ORD-03260,P0015,2,0.0,1040.69,2081.38,848.34
IT-006387,ORD-03260,P0008,1,0.0,449.0,449.0,86.12
IT-006388,ORD-03260,P0012,3,0.1,444.75,1334.26,109.66
IT-006389,ORD-03261,P0011,2,0.1,70.67,141.34,48.2
IT-006390,ORD-03262,P0009,2,0.0,755.36,1510.72,684.36
IT-006391,ORD-03263,P0025,1,0.2,193.2,193.2,62.07
IT-006392,ORD-03264,P0002,3,0.05,797.35,2392.06,774.52
IT-006393,ORD-03264,P0020,1,0.1,626.65,626.65,267.99
IT-006394,ORD-03264,P0003,2,0.05,102.48,204.95,90.99
IT-006395,ORD-03265,P0003,2,0.1,97.08,194.17,80.21
IT-006396,ORD-03265,P0007,2,0.3,392.8,785.6,2.42
IT-006397,ORD-03265,P0012,1,0.05,469.46,469.46,61.26
IT-006398,ORD-03266,P0013,1,0.15,1364.45,1364.45,495.21
IT-006399,ORD-03267,P0012,3,0.0,494.17,1482.51,257.91
IT-006400,ORD-03268,P0011,1,0.1,70.67,70.67,24.1
IT-006401,ORD-03268,P0025,1,0.0,241.5,241.5,110.37
IT-006402,ORD-03268,P0019,2,0.0,1588.55,3177.1,1431.54
IT-006403,ORD-03268,P0024,1,0.15,888.72,888.72,358.58
IT-006404,ORD-03269,P0014,1,0.15,22.7,22.7,3.41
IT-006405,ORD-03270,P0007,2,0.1,505.03,1010.05,226.87
IT-006406,ORD-03270,P0010,1,0.05,655.45,655.45,308.15
IT-006407,ORD-03271,P0023,1,0.1,450.04,450.04,97.17
IT-006408,ORD-03272,P0004,3,0.15,39.34,118.01,47.75
IT-006409,ORD-03272,P0014,1,0.1,24.04,24.04,4.75
IT-006410,ORD-03273,P0008,2,0.2,359.2,718.4,-7.36
IT-006411,ORD-03273,P0012,2,0.3,345.92,691.84,-124.56
IT-006412,ORD-03273,P0020,3,0.05,661.47,1984.4,908.42
IT-006413,ORD-03273,P0002,1,0.0,839.32,839.32,300.14
IT-006414,ORD-03274,P0013,4,0.15,1364.45,5457.82,1980.86
IT-006415,ORD-03274,P0008,1,0.2,359.2,359.2,-3.68
IT-006416,ORD-03274,P0017,2,0.0,866.66,1733.32,537.4
IT-006417,ORD-03274,P0010,5,0.0,689.95,3449.75,1713.25
IT-006418,ORD-03275,P0021,4,0.2,843.89,3375.55,55.23
IT-006419,ORD-03275,P0014,2,0.0,26.71,53.42,14.84
IT-006420,ORD-03275,P0009,1,0.0,755.36,755.36,342.18
IT-006421,ORD-03276,P0008,3,0.0,449.0,1347.0,258.36
IT-006422,ORD-03276,P0003,1,0.1,97.08,97.08,40.1
IT-006423,ORD-03277,P0004,1,0.0,46.28,46.28,22.86
IT-006424,ORD-03277,P0010,1,0.1,620.96,620.96,273.66
IT-006425,ORD-03278,P0023,5,0.0,500.04,2500.2,735.85
IT-006426,ORD-03279,P0017,3,0.1,779.99,2339.98,546.1
IT-006427,ORD-03279,P0004,1,0.05,43.97,43.97,20.55
IT-006428,ORD-03279,P0025,4,0.05,229.42,917.7,393.18
IT-006429,ORD-03279,P0003,2,0.05,102.48,204.95,90.99
IT-006430,ORD-03280,P0009,1,0.0,755.36,755.36,342.18
IT-006431,ORD-03280,P0023,2,0.05,475.04,950.08,244.34
IT-006432,ORD-03281,P0011,1,0.1,70.67,70.67,24.1
IT-006433,ORD-03281,P0012,1,0.0,494.17,494.17,85.97
IT-006434,ORD-03282,P0017,1,0.0,866.66,866.66,268.7
IT-006435,ORD-03283,P0016,4,0.0,242.3,969.2,328.56
IT-006436,ORD-03283,P0017,2,0.15,736.66,1473.32,277.4
IT-006437,ORD-03284,P0019,2,0.2,1270.84,2541.68,796.12
IT-006438,ORD-03284,P0017,1,0.05,823.33,823.33,225.37
IT-006439,ORD-03284,P0015,2,0.0,1040.69,2081.38,848.34
IT-006440,ORD-03284,P0024,1,0.2,836.44,836.44,306.3
IT-006441,ORD-03285,P0018,1,0.3,221.28,221.28,30.17
IT-006442,ORD-03285,P0010,1,0.1,620.96,620.96,273.66
IT-006443,ORD-03286,P0008,1,0.0,449.0,449.0,86.12
IT-006444,ORD-03287,P0025,2,0.05,229.42,458.85,196.59
IT-006445,ORD-03288,P0015,2,0.1,936.62,1873.24,640.2
IT-006446,ORD-03289,P0024,3,0.0,1045.55,3136.65,1546.23
IT-006447,ORD-03289,P0023,3,0.0,500.04,1500.12,441.51
IT-006448,ORD-03289,P0013,2,0.05,1524.98,3049.96,1311.48
IT-006449,ORD-03290,P0025,3,0.0,241.5,724.5,331.11
IT-006450,ORD-03290,P0015,4,0.2,832.55,3330.21,864.13
IT-006451,ORD-03290,P0012,4,0.1,444.75,1779.01,146.21
IT-006452,ORD-03290,P0024,3,0.3,731.88,2195.65,605.23
IT-006453,ORD-03291,P0004,1,0.05,43.97,43.97,20.55
IT-006454,ORD-03291,P0025,1,0.0,241.5,241.5,110.37
IT-006455,ORD-03291,P0005,3,0.0,262.42,787.26,202.14
IT-006456,ORD-03291,P0007,1,0.1,505.03,505.03,113.44
IT-006457,ORD-03292,P0005,1,0.05,249.3,249.3,54.26
IT-006458,ORD-03292,P0025,1,0.05,229.42,229.42,98.29
IT-006459,ORD-03293,P0017,1,0.0,866.66,866.66,268.7
IT-006460,ORD-03293,P0005,1,0.15,223.06,223.06,28.02
IT-006461,ORD-03294,P0011,1,0.0,78.52,78.52,31.95
IT-006462,ORD-03294,P0005,3,0.0,262.42,787.26,202.14
IT-006463,ORD-03295,P0012,3,0.0,494.17,1482.51,257.91
IT-006464,ORD-03295,P0002,1,0.05,797.35,797.35,258.17
IT-006465,ORD-03296,P0006,2,0.0,942.04,1884.08,768.78
IT-006466,ORD-03296,P0013,1,0.3,1123.67,1123.67,254.43
IT-006467,ORD-03297,P0023,2,0.15,425.03,850.07,144.33
IT-006468,ORD-03297,P0001,1,0.0,966.84,966.84,248.93
IT-006469,ORD-03298,P0022,1,0.0,927.66,927.66,456.51
IT-006470,ORD-03298,P0004,1,0.05,43.97,43.97,20.55
IT-006471,ORD-03299,P0002,1,0.0,839.32,839.32,300.14
IT-006472,ORD-03300,P0020,2,0.0,696.28,1392.56,675.24
IT-006473,ORD-03301,P0003,4,0.15,91.69,366.76,138.84
IT-006474,ORD-03301,P0005,1,0.2,209.94,209.94,14.9
IT-006475,ORD-03301,P0022,2,0.05,881.28,1762.55,820.25
IT-006476,ORD-03302,P0023,2,0.05,475.04,950.08,244.34
IT-006477,ORD-03302,P0018,1,0.0,316.12,316.12,125.01
IT-006478,ORD-03302,P0005,4,0.3,183.69,734.78,-45.38
IT-006479,ORD-03303,P0014,2,0.0,26.71,53.42,14.84
IT-006480,ORD-03303,P0007,1,0.0,561.14,561.14,169.55
IT-006481,ORD-03304,P0008,1,0.0,449.0,449.0,86.12
IT-006482,ORD-03305,P0016,1,0.0,242.3,242.3,82.14
IT-006483,ORD-03305,P0003,3,0.2,86.3,258.89,87.95
IT-006484,ORD-03305,P0007,3,0.05,533.08,1599.25,424.48
IT-006485,ORD-03305,P0021,2,0.15,896.63,1793.26,133.1
IT-006486,ORD-03306,P0022,1,0.0,927.66,927.66,456.51
IT-006487,ORD-03306,P0005,1,0.05,249.3,249.3,54.26
IT-006488,ORD-03307,P0006,1,0.05,894.94,894.94,337.29
IT-006489,ORD-03307,P0012,1,0.0,494.17,494.17,85.97
IT-006490,ORD-03308,P0017,2,0.15,736.66,1473.32,277.4
IT-006491,ORD-03308,P0011,1,0.0,78.52,78.52,31.95
IT-006492,ORD-03309,P0015,3,0.05,988.66,2965.97,1116.41
IT-006493,ORD-03309,P0016,3,0.05,230.18,690.56,210.08
IT-006494,ORD-03310,P0018,1,0.0,316.12,316.12,125.01
IT-006495,ORD-03310,P0021,3,0.05,1002.12,3006.35,516.11
IT-006496,ORD-03311,P0023,5,0.0,500.04,2500.2,735.85
IT-006497,ORD-03311,P0002,2,0.05,797.35,1594.71,516.35
IT-006498,ORD-03311,P0014,1,0.05,25.37,25.37,6.08
IT-006499,ORD-03312,P0002,1,0.1,755.39,755.39,216.21
IT-006500,ORD-03313,P0015,1,0.0,1040.69,1040.69,424.17
IT-006501,ORD-03314,P0019,3,0.0,1588.55,4765.65,2147.31
IT-006502,ORD-03315,P0011,2,0.05,74.59,149.19,56.05
IT-006503,ORD-03316,P0002,1,0.15,713.42,713.42,174.24
IT-006504,ORD-03317,P0013,1,0.0,1605.24,1605.24,736.0
IT-006505,ORD-03318,P0007,4,0.05,533.08,2132.33,565.97
IT-006506,ORD-03319,P0012,1,0.05,469.46,469.46,61.26
IT-006507,ORD-03320,P0012,1,0.0,494.17,494.17,85.97
IT-006508,ORD-03321,P0011,1,0.1,70.67,70.67,24.1
IT-006509,ORD-03322,P0018,2,0.15,268.7,537.4,155.18
IT-006510,ORD-03322,P0009,1,0.3,528.75,528.75,115.57
IT-006511,ORD-03323,P0013,1,0.0,1605.24,1605.24,736.0
IT-006512,ORD-03323,P0006,1,0.0,942.04,942.04,384.39
IT-006513,ORD-03324,P0014,4,0.1,24.04,96.16,19.0
IT-006514,ORD-03325,P0017,4,0.0,866.66,3466.64,1074.8
IT-006515,ORD-03325,P0006,3,0.0,942.04,2826.12,1153.17
IT-006516,ORD-03326,P0013,5,0.1,1444.72,7223.58,2877.38
IT-006517,ORD-03326,P0025,4,0.3,169.05,676.2,151.68
IT-006518,ORD-03326,P0011,1,0.1,70.67,70.67,24.1
IT-006519,ORD-03326,P0012,4,0.05,469.46,1877.85,245.05
IT-006520,ORD-03327,P0005,5,0.2,209.94,1049.68,74.48
IT-006521,ORD-03327,P0004,2,0.1,41.65,83.3,36.46
IT-006522,ORD-03327,P0020,2,0.1,626.65,1253.3,535.98
IT-006523,ORD-03327,P0016,2,0.15,205.96,411.91,91.59
IT-006524,ORD-03328,P0003,1,0.1,97.08,97.08,40.1
IT-006525,ORD-03329,P0012,3,0.2,395.34,1186.01,-38.59
IT-006526,ORD-03329,P0003,1,0.0,107.87,107.87,50.89
IT-006527,ORD-03329,P0001,2,0.0,966.84,1933.68,497.86
IT-006528,ORD-03330,P0002,2,0.05,797.35,1594.71,516.35
IT-006529,ORD-03331,P0024,4,0.0,1045.55,4182.2,2061.64
IT-006530,ORD-03332,P0019,5,0.2,1270.84,6354.2,1990.3
IT-006531,ORD-03333,P0007,2,0.1,505.03,1010.05,226.87
IT-006532,ORD-03334,P0020,1,0.3,487.4,487.4,128.74
IT-006533,ORD-03334,P0022,1,0.1,834.89,834.89,363.74
IT-006534,ORD-03335,P0011,2,0.1,70.67,141.34,48.2
IT-006535,ORD-03335,P0016,1,0.0,242.3,242.3,82.14
IT-006536,ORD-03336,P0006,1,0.1,847.84,847.84,290.19
IT-006537,ORD-03336,P0018,4,0.0,316.12,1264.48,500.04
IT-006538,ORD-03337,P0006,2,0.3,659.43,1318.86,203.56
IT-006539,ORD-03338,P0019,2,0.1,1429.7,2859.39,1113.83
IT-006540,ORD-03339,P0005,5,0.0,262.42,1312.1,336.9
IT-006541,ORD-03340,P0006,4,0.0,942.04,3768.16,1537.56
IT-006542,ORD-03341,P0010,2,0.15,586.46,1172.92,478.31
IT-006543,ORD-03341,P0018,1,0.0,316.12,316.12,125.01
IT-006544,ORD-03341,P0006,2,0.2,753.63,1507.26,391.96
IT-006545,ORD-03341,P0008,1,0.3,314.3,314.3,-48.58
IT-006546,ORD-03342,P0019,1,0.0,1588.55,1588.55,715.77
IT-006547,ORD-03342,P0002,4,0.0,839.32,3357.28,1200.56
IT-006548,ORD-03342,P0018,5,0.1,284.51,1422.54,466.99
IT-006549,ORD-03343,P0024,1,0.0,1045.55,1045.55,515.41
IT-006550,ORD-03343,P0013,2,0.0,1605.24,3210.48,1472.0
IT-006551,ORD-03343,P0004,2,0.05,43.97,87.93,41.09
IT-006552,ORD-03343,P0009,1,0.1,679.82,679.82,266.64
IT-006553,ORD-03344,P0013,1,0.0,1605.24,1605.24,736.0
IT-006554,ORD-03344,P0022,5,0.0,927.66,4638.3,2282.55
IT-006555,ORD-03345,P0003,1,0.0,107.87,107.87,50.89
IT-006556,ORD-03345,P0007,5,0.1,505.03,2525.13,567.18
IT-006557,ORD-03346,P0022,2,0.3,649.36,1298.72,356.42
IT-006558,ORD-03347,P0002,2,0.0,839.32,1678.64,600.28
IT-006559,ORD-03347,P0023,1,0.0,500.04,500.04,147.17
IT-006560,ORD-03348,P0015,2,0.05,988.66,1977.31,744.27
IT-006561,ORD-03348,P0022,5,0.2,742.13,3710.64,1354.89
IT-006562,ORD-03349,P0005,3,0.05,249.3,747.9,162.78
IT-006563,ORD-03349,P0016,1,0.0,242.3,242.3,82.14
IT-006564,ORD-03349,P0001,2,0.3,676.79,1353.58,-82.24
IT-006565,ORD-03350,P0008,2,0.0,449.0,898.0,172.24
IT-006566,ORD-03350,P0018,1,0.0,316.12,316.12,125.01
IT-006567,ORD-03351,P0024,2,0.3,731.88,1463.77,403.49
IT-006568,ORD-03352,P0003,2,0.0,107.87,215.74,101.78
IT-006569,ORD-03352,P0015,2,0.0,1040.69,2081.38,848.34
IT-006570,ORD-03352,P0006,1,0.15,800.73,800.73,243.08
IT-006571,ORD-03353,P0014,1,0.0,26.71,26.71,7.42
IT-006572,ORD-03353,P0025,1,0.0,241.5,241.5,110.37
IT-006573,ORD-03353,P0004,3,0.0,46.28,138.84,68.58
IT-006574,ORD-03354,P0007,1,0.05,533.08,533.08,141.49
IT-006575,ORD-03354,P0017,3,0.05,823.33,2469.98,676.1
IT-006576,ORD-03355,P0021,2,0.1,949.37,1898.75,238.59
IT-006577,ORD-03355,P0019,1,0.0,1588.55,1588.55,715.77
IT-006578,ORD-03356,P0001,2,0.0,966.84,1933.68,497.86
IT-006579,ORD-03357,P0021,4,0.3,738.4,2953.61,-366.71
IT-006580,ORD-03357,P0011,2,0.05,74.59,149.19,56.05
IT-006581,ORD-03358,P0007,1,0.15,476.97,476.97,85.38
IT-006582,ORD-03359,P0015,2,0.05,988.66,1977.31,744.27
IT-006583,ORD-03360,P0017,2,0.0,866.66,1733.32,537.4
IT-006584,ORD-03360,P0008,1,0.05,426.55,426.55,63.67
IT-006585,ORD-03361,P0007,1,0.05,533.08,533.08,141.49
IT-006586,ORD-03362,P0020,3,0.0,696.28,2088.84,1012.86
IT-006587,ORD-03362,P0019,1,0.3,1111.98,1111.98,239.2
IT-006588,ORD-03363,P0005,1,0.05,249.3,249.3,54.26
IT-006589,ORD-03363,P0017,2,0.0,866.66,1733.32,537.4
IT-006590,ORD-03363,P0024,1,0.0,1045.55,1045.55,515.41
IT-006591,ORD-03364,P0023,2,0.0,500.04,1000.08,294.34
IT-006592,ORD-03365,P0003,1,0.0,107.87,107.87,50.89
IT-006593,ORD-03365,P0006,1,0.1,847.84,847.84,290.19
IT-006594,ORD-03366,P0016,2,0.1,218.07,436.14,115.82
IT-006595,ORD-03366,P0006,3,0.05,894.94,2684.81,1011.86
IT-006596,ORD-03367,P0005,2,0.0,262.42,524.84,134.76
IT-006597,ORD-03368,P0012,3,0.0,494.17,1482.51,257.91
IT-006598,ORD-03368,P0001,2,0.05,918.5,1837.0,401.18
IT-006599,ORD-03369,P0008,2,0.05,426.55,853.1,127.34
IT-006600,ORD-03369,P0003,1,0.05,102.48,102.48,45.5
IT-006601,ORD-03370,P0009,3,0.05,717.59,2152.78,913.24
IT-006602,ORD-03370,P0014,2,0.05,25.37,50.75,12.17
IT-006603,ORD-03371,P0008,2,0.0,449.0,898.0,172.24
IT-006604,ORD-03371,P0023,1,0.1,450.04,450.04,97.17
IT-006605,ORD-03371,P0002,1,0.05,797.35,797.35,258.17
IT-006606,ORD-03371,P0024,1,0.0,1045.55,1045.55,515.41
IT-006607,ORD-03372,P0005,3,0.0,262.42,787.26,202.14
IT-006608,ORD-03372,P0024,2,0.0,1045.55,2091.1,1030.82
IT-006609,ORD-03373,P0017,2,0.2,693.33,1386.66,190.74
IT-006610,ORD-03373,P0015,3,0.0,1040.69,3122.07,1272.51
IT-006611,ORD-03373,P0002,3,0.0,839.32,2517.96,900.42
IT-006612,ORD-03373,P0025,1,0.0,241.5,241.5,110.37
IT-006613,ORD-03374,P0010,4,0.15,586.46,2345.83,956.63
IT-006614,ORD-03374,P0020,4,0.2,557.02,2228.1,793.46
IT-006615,ORD-03375,P0006,1,0.3,659.43,659.43,101.78
IT-006616,ORD-03376,P0007,1,0.1,505.03,505.03,113.44
IT-006617,ORD-03376,P0001,5,0.0,966.84,4834.2,1244.65
IT-006618,ORD-03377,P0001,2,0.05,918.5,1837.0,401.18
IT-006619,ORD-03378,P0014,2,0.0,26.71,53.42,14.84
IT-006620,ORD-03378,P0005,3,0.15,223.06,669.17,84.05
IT-006621,ORD-03379,P0003,1,0.15,91.69,91.69,34.71
IT-006622,ORD-03379,P0024,2,0.15,888.72,1777.44,717.16
IT-006623,ORD-03380,P0023,2,0.05,475.04,950.08,244.34
IT-006624,ORD-03380,P0010,2,0.3,482.96,965.93,271.33
IT-006625,ORD-03381,P0020,1,0.0,696.28,696.28,337.62
IT-006626,ORD-03382,P0014,2,0.0,26.71,53.42,14.84
IT-006627,ORD-03382,P0023,1,0.15,425.03,425.03,72.16
IT-006628,ORD-03383,P0024,1,0.15,888.72,888.72,358.58
IT-006629,ORD-03384,P0007,2,0.0,561.14,1122.28,339.1
IT-006630,ORD-03384,P0018,1,0.0,316.12,316.12,125.01
IT-006631,ORD-03385,P0005,4,0.05,249.3,997.2,217.04
IT-006632,ORD-03385,P0016,1,0.1,218.07,218.07,57.91
IT-006633,ORD-03385,P0012,1,0.0,494.17,494.17,85.97
IT-006634,ORD-03386,P0012,2,0.15,420.04,840.09,23.69
IT-006635,ORD-03386,P0019,1,0.05,1509.12,1509.12,636.34
IT-006636,ORD-03386,P0016,1,0.1,218.07,218.07,57.91
IT-006637,ORD-03386,P0017,1,0.0,866.66,866.66,268.7
IT-006638,ORD-03387,P0019,2,0.1,1429.7,2859.39,1113.83
IT-006639,ORD-03388,P0025,4,0.0,241.5,966.0,441.48
IT-006640,ORD-03388,P0005,3,0.0,262.42,787.26,202.14
IT-006641,ORD-03389,P0017,3,0.0,866.66,2599.98,806.1
IT-006642,ORD-03389,P0004,3,0.3,32.4,97.19,26.93
IT-006643,ORD-03390,P0002,2,0.0,839.32,1678.64,600.28
IT-006644,ORD-03390,P0022,4,0.1,834.89,3339.58,1454.98
IT-006645,ORD-03390,P0024,1,0.0,1045.55,1045.55,515.41
IT-006646,ORD-03390,P0008,5,0.0,449.0,2245.0,430.6
IT-006647,ORD-03391,P0023,2,0.2,400.03,800.06,94.32
IT-006648,ORD-03391,P0018,4,0.0,316.12,1264.48,500.04
IT-006649,ORD-03392,P0013,1,0.0,1605.24,1605.24,736.0
IT-006650,ORD-03393,P0006,2,0.3,659.43,1318.86,203.56
IT-006651,ORD-03393,P0018,4,0.0,316.12,1264.48,500.04
IT-006652,ORD-03394,P0005,1,0.15,223.06,223.06,28.02
IT-006653,ORD-03394,P0003,2,0.05,102.48,204.95,90.99
IT-006654,ORD-03395,P0014,2,0.1,24.04,48.08,9.5
IT-006655,ORD-03395,P0020,1,0.05,661.47,661.47,302.81
IT-006656,ORD-03396,P0021,1,0.05,1002.12,1002.12,172.04
IT-006657,ORD-03396,P0007,4,0.1,505.03,2020.1,453.74
IT-006658,ORD-03396,P0018,1,0.2,252.9,252.9,61.79
IT-006659,ORD-03397,P0003,1,0.2,86.3,86.3,29.32
IT-006660,ORD-03398,P0019,1,0.2,1270.84,1270.84,398.06
IT-006661,ORD-03398,P0012,1,0.0,494.17,494.17,85.97
IT-006662,ORD-03398,P0013,2,0.2,1284.19,2568.38,829.9
IT-006663,ORD-03398,P0001,1,0.0,966.84,966.84,248.93
IT-006664,ORD-03399,P0025,2,0.05,229.42,458.85,196.59
IT-006665,ORD-03400,P0015,2,0.0,1040.69,2081.38,848.34
IT-006666,ORD-03400,P0008,1,0.05,426.55,426.55,63.67
IT-006667,ORD-03400,P0006,1,0.0,942.04,942.04,384.39
IT-006668,ORD-03400,P0001,3,0.3,676.79,2030.36,-123.37
IT-006669,ORD-03401,P0015,1,0.1,936.62,936.62,320.1
IT-006670,ORD-03401,P0024,1,0.1,941.0,941.0,410.86
IT-006671,ORD-03401,P0013,1,0.1,1444.72,1444.72,575.48
IT-006672,ORD-03402,P0003,1,0.0,107.87,107.87,50.89
IT-006673,ORD-03402,P0013,1,0.05,1524.98,1524.98,655.74
IT-006674,ORD-03403,P0015,1,0.2,832.55,832.55,216.03
IT-006675,ORD-03403,P0024,1,0.05,993.27,993.27,463.13
IT-006676,ORD-03404,P0005,2,0.0,262.42,524.84,134.76
IT-006677,ORD-03405,P0002,1,0.05,797.35,797.35,258.17
IT-006678,ORD-03406,P0008,1,0.0,449.0,449.0,86.12
IT-006679,ORD-03407,P0010,1,0.05,655.45,655.45,308.15
IT-006680,ORD-03408,P0005,3,0.0,262.42,787.26,202.14
IT-006681,ORD-03408,P0024,3,0.1,941.0,2822.98,1232.56
IT-006682,ORD-03409,P0019,1,0.1,1429.7,1429.7,556.92
IT-006683,ORD-03410,P0012,1,0.0,494.17,494.17,85.97
IT-006684,ORD-03410,P0006,1,0.0,942.04,942.04,384.39
IT-006685,ORD-03410,P0014,4,0.0,26.71,106.84,29.68
IT-006686,ORD-03411,P0012,2,0.0,494.17,988.34,171.94
IT-006687,ORD-03411,P0013,1,0.2,1284.19,1284.19,414.95
IT-006688,ORD-03412,P0024,2,0.2,836.44,1672.88,612.6
IT-006689,ORD-03412,P0007,3,0.1,505.03,1515.08,340.31
IT-006690,ORD-03413,P0004,3,0.3,32.4,97.19,26.93
IT-006691,ORD-03413,P0009,4,0.0,755.36,3021.44,1368.72
IT-006692,ORD-03414,P0018,1,0.0,316.12,316.12,125.01
IT-006693,ORD-03415,P0019,1,0.0,1588.55,1588.55,715.77
IT-006694,ORD-03416,P0008,1,0.2,359.2,359.2,-3.68
IT-006695,ORD-03417,P0022,3,0.05,881.28,2643.83,1230.38
IT-006696,ORD-03417,P0001,5,0.0,966.84,4834.2,1244.65
IT-006697,ORD-03417,P0002,1,0.0,839.32,839.32,300.14
IT-006698,ORD-03418,P0005,2,0.0,262.42,524.84,134.76
IT-006699,ORD-03418,P0021,1,0.1,949.37,949.37,119.29
IT-006700,ORD-03419,P0005,2,0.1,236.18,472.36,82.28
IT-006701,ORD-03420,P0013,1,0.0,1605.24,1605.24,736.0
IT-006702,ORD-03420,P0022,1,0.3,649.36,649.36,178.21
IT-006703,ORD-03420,P0005,1,0.0,262.42,262.42,67.38
IT-006704,ORD-03421,P0006,2,0.2,753.63,1507.26,391.96
IT-006705,ORD-03422,P0024,3,0.1,941.0,2822.98,1232.56
IT-006706,ORD-03422,P0015,2,0.0,1040.69,2081.38,848.34
IT-006707,ORD-03423,P0024,1,0.1,941.0,941.0,410.86
IT-006708,ORD-03423,P0013,1,0.2,1284.19,1284.19,414.95
IT-006709,ORD-03424,P0022,1,0.0,927.66,927.66,456.51
IT-006710,ORD-03424,P0005,1,0.0,262.42,262.42,67.38
IT-006711,ORD-03425,P0010,2,0.1,620.96,1241.91,547.31
IT-006712,ORD-03425,P0017,1,0.2,693.33,693.33,95.37
IT-006713,ORD-03425,P0003,1,0.0,107.87,107.87,50.89
IT-006714,ORD-03425,P0006,2,0.0,942.04,1884.08,768.78
IT-006715,ORD-03426,P0021,2,0.2,843.89,1687.78,27.62
IT-006716,ORD-03426,P0012,1,0.0,494.17,494.17,85.97
IT-006717,ORD-03426,P0018,4,0.05,300.31,1201.26,436.82
IT-006718,ORD-03427,P0016,1,0.15,205.96,205.96,45.8
IT-006719,ORD-03427,P0010,1,0.0,689.95,689.95,342.65
IT-006720,ORD-03428,P0014,2,0.05,25.37,50.75,12.17
IT-006721,ORD-03429,P0021,2,0.2,843.89,1687.78,27.62
IT-006722,ORD-03429,P0025,3,0.0,241.5,724.5,331.11
IT-006723,ORD-03429,P0004,1,0.15,39.34,39.34,15.92
IT-006724,ORD-03430,P0018,1,0.0,316.12,316.12,125.01
IT-006725,ORD-03430,P0021,2,0.1,949.37,1898.75,238.59
IT-006726,ORD-03431,P0009,1,0.0,755.36,755.36,342.18
IT-006727,ORD-03432,P0018,2,0.2,252.9,505.79,123.57
IT-006728,ORD-03432,P0019,2,0.0,1588.55,3177.1,1431.54
IT-006729,ORD-03433,P0007,1,0.0,561.14,561.14,169.55
IT-006730,ORD-03434,P0009,1,0.05,717.59,717.59,304.41
IT-006731,ORD-03435,P0004,1,0.05,43.97,43.97,20.55
IT-006732,ORD-03435,P0011,3,0.0,78.52,235.56,95.85
IT-006733,ORD-03435,P0012,1,0.0,494.17,494.17,85.97
IT-006734,ORD-03436,P0007,5,0.0,561.14,2805.7,847.75
IT-006735,ORD-03436,P0014,1,0.0,26.71,26.71,7.42
IT-006736,ORD-03437,P0010,1,0.0,689.95,689.95,342.65
IT-006737,ORD-03438,P0008,2,0.3,314.3,628.6,-97.16
IT-006738,ORD-03438,P0006,1,0.0,942.04,942.04,384.39
IT-006739,ORD-03439,P0002,2,0.1,755.39,1510.78,432.42
IT-006740,ORD-03439,P0008,1,0.0,449.0,449.0,86.12
IT-006741,ORD-03439,P0015,1,0.15,884.59,884.59,268.07
IT-006742,ORD-03440,P0025,2,0.0,241.5,483.0,220.74
IT-006743,ORD-03441,P0010,2,0.05,655.45,1310.9,616.3
IT-006744,ORD-03441,P0023,1,0.05,475.04,475.04,122.17
IT-006745,ORD-03442,P0011,1,0.1,70.67,70.67,24.1
IT-006746,ORD-03442,P0014,2,0.2,21.37,42.74,4.16
IT-006747,ORD-03442,P0023,1,0.05,475.04,475.04,122.17
IT-006748,ORD-03443,P0009,1,0.0,755.36,755.36,342.18
IT-006749,ORD-03444,P0016,1,0.0,242.3,242.3,82.14
IT-006750,ORD-03444,P0012,4,0.3,345.92,1383.68,-249.12
IT-006751,ORD-03445,P0005,1,0.0,262.42,262.42,67.38
IT-006752,ORD-03446,P0001,1,0.0,966.84,966.84,248.93
IT-006753,ORD-03446,P0017,1,0.1,779.99,779.99,182.03
IT-006754,ORD-03447,P0006,1,0.1,847.84,847.84,290.19
IT-006755,ORD-03447,P0001,1,0.0,966.84,966.84,248.93
IT-006756,ORD-03447,P0024,1,0.2,836.44,836.44,306.3
IT-006757,ORD-03448,P0004,3,0.1,41.65,124.96,54.7
IT-006758,ORD-03449,P0022,1,0.15,788.51,788.51,317.36
IT-006759,ORD-03449,P0006,1,0.0,942.04,942.04,384.39
IT-006760,ORD-03449,P0001,5,0.2,773.47,3867.36,277.81
IT-006761,ORD-03450,P0011,3,0.0,78.52,235.56,95.85
IT-006762,ORD-03450,P0006,2,0.2,753.63,1507.26,391.96
IT-006763,ORD-03450,P0003,2,0.05,102.48,204.95,90.99
IT-006764,ORD-03451,P0006,1,0.1,847.84,847.84,290.19
IT-006765,ORD-03452,P0024,3,0.0,1045.55,3136.65,1546.23
IT-006766,ORD-03452,P0003,2,0.3,75.51,151.02,37.06
IT-006767,ORD-03453,P0015,3,0.0,1040.69,3122.07,1272.51
IT-006768,ORD-03454,P0021,1,0.15,896.63,896.63,66.55
IT-006769,ORD-03454,P0002,1,0.0,839.32,839.32,300.14
IT-006770,ORD-03454,P0014,2,0.0,26.71,53.42,14.84
IT-006771,ORD-03454,P0011,1,0.0,78.52,78.52,31.95
IT-006772,ORD-03455,P0015,1,0.1,936.62,936.62,320.1
IT-006773,ORD-03455,P0007,2,0.0,561.14,1122.28,339.1
IT-006774,ORD-03456,P0005,1,0.0,262.42,262.42,67.38
IT-006775,ORD-03456,P0021,1,0.05,1002.12,1002.12,172.04
IT-006776,ORD-03457,P0006,2,0.15,800.73,1601.47,486.17
IT-006777,ORD-03457,P0003,1,0.05,102.48,102.48,45.5
IT-006778,ORD-03458,P0025,1,0.2,193.2,193.2,62.07
IT-006779,ORD-03458,P0007,5,0.0,561.14,2805.7,847.75
IT-006780,ORD-03459,P0011,1,0.0,78.52,78.52,31.95
IT-006781,ORD-03459,P0013,1,0.15,1364.45,1364.45,495.21
IT-006782,ORD-03459,P0012,3,0.05,469.46,1408.38,183.78
IT-006783,ORD-03460,P0003,1,0.0,107.87,107.87,50.89
IT-006784,ORD-03460,P0023,1,0.15,425.03,425.03,72.16
IT-006785,ORD-03461,P0016,1,0.2,193.84,193.84,33.68
IT-006786,ORD-03461,P0001,2,0.15,821.81,1643.63,207.81
IT-006787,ORD-03461,P0025,1,0.05,229.42,229.42,98.29
IT-006788,ORD-03462,P0002,1,0.15,713.42,713.42,174.24
IT-006789,ORD-03462,P0017,3,0.0,866.66,2599.98,806.1
IT-006790,ORD-03463,P0020,1,0.1,626.65,626.65,267.99
IT-006791,ORD-03464,P0023,3,0.0,500.04,1500.12,441.51
IT-006792,ORD-03464,P0015,2,0.0,1040.69,2081.38,848.34
IT-006793,ORD-03464,P0003,1,0.1,97.08,97.08,40.1
IT-006794,ORD-03465,P0007,1,0.05,533.08,533.08,141.49
IT-006795,ORD-03465,P0009,5,0.0,755.36,3776.8,1710.9
IT-006796,ORD-03466,P0020,4,0.2,557.02,2228.1,793.46
IT-006797,ORD-03466,P0014,2,0.0,26.71,53.42,14.84
IT-006798,ORD-03467,P0025,3,0.0,241.5,724.5,331.11
IT-006799,ORD-03467,P0005,3,0.2,209.94,629.81,44.69
IT-006800,ORD-03467,P0010,4,0.3,482.96,1931.86,542.66
IT-006801,ORD-03467,P0017,1,0.0,866.66,866.66,268.7
IT-006802,ORD-03468,P0007,4,0.0,561.14,2244.56,678.2
IT-006803,ORD-03469,P0005,1,0.05,249.3,249.3,54.26
IT-006804,ORD-03469,P0004,2,0.0,46.28,92.56,45.72
IT-006805,ORD-03470,P0011,1,0.1,70.67,70.67,24.1
IT-006806,ORD-03471,P0004,2,0.3,32.4,64.79,17.95
IT-006807,ORD-03471,P0022,1,0.0,927.66,927.66,456.51
IT-006808,ORD-03472,P0022,1,0.1,834.89,834.89,363.74
IT-006809,ORD-03472,P0006,2,0.0,942.04,1884.08,768.78
IT-006810,ORD-03472,P0018,1,0.0,316.12,316.12,125.01
IT-006811,ORD-03473,P0005,1,0.0,262.42,262.42,67.38
IT-006812,ORD-03473,P0019,1,0.0,1588.55,1588.55,715.77
IT-006813,ORD-03473,P0014,2,0.1,24.04,48.08,9.5
IT-006814,ORD-03473,P0004,2,0.0,46.28,92.56,45.72
IT-006815,ORD-03474,P0022,4,0.1,834.89,3339.58,1454.98
IT-006816,ORD-03474,P0004,2,0.05,43.97,87.93,41.09
IT-006817,ORD-03475,P0010,1,0.15,586.46,586.46,239.16
IT-006818,ORD-03475,P0018,5,0.1,284.51,1422.54,466.99
IT-006819,ORD-03475,P0006,5,0.15,800.73,4003.67,1215.42
IT-006820,ORD-03476,P0018,1,0.1,284.51,284.51,93.4
IT-006821,ORD-03476,P0020,1,0.0,696.28,696.28,337.62
IT-006822,ORD-03476,P0013,2,0.0,1605.24,3210.48,1472.0
IT-006823,ORD-03477,P0004,2,0.0,46.28,92.56,45.72
IT-006824,ORD-03477,P0024,1,0.2,836.44,836.44,306.3
IT-006825,ORD-03478,P0013,1,0.0,1605.24,1605.24,736.0
IT-006826,ORD-03479,P0002,5,0.05,797.35,3986.77,1290.87
IT-006827,ORD-03479,P0005,1,0.15,223.06,223.06,28.02
IT-006828,ORD-03480,P0022,1,0.1,834.89,834.89,363.74
IT-006829,ORD-03480,P0003,2,0.1,97.08,194.17,80.21
IT-006830,ORD-03480,P0014,1,0.05,25.37,25.37,6.08
IT-006831,ORD-03480,P0019,4,0.05,1509.12,6036.49,2545.37
IT-006832,ORD-03481,P0024,1,0.15,888.72,888.72,358.58
IT-006833,ORD-03481,P0015,2,0.05,988.66,1977.31,744.27
IT-006834,ORD-03481,P0009,1,0.0,755.36,755.36,342.18
IT-006835,ORD-03481,P0020,1,0.15,591.84,591.84,233.18
IT-006836,ORD-03482,P0014,1,0.0,26.71,26.71,7.42
IT-006837,ORD-03482,P0020,2,0.2,557.02,1114.05,396.73
IT-006838,ORD-03483,P0001,1,0.0,966.84,966.84,248.93
IT-006839,ORD-03483,P0018,2,0.0,316.12,632.24,250.02
IT-006840,ORD-03483,P0015,2,0.0,1040.69,2081.38,848.34
IT-006841,ORD-03484,P0010,1,0.0,689.95,689.95,342.65
IT-006842,ORD-03485,P0020,4,0.0,696.28,2785.12,1350.48
IT-006843,ORD-03486,P0018,4,0.0,316.12,1264.48,500.04
IT-006844,ORD-03486,P0024,1,0.1,941.0,941.0,410.86
IT-006845,ORD-03486,P0008,2,0.05,426.55,853.1,127.34
IT-006846,ORD-03486,P0003,1,0.1,97.08,97.08,40.1
IT-006847,ORD-03487,P0011,1,0.15,66.74,66.74,20.17
IT-006848,ORD-03488,P0024,1,0.1,941.0,941.0,410.86
IT-006849,ORD-03489,P0013,2,0.05,1524.98,3049.96,1311.48
IT-006850,ORD-03489,P0004,1,0.0,46.28,46.28,22.86
IT-006851,ORD-03490,P0016,1,0.2,193.84,193.84,33.68
IT-006852,ORD-03490,P0013,1,0.0,1605.24,1605.24,736.0
IT-006853,ORD-03491,P0009,2,0.1,679.82,1359.65,533.29
IT-006854,ORD-03491,P0011,1,0.0,78.52,78.52,31.95
IT-006855,ORD-03492,P0023,2,0.1,450.04,900.07,194.33
IT-006856,ORD-03493,P0019,3,0.0,1588.55,4765.65,2147.31
IT-006857,ORD-03493,P0018,4,0.2,252.9,1011.58,247.14
IT-006858,ORD-03493,P0005,4,0.0,262.42,1049.68,269.52
IT-006859,ORD-03493,P0009,1,0.0,755.36,755.36,342.18
IT-006860,ORD-03494,P0022,2,0.1,834.89,1669.79,727.49
IT-006861,ORD-03494,P0003,1,0.2,86.3,86.3,29.32
IT-006862,ORD-03494,P0008,2,0.0,449.0,898.0,172.24
IT-006863,ORD-03495,P0021,3,0.0,1054.86,3164.58,674.34
IT-006864,ORD-03496,P0011,1,0.0,78.52,78.52,31.95
IT-006865,ORD-03496,P0009,2,0.1,679.82,1359.65,533.29
IT-006866,ORD-03497,P0002,1,0.1,755.39,755.39,216.21
IT-006867,ORD-03497,P0018,3,0.0,316.12,948.36,375.03
IT-006868,ORD-03498,P0020,1,0.05,661.47,661.47,302.81
IT-006869,ORD-03498,P0025,2,0.1,217.35,434.7,172.44
IT-006870,ORD-03499,P0022,1,0.0,927.66,927.66,456.51
IT-006871,ORD-03500,P0009,1,0.3,528.75,528.75,115.57
IT-006872,ORD-03500,P0007,1,0.1,505.03,505.03,113.44
IT-006873,ORD-03501,P0025,1,0.05,229.42,229.42,98.29
IT-006874,ORD-03502,P0002,5,0.0,839.32,4196.6,1500.7
IT-006875,ORD-03503,P0017,3,0.1,779.99,2339.98,546.1
IT-006876,ORD-03503,P0018,1,0.2,252.9,252.9,61.79
IT-006877,ORD-03504,P0002,5,0.05,797.35,3986.77,1290.87
IT-006878,ORD-03504,P0022,1,0.15,788.51,788.51,317.36
IT-006879,ORD-03505,P0008,1,0.0,449.0,449.0,86.12
IT-006880,ORD-03505,P0001,3,0.05,918.5,2755.49,601.76
IT-006881,ORD-03506,P0023,4,0.0,500.04,2000.16,588.68
IT-006882,ORD-03506,P0013,1,0.0,1605.24,1605.24,736.0
IT-006883,ORD-03506,P0022,4,0.15,788.51,3154.04,1269.44
IT-006884,ORD-03507,P0018,1,0.1,284.51,284.51,93.4
IT-006885,ORD-03508,P0023,5,0.05,475.04,2375.19,610.84
IT-006886,ORD-03508,P0019,1,0.2,1270.84,1270.84,398.06
IT-006887,ORD-03508,P0025,4,0.15,205.28,821.1,296.58
IT-006888,ORD-03509,P0009,1,0.15,642.06,642.06,228.88
IT-006889,ORD-03510,P0010,2,0.0,689.95,1379.9,685.3
IT-006890,ORD-03510,P0025,1,0.05,229.42,229.42,98.29
IT-006891,ORD-03511,P0006,1,0.15,800.73,800.73,243.08
IT-006892,ORD-03511,P0015,4,0.0,1040.69,4162.76,1696.68
IT-006893,ORD-03511,P0005,1,0.3,183.69,183.69,-11.35
IT-006894,ORD-03512,P0002,1,0.0,839.32,839.32,300.14
IT-006895,ORD-03512,P0014,1,0.1,24.04,24.04,4.75
IT-006896,ORD-03513,P0002,1,0.0,839.32,839.32,300.14
IT-006897,ORD-03513,P0009,1,0.0,755.36,755.36,342.18
IT-006898,ORD-03514,P0006,1,0.2,753.63,753.63,195.98
IT-006899,ORD-03514,P0005,1,0.05,249.3,249.3,54.26
IT-006900,ORD-03515,P0014,1,0.2,21.37,21.37,2.08
IT-006901,ORD-03515,P0010,5,0.0,689.95,3449.75,1713.25
IT-006902,ORD-03515,P0021,1,0.1,949.37,949.37,119.29
IT-006903,ORD-03516,P0023,2,0.0,500.04,1000.08,294.34
IT-006904,ORD-03516,P0012,1,0.05,469.46,469.46,61.26
IT-006905,ORD-03517,P0023,1,0.0,500.04,500.04,147.17
IT-006906,ORD-03517,P0007,1,0.0,561.14,561.14,169.55
IT-006907,ORD-03517,P0011,1,0.0,78.52,78.52,31.95
IT-006908,ORD-03518,P0003,1,0.2,86.3,86.3,29.32
IT-006909,ORD-03518,P0013,1,0.15,1364.45,1364.45,495.21
IT-006910,ORD-03518,P0022,5,0.15,788.51,3942.56,1586.8
IT-006911,ORD-03518,P0018,1,0.0,316.12,316.12,125.01
IT-006912,ORD-03519,P0018,1,0.1,284.51,284.51,93.4
IT-006913,ORD-03519,P0011,1,0.0,78.52,78.52,31.95
IT-006914,ORD-03520,P0016,3,0.15,205.96,617.86,137.39
IT-006915,ORD-03520,P0002,1,0.2,671.46,671.46,132.28
IT-006916,ORD-03521,P0025,1,0.15,205.28,205.28,74.15
IT-006917,ORD-03522,P0006,3,0.0,942.04,2826.12,1153.17
IT-006918,ORD-03523,P0009,4,0.05,717.59,2870.37,1217.65
IT-006919,ORD-03523,P0007,3,0.1,505.03,1515.08,340.31
IT-006920,ORD-03524,P0003,1,0.1,97.08,97.08,40.1
IT-006921,ORD-03524,P0012,3,0.0,494.17,1482.51,257.91
IT-006922,ORD-03524,P0023,1,0.0,500.04,500.04,147.17
IT-006923,ORD-03525,P0009,2,0.05,717.59,1435.18,608.82
IT-006924,ORD-03525,P0020,4,0.1,626.65,2506.61,1071.97
IT-006925,ORD-03526,P0002,1,0.15,713.42,713.42,174.24
IT-006926,ORD-03526,P0010,4,0.3,482.96,1931.86,542.66
IT-006927,ORD-03526,P0020,2,0.0,696.28,1392.56,675.24
IT-006928,ORD-03526,P0004,2,0.0,46.28,92.56,45.72
IT-006929,ORD-03527,P0023,2,0.0,500.04,1000.08,294.34
IT-006930,ORD-03528,P0015,2,0.05,988.66,1977.31,744.27
IT-006931,ORD-03528,P0023,1,0.0,500.04,500.04,147.17
IT-006932,ORD-03529,P0025,1,0.0,241.5,241.5,110.37
IT-006933,ORD-03529,P0005,2,0.2,209.94,419.87,29.79
IT-006934,ORD-03530,P0003,1,0.0,107.87,107.87,50.89
IT-006935,ORD-03530,P0019,3,0.0,1588.55,4765.65,2147.31
IT-006936,ORD-03531,P0008,5,0.0,449.0,2245.0,430.6
IT-006937,ORD-03531,P0019,3,0.1,1429.7,4289.08,1670.74
IT-006938,ORD-03531,P0012,1,0.05,469.46,469.46,61.26
IT-006939,ORD-03532,P0004,1,0.2,37.02,37.02,13.6
IT-006940,ORD-03533,P0004,1,0.0,46.28,46.28,22.86
IT-006941,ORD-03534,P0017,4,0.0,866.66,3466.64,1074.8
IT-006942,ORD-03534,P0021,1,0.1,949.37,949.37,119.29
IT-006943,ORD-03535,P0008,5,0.05,426.55,2132.75,318.35
IT-006944,ORD-03535,P0013,1,0.0,1605.24,1605.24,736.0
IT-006945,ORD-03536,P0004,1,0.1,41.65,41.65,18.23
IT-006946,ORD-03536,P0007,1,0.0,561.14,561.14,169.55
IT-006947,ORD-03536,P0021,1,0.15,896.63,896.63,66.55
IT-006948,ORD-03537,P0009,5,0.0,755.36,3776.8,1710.9
IT-006949,ORD-03537,P0019,4,0.0,1588.55,6354.2,2863.08
IT-006950,ORD-03537,P0003,1,0.0,107.87,107.87,50.89
IT-006951,ORD-03537,P0010,2,0.0,689.95,1379.9,685.3
IT-006952,ORD-03538,P0019,4,0.0,1588.55,6354.2,2863.08
IT-006953,ORD-03539,P0018,2,0.05,300.31,600.63,218.41
IT-006954,ORD-03539,P0010,1,0.0,689.95,689.95,342.65
IT-006955,ORD-03540,P0001,1,0.0,966.84,966.84,248.93
IT-006956,ORD-03540,P0012,3,0.2,395.34,1186.01,-38.59
IT-006957,ORD-03541,P0021,2,0.0,1054.86,2109.72,449.56
IT-006958,ORD-03541,P0001,1,0.0,966.84,966.84,248.93
IT-006959,ORD-03541,P0002,4,0.15,713.42,2853.69,696.97
IT-006960,ORD-03541,P0008,2,0.05,426.55,853.1,127.34
IT-006961,ORD-03542,P0019,1,0.05,1509.12,1509.12,636.34
IT-006962,ORD-03542,P0011,1,0.2,62.82,62.82,16.25
IT-006963,ORD-03542,P0003,1,0.05,102.48,102.48,45.5
IT-006964,ORD-03542,P0008,2,0.05,426.55,853.1,127.34
IT-006965,ORD-03543,P0022,1,0.0,927.66,927.66,456.51
IT-006966,ORD-03543,P0012,1,0.0,494.17,494.17,85.97
IT-006967,ORD-03544,P0023,1,0.15,425.03,425.03,72.16
IT-006968,ORD-03544,P0004,1,0.05,43.97,43.97,20.55
IT-006969,ORD-03545,P0019,1,0.1,1429.7,1429.7,556.92
IT-006970,ORD-03546,P0009,2,0.2,604.29,1208.58,382.22
IT-006971,ORD-03547,P0007,4,0.15,476.97,1907.88,341.52
IT-006972,ORD-03547,P0020,3,0.05,661.47,1984.4,908.42
IT-006973,ORD-03548,P0009,5,0.05,717.59,3587.96,1522.06
IT-006974,ORD-03548,P0007,1,0.0,561.14,561.14,169.55
IT-006975,ORD-03549,P0007,2,0.15,476.97,953.94,170.76
IT-006976,ORD-03549,P0020,1,0.15,591.84,591.84,233.18
IT-006977,ORD-03550,P0003,2,0.0,107.87,215.74,101.78
IT-006978,ORD-03550,P0013,1,0.05,1524.98,1524.98,655.74
IT-006979,ORD-03551,P0008,1,0.2,359.2,359.2,-3.68
IT-006980,ORD-03551,P0025,3,0.05,229.42,688.28,294.88
IT-006981,ORD-03552,P0006,3,0.0,942.04,2826.12,1153.17
IT-006982,ORD-03552,P0012,2,0.0,494.17,988.34,171.94
IT-006983,ORD-03553,P0001,1,0.0,966.84,966.84,248.93
IT-006984,ORD-03554,P0004,1,0.05,43.97,43.97,20.55
IT-006985,ORD-03555,P0008,1,0.1,404.1,404.1,41.22
IT-006986,ORD-03556,P0018,1,0.0,316.12,316.12,125.01
IT-006987,ORD-03556,P0023,2,0.15,425.03,850.07,144.33
IT-006988,ORD-03556,P0016,2,0.0,242.3,484.6,164.28
IT-006989,ORD-03557,P0022,1,0.15,788.51,788.51,317.36
IT-006990,ORD-03558,P0014,5,0.0,26.71,133.55,37.1
IT-006991,ORD-03558,P0004,1,0.2,37.02,37.02,13.6
IT-006992,ORD-03558,P0022,1,0.0,927.66,927.66,456.51
IT-006993,ORD-03559,P0006,3,0.15,800.73,2402.2,729.25
IT-006994,ORD-03560,P0024,1,0.0,1045.55,1045.55,515.41
IT-006995,ORD-03560,P0013,3,0.0,1605.24,4815.72,2208.0
IT-006996,ORD-03561,P0020,1,0.0,696.28,696.28,337.62
IT-006997,ORD-03561,P0021,1,0.2,843.89,843.89,13.81
IT-006998,ORD-03561,P0002,4,0.0,839.32,3357.28,1200.56
IT-006999,ORD-03562,P0007,4,0.15,476.97,1907.88,341.52
IT-007000,ORD-03562,P0016,2,0.15,205.96,411.91,91.59
IT-007001,ORD-03563,P0011,1,0.1,70.67,70.67,24.1
IT-007002,ORD-03564,P0004,4,0.0,46.28,185.12,91.44
IT-007003,ORD-03565,P0021,1,0.2,843.89,843.89,13.81
IT-007004,ORD-03565,P0015,1,0.0,1040.69,1040.69,424.17
IT-007005,ORD-03565,P0014,2,0.05,25.37,50.75,12.17
IT-007006,ORD-03565,P0023,3,0.0,500.04,1500.12,441.51
IT-007007,ORD-03566,P0014,1,0.0,26.71,26.71,7.42
IT-007008,ORD-03566,P0018,1,0.05,300.31,300.31,109.2
IT-007009,ORD-03567,P0008,3,0.0,449.0,1347.0,258.36
IT-007010,ORD-03567,P0024,4,0.0,1045.55,4182.2,2061.64
IT-007011,ORD-03568,P0005,1,0.15,223.06,223.06,28.02
IT-007012,ORD-03568,P0010,2,0.3,482.96,965.93,271.33
IT-007013,ORD-03569,P0007,3,0.05,533.08,1599.25,424.48
IT-007014,ORD-03570,P0014,1,0.3,18.7,18.7,-0.59
IT-007015,ORD-03571,P0025,1,0.1,217.35,217.35,86.22
IT-007016,ORD-03571,P0008,2,0.1,404.1,808.2,82.44
IT-007017,ORD-03572,P0022,1,0.0,927.66,927.66,456.51
IT-007018,ORD-03572,P0011,1,0.0,78.52,78.52,31.95
IT-007019,ORD-03573,P0017,2,0.05,823.33,1646.65,450.73
IT-007020,ORD-03574,P0007,1,0.0,561.14,561.14,169.55
IT-007021,ORD-03574,P0008,2,0.1,404.1,808.2,82.44
IT-007022,ORD-03574,P0002,1,0.2,671.46,671.46,132.28
IT-007023,ORD-03575,P0008,1,0.0,449.0,449.0,86.12
IT-007024,ORD-03575,P0001,3,0.0,966.84,2900.52,746.79
IT-007025,ORD-03575,P0011,2,0.05,74.59,149.19,56.05
IT-007026,ORD-03576,P0007,4,0.2,448.91,1795.65,229.29
IT-007027,ORD-03576,P0022,1,0.0,927.66,927.66,456.51
IT-007028,ORD-03576,P0019,2,0.0,1588.55,3177.1,1431.54
IT-007029,ORD-03576,P0013,4,0.2,1284.19,5136.77,1659.81
IT-007030,ORD-03577,P0012,1,0.05,469.46,469.46,61.26
IT-007031,ORD-03578,P0018,5,0.0,316.12,1580.6,625.05
IT-007032,ORD-03579,P0012,5,0.05,469.46,2347.31,306.31
IT-007033,ORD-03579,P0020,3,0.0,696.28,2088.84,1012.86
IT-007034,ORD-03579,P0003,4,0.3,75.51,302.04,74.12
IT-007035,ORD-03580,P0011,1,0.0,78.52,78.52,31.95
IT-007036,ORD-03581,P0020,1,0.2,557.02,557.02,198.36
IT-007037,ORD-03582,P0008,1,0.1,404.1,404.1,41.22
IT-007038,ORD-03582,P0014,1,0.1,24.04,24.04,4.75
IT-007039,ORD-03582,P0019,3,0.05,1509.12,4527.37,1909.03
IT-007040,ORD-03583,P0004,5,0.2,37.02,185.12,68.02
IT-007041,ORD-03584,P0006,1,0.05,894.94,894.94,337.29
IT-007042,ORD-03584,P0005,3,0.1,236.18,708.53,123.41
IT-007043,ORD-03585,P0025,1,0.0,241.5,241.5,110.37
IT-007044,ORD-03585,P0006,1,0.0,942.04,942.04,384.39
IT-007045,ORD-03586,P0008,3,0.0,449.0,1347.0,258.36
IT-007046,ORD-03586,P0013,3,0.15,1364.45,4093.36,1485.64
IT-007047,ORD-03586,P0019,2,0.1,1429.7,2859.39,1113.83
IT-007048,ORD-03587,P0020,1,0.15,591.84,591.84,233.18
IT-007049,ORD-03588,P0023,1,0.1,450.04,450.04,97.17
IT-007050,ORD-03588,P0005,2,0.0,262.42,524.84,134.76
IT-007051,ORD-03588,P0004,1,0.15,39.34,39.34,15.92
IT-007052,ORD-03589,P0016,2,0.0,242.3,484.6,164.28
IT-007053,ORD-03589,P0019,1,0.2,1270.84,1270.84,398.06
IT-007054,ORD-03590,P0016,1,0.0,242.3,242.3,82.14
IT-007055,ORD-03590,P0004,1,0.05,43.97,43.97,20.55
IT-007056,ORD-03591,P0007,1,0.0,561.14,561.14,169.55
IT-007057,ORD-03592,P0021,1,0.0,1054.86,1054.86,224.78
IT-007058,ORD-03593,P0013,1,0.2,1284.19,1284.19,414.95
IT-007059,ORD-03593,P0007,1,0.15,476.97,476.97,85.38
IT-007060,ORD-03594,P0019,2,0.2,1270.84,2541.68,796.12
IT-007061,ORD-03594,P0022,5,0.0,927.66,4638.3,2282.55
IT-007062,ORD-03595,P0006,2,0.0,942.04,1884.08,768.78
IT-007063,ORD-03595,P0024,1,0.0,1045.55,1045.55,515.41
IT-007064,ORD-03595,P0004,2,0.0,46.28,92.56,45.72
IT-007065,ORD-03596,P0024,2,0.2,836.44,1672.88,612.6
IT-007066,ORD-03596,P0008,1,0.0,449.0,449.0,86.12
IT-007067,ORD-03597,P0001,2,0.05,918.5,1837.0,401.18
IT-007068,ORD-03597,P0007,2,0.15,476.97,953.94,170.76
IT-007069,ORD-03598,P0023,3,0.0,500.04,1500.12,441.51
IT-007070,ORD-03598,P0014,2,0.2,21.37,42.74,4.16
IT-007071,ORD-03599,P0006,1,0.0,942.04,942.04,384.39
IT-007072,ORD-03599,P0010,1,0.2,551.96,551.96,204.66
IT-007073,ORD-03599,P0002,1,0.1,755.39,755.39,216.21
IT-007074,ORD-03600,P0017,1,0.1,779.99,779.99,182.03
IT-007075,ORD-03600,P0001,1,0.0,966.84,966.84,248.93
IT-007076,ORD-03601,P0007,2,0.05,533.08,1066.17,282.99
IT-007077,ORD-03602,P0001,2,0.0,966.84,1933.68,497.86
IT-007078,ORD-03602,P0020,1,0.0,696.28,696.28,337.62
IT-007079,ORD-03602,P0017,1,0.0,866.66,866.66,268.7
IT-007080,ORD-03603,P0006,1,0.3,659.43,659.43,101.78
IT-007081,ORD-03603,P0005,1,0.1,236.18,236.18,41.14
IT-007082,ORD-03604,P0015,1,0.1,936.62,936.62,320.1
IT-007083,ORD-03604,P0005,4,0.0,262.42,1049.68,269.52
IT-007084,ORD-03605,P0018,2,0.0,316.12,632.24,250.02
IT-007085,ORD-03605,P0017,3,0.05,823.33,2469.98,676.1
IT-007086,ORD-03606,P0010,1,0.0,689.95,689.95,342.65
IT-007087,ORD-03606,P0012,2,0.05,469.46,938.92,122.52
IT-007088,ORD-03607,P0021,4,0.0,1054.86,4219.44,899.12
IT-007089,ORD-03608,P0021,1,0.0,1054.86,1054.86,224.78
IT-007090,ORD-03609,P0004,1,0.15,39.34,39.34,15.92
IT-007091,ORD-03609,P0014,1,0.0,26.71,26.71,7.42
IT-007092,ORD-03609,P0007,1,0.15,476.97,476.97,85.38
IT-007093,ORD-03610,P0014,4,0.0,26.71,106.84,29.68
IT-007094,ORD-03611,P0010,1,0.0,689.95,689.95,342.65
IT-007095,ORD-03611,P0005,1,0.05,249.3,249.3,54.26
IT-007096,ORD-03612,P0023,1,0.0,500.04,500.04,147.17
IT-007097,ORD-03613,P0005,3,0.05,249.3,747.9,162.78
IT-007098,ORD-03614,P0024,4,0.3,731.88,2927.54,806.98
IT-007099,ORD-03615,P0005,2,0.05,249.3,498.6,108.52
IT-007100,ORD-03615,P0019,1,0.2,1270.84,1270.84,398.06
IT-007101,ORD-03616,P0002,1,0.05,797.35,797.35,258.17
IT-007102,ORD-03616,P0007,1,0.0,561.14,561.14,169.55
IT-007103,ORD-03617,P0024,2,0.0,1045.55,2091.1,1030.82
IT-007104,ORD-03618,P0010,4,0.0,689.95,2759.8,1370.6
IT-007105,ORD-03619,P0022,5,0.2,742.13,3710.64,1354.89
IT-007106,ORD-03619,P0015,2,0.0,1040.69,2081.38,848.34
IT-007107,ORD-03619,P0024,1,0.0,1045.55,1045.55,515.41
IT-007108,ORD-03619,P0003,1,0.1,97.08,97.08,40.1
IT-007109,ORD-03620,P0005,4,0.0,262.42,1049.68,269.52
IT-007110,ORD-03620,P0008,2,0.0,449.0,898.0,172.24
IT-007111,ORD-03621,P0015,1,0.05,988.66,988.66,372.14
IT-007112,ORD-03621,P0025,1,0.05,229.42,229.42,98.29
IT-007113,ORD-03621,P0006,1,0.2,753.63,753.63,195.98
IT-007114,ORD-03622,P0018,1,0.15,268.7,268.7,77.59
IT-007115,ORD-03622,P0022,1,0.0,927.66,927.66,456.51
IT-007116,ORD-03622,P0008,3,0.0,449.0,1347.0,258.36
IT-007117,ORD-03622,P0006,1,0.15,800.73,800.73,243.08
IT-007118,ORD-03623,P0021,1,0.0,1054.86,1054.86,224.78
IT-007119,ORD-03623,P0002,2,0.0,839.32,1678.64,600.28
IT-007120,ORD-03623,P0019,1,0.0,1588.55,1588.55,715.77
IT-007121,ORD-03623,P0006,1,0.0,942.04,942.04,384.39
IT-007122,ORD-03624,P0004,1,0.0,46.28,46.28,22.86
IT-007123,ORD-03624,P0017,1,0.05,823.33,823.33,225.37
IT-007124,ORD-03624,P0013,4,0.0,1605.24,6420.96,2944.0
IT-007125,ORD-03625,P0025,1,0.0,241.5,241.5,110.37
IT-007126,ORD-03626,P0008,3,0.2,359.2,1077.6,-11.04
IT-007127,ORD-03626,P0019,1,0.05,1509.12,1509.12,636.34
IT-007128,ORD-03626,P0014,3,0.0,26.71,80.13,22.26
IT-007129,ORD-03626,P0004,1,0.0,46.28,46.28,22.86
IT-007130,ORD-03627,P0024,1,0.05,993.27,993.27,463.13
IT-007131,ORD-03627,P0012,2,0.3,345.92,691.84,-124.56
IT-007132,ORD-03627,P0011,2,0.0,78.52,157.04,63.9
IT-007133,ORD-03628,P0002,2,0.0,839.32,1678.64,600.28
IT-007134,ORD-03628,P0008,1,0.15,381.65,381.65,18.77
IT-007135,ORD-03628,P0004,3,0.1,41.65,124.96,54.7
IT-007136,ORD-03629,P0018,1,0.0,316.12,316.12,125.01
IT-007137,ORD-03630,P0011,1,0.0,78.52,78.52,31.95
IT-007138,ORD-03630,P0021,3,0.1,949.37,2848.12,357.88
IT-007139,ORD-03630,P0006,1,0.0,942.04,942.04,384.39
IT-007140,ORD-03630,P0020,1,0.05,661.47,661.47,302.81
IT-007141,ORD-03631,P0010,5,0.0,689.95,3449.75,1713.25
IT-007142,ORD-03631,P0025,1,0.3,169.05,169.05,37.92
IT-007143,ORD-03631,P0019,2,0.0,1588.55,3177.1,1431.54
IT-007144,ORD-03632,P0023,1,0.0,500.04,500.04,147.17
IT-007145,ORD-03632,P0007,1,0.0,561.14,561.14,169.55
IT-007146,ORD-03632,P0024,1,0.15,888.72,888.72,358.58
IT-007147,ORD-03633,P0006,1,0.3,659.43,659.43,101.78
IT-007148,ORD-03634,P0016,4,0.0,242.3,969.2,328.56
IT-007149,ORD-03635,P0011,3,0.1,70.67,212.0,72.29
IT-007150,ORD-03635,P0013,1,0.05,1524.98,1524.98,655.74
IT-007151,ORD-03635,P0016,2,0.1,218.07,436.14,115.82
IT-007152,ORD-03635,P0022,2,0.15,788.51,1577.02,634.72
IT-007153,ORD-03636,P0020,1,0.05,661.47,661.47,302.81
IT-007154,ORD-03636,P0005,1,0.15,223.06,223.06,28.02
IT-007155,ORD-03637,P0003,1,0.1,97.08,97.08,40.1
IT-007156,ORD-03638,P0011,4,0.0,78.52,314.08,127.8
IT-007157,ORD-03638,P0008,4,0.0,449.0,1796.0,344.48
IT-007158,ORD-03638,P0004,5,0.0,46.28,231.4,114.3
IT-007159,ORD-03639,P0021,1,0.0,1054.86,1054.86,224.78
IT-007160,ORD-03640,P0022,3,0.0,927.66,2782.98,1369.53
IT-007161,ORD-03640,P0019,1,0.15,1350.27,1350.27,477.49
IT-007162,ORD-03641,P0021,1,0.0,1054.86,1054.86,224.78
IT-007163,ORD-03642,P0004,2,0.0,46.28,92.56,45.72
IT-007164,ORD-03643,P0014,1,0.05,25.37,25.37,6.08
IT-007165,ORD-03644,P0012,1,0.05,469.46,469.46,61.26
IT-007166,ORD-03645,P0001,1,0.1,870.16,870.16,152.25
IT-007167,ORD-03646,P0016,1,0.0,242.3,242.3,82.14
IT-007168,ORD-03646,P0008,1,0.0,449.0,449.0,86.12
IT-007169,ORD-03647,P0008,1,0.0,449.0,449.0,86.12
IT-007170,ORD-03647,P0004,1,0.15,39.34,39.34,15.92
IT-007171,ORD-03647,P0012,1,0.15,420.04,420.04,11.84
IT-007172,ORD-03648,P0018,1,0.15,268.7,268.7,77.59
IT-007173,ORD-03648,P0002,1,0.15,713.42,713.42,174.24
IT-007174,ORD-03649,P0018,1,0.0,316.12,316.12,125.01
IT-007175,ORD-03650,P0009,1,0.0,755.36,755.36,342.18
IT-007176,ORD-03651,P0007,4,0.0,561.14,2244.56,678.2
IT-007177,ORD-03651,P0002,1,0.0,839.32,839.32,300.14
IT-007178,ORD-03651,P0013,1,0.3,1123.67,1123.67,254.43
IT-007179,ORD-03652,P0022,1,0.2,742.13,742.13,270.98
IT-007180,ORD-03652,P0007,3,0.05,533.08,1599.25,424.48
IT-007181,ORD-03652,P0002,1,0.05,797.35,797.35,258.17
IT-007182,ORD-03652,P0011,1,0.2,62.82,62.82,16.25
IT-007183,ORD-03653,P0004,3,0.0,46.28,138.84,68.58
IT-007184,ORD-03654,P0021,3,0.1,949.37,2848.12,357.88
IT-007185,ORD-03655,P0025,4,0.0,241.5,966.0,441.48
IT-007186,ORD-03655,P0024,1,0.05,993.27,993.27,463.13
IT-007187,ORD-03656,P0010,1,0.2,551.96,551.96,204.66
IT-007188,ORD-03656,P0011,1,0.2,62.82,62.82,16.25
IT-007189,ORD-03656,P0023,2,0.15,425.03,850.07,144.33
IT-007190,ORD-03657,P0021,3,0.0,1054.86,3164.58,674.34
IT-007191,ORD-03657,P0013,1,0.0,1605.24,1605.24,736.0
IT-007192,ORD-03658,P0024,1,0.0,1045.55,1045.55,515.41
IT-007193,ORD-03658,P0020,1,0.2,557.02,557.02,198.36
IT-007194,ORD-03659,P0001,1,0.0,966.84,966.84,248.93
IT-007195,ORD-03659,P0022,3,0.0,927.66,2782.98,1369.53
IT-007196,ORD-03660,P0019,1,0.05,1509.12,1509.12,636.34
IT-007197,ORD-03660,P0002,3,0.2,671.46,2014.37,396.83
IT-007198,ORD-03660,P0014,1,0.0,26.71,26.71,7.42
IT-007199,ORD-03660,P0012,2,0.0,494.17,988.34,171.94
IT-007200,ORD-03661,P0001,2,0.0,966.84,1933.68,497.86
IT-007201,ORD-03662,P0009,1,0.05,717.59,717.59,304.41
IT-007202,ORD-03662,P0010,3,0.3,482.96,1448.9,406.99
IT-007203,ORD-03662,P0006,1,0.2,753.63,753.63,195.98
IT-007204,ORD-03662,P0018,2,0.1,284.51,569.02,186.8
IT-007205,ORD-03663,P0019,3,0.2,1270.84,3812.52,1194.18
IT-007206,ORD-03664,P0018,1,0.0,316.12,316.12,125.01
IT-007207,ORD-03664,P0013,1,0.2,1284.19,1284.19,414.95
IT-007208,ORD-03665,P0016,1,0.2,193.84,193.84,33.68
IT-007209,ORD-03665,P0017,1,0.1,779.99,779.99,182.03
IT-007210,ORD-03666,P0013,2,0.1,1444.72,2889.43,1150.95
IT-007211,ORD-03666,P0020,2,0.0,696.28,1392.56,675.24
IT-007212,ORD-03667,P0001,1,0.2,773.47,773.47,55.56
IT-007213,ORD-03667,P0006,1,0.0,942.04,942.04,384.39
IT-007214,ORD-03668,P0024,2,0.0,1045.55,2091.1,1030.82
IT-007215,ORD-03669,P0007,2,0.2,448.91,897.82,114.64
IT-007216,ORD-03670,P0020,1,0.0,696.28,696.28,337.62
IT-007217,ORD-03670,P0021,1,0.15,896.63,896.63,66.55
IT-007218,ORD-03671,P0019,1,0.0,1588.55,1588.55,715.77
IT-007219,ORD-03671,P0022,1,0.15,788.51,788.51,317.36
IT-007220,ORD-03672,P0010,3,0.0,689.95,2069.85,1027.95
IT-007221,ORD-03673,P0013,1,0.05,1524.98,1524.98,655.74
IT-007222,ORD-03673,P0024,1,0.0,1045.55,1045.55,515.41
IT-007223,ORD-03673,P0011,2,0.1,70.67,141.34,48.2
IT-007224,ORD-03673,P0004,3,0.0,46.28,138.84,68.58
IT-007225,ORD-03674,P0018,1,0.1,284.51,284.51,93.4
IT-007226,ORD-03675,P0017,2,0.0,866.66,1733.32,537.4
IT-007227,ORD-03675,P0011,1,0.0,78.52,78.52,31.95
IT-007228,ORD-03676,P0008,2,0.0,449.0,898.0,172.24
IT-007229,ORD-03677,P0018,3,0.0,316.12,948.36,375.03
IT-007230,ORD-03677,P0010,3,0.1,620.96,1862.87,820.97
IT-007231,ORD-03678,P0022,3,0.0,927.66,2782.98,1369.53
IT-007232,ORD-03679,P0016,2,0.0,242.3,484.6,164.28
IT-007233,ORD-03679,P0011,2,0.3,54.96,109.93,16.79
IT-007234,ORD-03680,P0019,4,0.05,1509.12,6036.49,2545.37
IT-007235,ORD-03681,P0023,1,0.0,500.04,500.04,147.17
IT-007236,ORD-03682,P0001,4,0.05,918.5,3673.99,802.35
IT-007237,ORD-03682,P0023,5,0.0,500.04,2500.2,735.85
IT-007238,ORD-03682,P0019,1,0.1,1429.7,1429.7,556.92
IT-007239,ORD-03683,P0021,1,0.0,1054.86,1054.86,224.78
IT-007240,ORD-03683,P0020,1,0.0,696.28,696.28,337.62
IT-007241,ORD-03684,P0023,2,0.0,500.04,1000.08,294.34
IT-007242,ORD-03685,P0016,1,0.2,193.84,193.84,33.68
IT-007243,ORD-03686,P0013,1,0.05,1524.98,1524.98,655.74
IT-007244,ORD-03686,P0020,4,0.0,696.28,2785.12,1350.48
IT-007245,ORD-03686,P0009,1,0.0,755.36,755.36,342.18
IT-007246,ORD-03687,P0021,1,0.1,949.37,949.37,119.29
IT-007247,ORD-03688,P0024,2,0.0,1045.55,2091.1,1030.82
IT-007248,ORD-03688,P0014,1,0.3,18.7,18.7,-0.59
IT-007249,ORD-03688,P0017,1,0.3,606.66,606.66,8.7
IT-007250,ORD-03688,P0013,1,0.0,1605.24,1605.24,736.0
IT-007251,ORD-03689,P0020,5,0.2,557.02,2785.12,991.82
IT-007252,ORD-03689,P0002,3,0.0,839.32,2517.96,900.42
IT-007253,ORD-03690,P0004,3,0.0,46.28,138.84,68.58
IT-007254,ORD-03691,P0002,1,0.05,797.35,797.35,258.17
IT-007255,ORD-03691,P0008,5,0.0,449.0,2245.0,430.6
IT-007256,ORD-03692,P0022,2,0.2,742.13,1484.26,541.96
IT-007257,ORD-03692,P0012,1,0.0,494.17,494.17,85.97
IT-007258,ORD-03692,P0007,2,0.2,448.91,897.82,114.64
IT-007259,ORD-03693,P0017,1,0.0,866.66,866.66,268.7
IT-007260,ORD-03694,P0010,2,0.1,620.96,1241.91,547.31
IT-007261,ORD-03694,P0011,1,0.3,54.96,54.96,8.39
IT-007262,ORD-03695,P0010,2,0.15,586.46,1172.92,478.31
IT-007263,ORD-03695,P0006,5,0.05,894.94,4474.69,1686.44
IT-007264,ORD-03696,P0012,1,0.0,494.17,494.17,85.97
IT-007265,ORD-03696,P0003,2,0.05,102.48,204.95,90.99
IT-007266,ORD-03696,P0004,2,0.1,41.65,83.3,36.46
IT-007267,ORD-03696,P0019,2,0.0,1588.55,3177.1,1431.54
IT-007268,ORD-03697,P0004,1,0.0,46.28,46.28,22.86
IT-007269,ORD-03697,P0009,1,0.1,679.82,679.82,266.64
IT-007270,ORD-03698,P0019,3,0.0,1588.55,4765.65,2147.31
IT-007271,ORD-03699,P0013,1,0.0,1605.24,1605.24,736.0
IT-007272,ORD-03700,P0005,3,0.0,262.42,787.26,202.14
IT-007273,ORD-03701,P0008,2,0.0,449.0,898.0,172.24
IT-007274,ORD-03702,P0007,1,0.2,448.91,448.91,57.32
IT-007275,ORD-03703,P0009,3,0.3,528.75,1586.26,346.72
IT-007276,ORD-03703,P0023,2,0.0,500.04,1000.08,294.34
IT-007277,ORD-03704,P0012,1,0.2,395.34,395.34,-12.86
IT-007278,ORD-03705,P0013,2,0.0,1605.24,3210.48,1472.0
IT-007279,ORD-03706,P0021,1,0.0,1054.86,1054.86,224.78
IT-007280,ORD-03706,P0008,1,0.05,426.55,426.55,63.67
IT-007281,ORD-03707,P0025,1,0.3,169.05,169.05,37.92
IT-007282,ORD-03708,P0021,1,0.05,1002.12,1002.12,172.04
IT-007283,ORD-03709,P0020,2,0.0,696.28,1392.56,675.24
IT-007284,ORD-03710,P0004,3,0.15,39.34,118.01,47.75
IT-007285,ORD-03711,P0009,1,0.15,642.06,642.06,228.88
IT-007286,ORD-03711,P0014,3,0.0,26.71,80.13,22.26
IT-007287,ORD-03711,P0004,2,0.0,46.28,92.56,45.72
IT-007288,ORD-03712,P0014,1,0.1,24.04,24.04,4.75
IT-007289,ORD-03712,P0010,5,0.1,620.96,3104.78,1368.28
IT-007290,ORD-03713,P0022,1,0.15,788.51,788.51,317.36
IT-007291,ORD-03714,P0012,1,0.2,395.34,395.34,-12.86
IT-007292,ORD-03715,P0009,2,0.2,604.29,1208.58,382.22
IT-007293,ORD-03716,P0003,1,0.15,91.69,91.69,34.71
IT-007294,ORD-03716,P0024,1,0.1,941.0,941.0,410.86
IT-007295,ORD-03717,P0022,1,0.0,927.66,927.66,456.51
IT-007296,ORD-03717,P0014,4,0.0,26.71,106.84,29.68
IT-007297,ORD-03718,P0014,1,0.1,24.04,24.04,4.75
IT-007298,ORD-03718,P0022,1,0.0,927.66,927.66,456.51
IT-007299,ORD-03719,P0009,1,0.0,755.36,755.36,342.18
IT-007300,ORD-03720,P0009,5,0.1,679.82,3399.12,1333.22
IT-007301,ORD-03721,P0004,2,0.15,39.34,78.68,31.84
IT-007302,ORD-03721,P0015,1,0.0,1040.69,1040.69,424.17
IT-007303,ORD-03722,P0012,2,0.05,469.46,938.92,122.52
IT-007304,ORD-03722,P0004,1,0.0,46.28,46.28,22.86
IT-007305,ORD-03722,P0007,2,0.0,561.14,1122.28,339.1
IT-007306,ORD-03723,P0005,1,0.05,249.3,249.3,54.26
IT-007307,ORD-03723,P0006,1,0.05,894.94,894.94,337.29
IT-007308,ORD-03723,P0025,1,0.0,241.5,241.5,110.37
IT-007309,ORD-03723,P0011,1,0.15,66.74,66.74,20.17
IT-007310,ORD-03724,P0021,3,0.15,896.63,2689.89,199.65
IT-007311,ORD-03725,P0008,4,0.0,449.0,1796.0,344.48
IT-007312,ORD-03725,P0018,2,0.2,252.9,505.79,123.57
IT-007313,ORD-03726,P0024,1,0.1,941.0,941.0,410.86
IT-007314,ORD-03726,P0004,4,0.05,43.97,175.86,82.18
IT-007315,ORD-03727,P0016,2,0.15,205.96,411.91,91.59
IT-007316,ORD-03727,P0009,4,0.0,755.36,3021.44,1368.72
IT-007317,ORD-03727,P0023,2,0.05,475.04,950.08,244.34
IT-007318,ORD-03727,P0005,1,0.0,262.42,262.42,67.38
IT-007319,ORD-03728,P0005,2,0.3,183.69,367.39,-22.69
IT-007320,ORD-03729,P0016,1,0.0,242.3,242.3,82.14
IT-007321,ORD-03729,P0004,3,0.15,39.34,118.01,47.75
IT-007322,ORD-03730,P0004,1,0.2,37.02,37.02,13.6
IT-007323,ORD-03731,P0006,2,0.15,800.73,1601.47,486.17
IT-007324,ORD-03731,P0012,1,0.05,469.46,469.46,61.26
IT-007325,ORD-03732,P0011,1,0.2,62.82,62.82,16.25
IT-007326,ORD-03733,P0004,1,0.3,32.4,32.4,8.98
IT-007327,ORD-03733,P0007,4,0.2,448.91,1795.65,229.29
IT-007328,ORD-03733,P0005,3,0.05,249.3,747.9,162.78
IT-007329,ORD-03734,P0013,3,0.0,1605.24,4815.72,2208.0
IT-007330,ORD-03734,P0010,3,0.0,689.95,2069.85,1027.95
IT-007331,ORD-03734,P0023,3,0.1,450.04,1350.11,291.5
IT-007332,ORD-03735,P0008,3,0.0,449.0,1347.0,258.36
IT-007333,ORD-03736,P0013,2,0.05,1524.98,3049.96,1311.48
IT-007334,ORD-03736,P0014,1,0.05,25.37,25.37,6.08
IT-007335,ORD-03737,P0025,1,0.0,241.5,241.5,110.37
IT-007336,ORD-03738,P0011,2,0.05,74.59,149.19,56.05
IT-007337,ORD-03738,P0010,2,0.05,655.45,1310.9,616.3
IT-007338,ORD-03739,P0012,2,0.0,494.17,988.34,171.94
IT-007339,ORD-03740,P0024,1,0.0,1045.55,1045.55,515.41
IT-007340,ORD-03741,P0024,2,0.0,1045.55,2091.1,1030.82
IT-007341,ORD-03741,P0025,2,0.3,169.05,338.1,75.84
IT-007342,ORD-03741,P0015,5,0.2,832.55,4162.76,1080.16
IT-007343,ORD-03742,P0005,3,0.1,236.18,708.53,123.41
IT-007344,ORD-03743,P0012,4,0.05,469.46,1877.85,245.05
IT-007345,ORD-03743,P0022,1,0.3,649.36,649.36,178.21
IT-007346,ORD-03744,P0018,1,0.05,300.31,300.31,109.2
IT-007347,ORD-03744,P0016,2,0.0,242.3,484.6,164.28
IT-007348,ORD-03744,P0006,2,0.0,942.04,1884.08,768.78
IT-007349,ORD-03745,P0003,1,0.1,97.08,97.08,40.1
IT-007350,ORD-03745,P0011,2,0.3,54.96,109.93,16.79
IT-007351,ORD-03745,P0021,1,0.0,1054.86,1054.86,224.78
IT-007352,ORD-03746,P0020,2,0.0,696.28,1392.56,675.24
IT-007353,ORD-03746,P0006,1,0.15,800.73,800.73,243.08
IT-007354,ORD-03746,P0012,2,0.1,444.75,889.51,73.11
IT-007355,ORD-03747,P0004,1,0.0,46.28,46.28,22.86
IT-007356,ORD-03748,P0019,2,0.2,1270.84,2541.68,796.12
IT-007357,ORD-03748,P0009,3,0.1,679.82,2039.47,799.93
IT-007358,ORD-03748,P0023,1,0.0,500.04,500.04,147.17
IT-007359,ORD-03749,P0010,2,0.0,689.95,1379.9,685.3
IT-007360,ORD-03750,P0018,4,0.0,316.12,1264.48,500.04
IT-007361,ORD-03750,P0009,3,0.0,755.36,2266.08,1026.54
IT-007362,ORD-03750,P0022,2,0.0,927.66,1855.32,913.02
IT-007363,ORD-03750,P0012,1,0.0,494.17,494.17,85.97
IT-007364,ORD-03751,P0016,1,0.05,230.18,230.18,70.03
IT-007365,ORD-03751,P0017,3,0.2,693.33,2079.98,286.1
IT-007366,ORD-03752,P0020,1,0.2,557.02,557.02,198.36
IT-007367,ORD-03752,P0024,2,0.1,941.0,1881.99,821.71
IT-007368,ORD-03752,P0014,1,0.0,26.71,26.71,7.42
IT-007369,ORD-03753,P0022,1,0.2,742.13,742.13,270.98
IT-007370,ORD-03754,P0013,1,0.1,1444.72,1444.72,575.48
IT-007371,ORD-03754,P0004,2,0.0,46.28,92.56,45.72
IT-007372,ORD-03755,P0022,1,0.0,927.66,927.66,456.51
IT-007373,ORD-03755,P0008,1,0.05,426.55,426.55,63.67
IT-007374,ORD-03755,P0023,2,0.0,500.04,1000.08,294.34
IT-007375,ORD-03756,P0024,2,0.0,1045.55,2091.1,1030.82
IT-007376,ORD-03756,P0017,2,0.1,779.99,1559.99,364.07
IT-007377,ORD-03756,P0011,1,0.1,70.67,70.67,24.1
IT-007378,ORD-03757,P0018,1,0.1,284.51,284.51,93.4
IT-007379,ORD-03758,P0009,3,0.0,755.36,2266.08,1026.54
IT-007380,ORD-03758,P0006,2,0.0,942.04,1884.08,768.78
IT-007381,ORD-03758,P0001,1,0.15,821.81,821.81,103.9
IT-007382,ORD-03758,P0020,1,0.0,696.28,696.28,337.62
IT-007383,ORD-03759,P0021,1,0.05,1002.12,1002.12,172.04
IT-007384,ORD-03760,P0018,1,0.0,316.12,316.12,125.01
IT-007385,ORD-03760,P0009,1,0.0,755.36,755.36,342.18
IT-007386,ORD-03761,P0001,2,0.0,966.84,1933.68,497.86
IT-007387,ORD-03761,P0011,3,0.0,78.52,235.56,95.85
IT-007388,ORD-03762,P0023,2,0.05,475.04,950.08,244.34
IT-007389,ORD-03763,P0005,2,0.0,262.42,524.84,134.76
IT-007390,ORD-03764,P0018,1,0.1,284.51,284.51,93.4
IT-007391,ORD-03764,P0024,2,0.15,888.72,1777.44,717.16
IT-007392,ORD-03764,P0006,4,0.0,942.04,3768.16,1537.56
IT-007393,ORD-03765,P0016,5,0.05,230.18,1150.92,350.12
IT-007394,ORD-03766,P0025,2,0.0,241.5,483.0,220.74
IT-007395,ORD-03767,P0003,2,0.1,97.08,194.17,80.21
IT-007396,ORD-03767,P0006,5,0.0,942.04,4710.2,1921.95
IT-007397,ORD-03767,P0004,2,0.05,43.97,87.93,41.09
IT-007398,ORD-03768,P0017,4,0.1,779.99,3119.98,728.14
IT-007399,ORD-03768,P0016,1,0.3,169.61,169.61,9.45
IT-007400,ORD-03768,P0010,4,0.0,689.95,2759.8,1370.6
IT-007401,ORD-03769,P0005,2,0.0,262.42,524.84,134.76
IT-007402,ORD-03769,P0010,2,0.0,689.95,1379.9,685.3
IT-007403,ORD-03770,P0011,1,0.05,74.59,74.59,28.02
IT-007404,ORD-03771,P0021,1,0.0,1054.86,1054.86,224.78
IT-007405,ORD-03772,P0017,1,0.15,736.66,736.66,138.7
IT-007406,ORD-03772,P0010,4,0.0,689.95,2759.8,1370.6
IT-007407,ORD-03773,P0004,1,0.0,46.28,46.28,22.86
IT-007408,ORD-03773,P0002,1,0.0,839.32,839.32,300.14
IT-007409,ORD-03774,P0005,5,0.0,262.42,1312.1,336.9
IT-007410,ORD-03774,P0023,2,0.0,500.04,1000.08,294.34
IT-007411,ORD-03775,P0011,1,0.05,74.59,74.59,28.02
IT-007412,ORD-03775,P0024,1,0.0,1045.55,1045.55,515.41
IT-007413,ORD-03775,P0021,1,0.0,1054.86,1054.86,224.78
IT-007414,ORD-03776,P0009,1,0.2,604.29,604.29,191.11
IT-007415,ORD-03776,P0011,1,0.15,66.74,66.74,20.17
IT-007416,ORD-03777,P0001,2,0.0,966.84,1933.68,497.86
IT-007417,ORD-03778,P0024,1,0.0,1045.55,1045.55,515.41
IT-007418,ORD-03778,P0002,1,0.0,839.32,839.32,300.14
IT-007419,ORD-03778,P0018,2,0.0,316.12,632.24,250.02
IT-007420,ORD-03778,P0021,1,0.0,1054.86,1054.86,224.78
IT-007421,ORD-03779,P0015,1,0.0,1040.69,1040.69,424.17
IT-007422,ORD-03779,P0014,1,0.1,24.04,24.04,4.75
IT-007423,ORD-03780,P0009,1,0.05,717.59,717.59,304.41
IT-007424,ORD-03780,P0020,1,0.0,696.28,696.28,337.62
IT-007425,ORD-03781,P0017,1,0.15,736.66,736.66,138.7
IT-007426,ORD-03781,P0008,2,0.15,381.65,763.3,37.54
IT-007427,ORD-03781,P0023,2,0.05,475.04,950.08,244.34
IT-007428,ORD-03781,P0016,1,0.2,193.84,193.84,33.68
IT-007429,ORD-03782,P0007,2,0.1,505.03,1010.05,226.87
IT-007430,ORD-03782,P0002,4,0.0,839.32,3357.28,1200.56
IT-007431,ORD-03782,P0008,1,0.1,404.1,404.1,41.22
IT-007432,ORD-03782,P0022,1,0.15,788.51,788.51,317.36
IT-007433,ORD-03783,P0018,1,0.0,316.12,316.12,125.01
IT-007434,ORD-03783,P0021,1,0.3,738.4,738.4,-91.68
IT-007435,ORD-03784,P0008,1,0.05,426.55,426.55,63.67
IT-007436,ORD-03785,P0024,1,0.05,993.27,993.27,463.13
IT-007437,ORD-03785,P0017,5,0.1,779.99,3899.97,910.17
IT-007438,ORD-03785,P0007,2,0.15,476.97,953.94,170.76
IT-007439,ORD-03785,P0004,1,0.0,46.28,46.28,22.86
IT-007440,ORD-03786,P0020,2,0.05,661.47,1322.93,605.61
IT-007441,ORD-03786,P0025,3,0.05,229.42,688.28,294.88
IT-007442,ORD-03787,P0019,3,0.1,1429.7,4289.08,1670.74
IT-007443,ORD-03787,P0014,2,0.05,25.37,50.75,12.17
IT-007444,ORD-03788,P0024,3,0.2,836.44,2509.32,918.9
IT-007445,ORD-03788,P0013,2,0.05,1524.98,3049.96,1311.48
IT-007446,ORD-03789,P0015,2,0.0,1040.69,2081.38,848.34
IT-007447,ORD-03789,P0002,4,0.0,839.32,3357.28,1200.56
IT-007448,ORD-03790,P0024,2,0.05,993.27,1986.54,926.26
IT-007449,ORD-03790,P0013,4,0.0,1605.24,6420.96,2944.0
IT-007450,ORD-03790,P0023,1,0.0,500.04,500.04,147.17
IT-007451,ORD-03791,P0011,1,0.3,54.96,54.96,8.39
IT-007452,ORD-03791,P0004,2,0.05,43.97,87.93,41.09
IT-007453,ORD-03792,P0018,5,0.3,221.28,1106.42,150.87
IT-007454,ORD-03792,P0020,3,0.0,696.28,2088.84,1012.86
IT-007455,ORD-03792,P0007,1,0.0,561.14,561.14,169.55
IT-007456,ORD-03793,P0001,1,0.1,870.16,870.16,152.25
IT-007457,ORD-03793,P0023,1,0.15,425.03,425.03,72.16
IT-007458,ORD-03793,P0024,1,0.05,993.27,993.27,463.13
IT-007459,ORD-03794,P0005,2,0.0,262.42,524.84,134.76
IT-007460,ORD-03794,P0001,3,0.1,870.16,2610.47,456.74
IT-007461,ORD-03794,P0015,4,0.1,936.62,3746.48,1280.4
IT-007462,ORD-03795,P0021,1,0.05,1002.12,1002.12,172.04
IT-007463,ORD-03795,P0014,1,0.0,26.71,26.71,7.42
IT-007464,ORD-03796,P0019,1,0.0,1588.55,1588.55,715.77
IT-007465,ORD-03796,P0017,1,0.15,736.66,736.66,138.7
IT-007466,ORD-03796,P0004,3,0.2,37.02,111.07,40.81
IT-007467,ORD-03797,P0016,2,0.0,242.3,484.6,164.28
IT-007468,ORD-03798,P0018,4,0.2,252.9,1011.58,247.14
IT-007469,ORD-03799,P0024,3,0.0,1045.55,3136.65,1546.23
IT-007470,ORD-03799,P0017,2,0.0,866.66,1733.32,537.4
IT-007471,ORD-03799,P0020,4,0.1,626.65,2506.61,1071.97
IT-007472,ORD-03800,P0012,3,0.0,494.17,1482.51,257.91
IT-007473,ORD-03800,P0005,1,0.3,183.69,183.69,-11.35
IT-007474,ORD-03801,P0013,2,0.0,1605.24,3210.48,1472.0
IT-007475,ORD-03802,P0013,1,0.15,1364.45,1364.45,495.21
IT-007476,ORD-03803,P0016,2,0.0,242.3,484.6,164.28
IT-007477,ORD-03804,P0013,1,0.0,1605.24,1605.24,736.0
IT-007478,ORD-03804,P0003,2,0.2,86.3,172.59,58.63
IT-007479,ORD-03804,P0007,3,0.0,561.14,1683.42,508.65
IT-007480,ORD-03805,P0023,3,0.0,500.04,1500.12,441.51
IT-007481,ORD-03805,P0002,1,0.2,671.46,671.46,132.28
IT-007482,ORD-03806,P0021,2,0.1,949.37,1898.75,238.59
IT-007483,ORD-03807,P0011,3,0.0,78.52,235.56,95.85
IT-007484,ORD-03807,P0010,1,0.2,551.96,551.96,204.66
IT-007485,ORD-03807,P0009,1,0.1,679.82,679.82,266.64
IT-007486,ORD-03808,P0020,2,0.1,626.65,1253.3,535.98
IT-007487,ORD-03809,P0002,2,0.1,755.39,1510.78,432.42
IT-007488,ORD-03809,P0005,2,0.0,262.42,524.84,134.76
IT-007489,ORD-03809,P0001,2,0.0,966.84,1933.68,497.86
IT-007490,ORD-03810,P0015,1,0.15,884.59,884.59,268.07
IT-007491,ORD-03810,P0025,2,0.0,241.5,483.0,220.74
IT-007492,ORD-03811,P0012,2,0.0,494.17,988.34,171.94
IT-007493,ORD-03811,P0022,4,0.0,927.66,3710.64,1826.04
IT-007494,ORD-03812,P0025,1,0.1,217.35,217.35,86.22
IT-007495,ORD-03813,P0009,1,0.2,604.29,604.29,191.11
IT-007496,ORD-03814,P0020,3,0.1,626.65,1879.96,803.98
IT-007497,ORD-03814,P0018,1,0.0,316.12,316.12,125.01
IT-007498,ORD-03814,P0011,1,0.05,74.59,74.59,28.02
IT-007499,ORD-03815,P0006,1,0.1,847.84,847.84,290.19
IT-007500,ORD-03816,P0008,1,0.15,381.65,381.65,18.77
IT-007501,ORD-03816,P0016,1,0.0,242.3,242.3,82.14
IT-007502,ORD-03816,P0011,1,0.05,74.59,74.59,28.02
IT-007503,ORD-03816,P0022,2,0.0,927.66,1855.32,913.02
IT-007504,ORD-03817,P0019,4,0.0,1588.55,6354.2,2863.08
IT-007505,ORD-03817,P0012,3,0.2,395.34,1186.01,-38.59
IT-007506,ORD-03818,P0009,3,0.0,755.36,2266.08,1026.54
IT-007507,ORD-03818,P0006,1,0.05,894.94,894.94,337.29
IT-007508,ORD-03819,P0010,2,0.0,689.95,1379.9,685.3
IT-007509,ORD-03819,P0015,2,0.0,1040.69,2081.38,848.34
IT-007510,ORD-03820,P0015,2,0.0,1040.69,2081.38,848.34
IT-007511,ORD-03821,P0005,2,0.2,209.94,419.87,29.79
IT-007512,ORD-03821,P0007,3,0.1,505.03,1515.08,340.31
IT-007513,ORD-03822,P0015,3,0.0,1040.69,3122.07,1272.51
IT-007514,ORD-03822,P0010,2,0.05,655.45,1310.9,616.3
IT-007515,ORD-03822,P0021,2,0.0,1054.86,2109.72,449.56
IT-007516,ORD-03822,P0018,1,0.05,300.31,300.31,109.2
IT-007517,ORD-03823,P0002,2,0.0,839.32,1678.64,600.28
IT-007518,ORD-03824,P0024,1,0.05,993.27,993.27,463.13
IT-007519,ORD-03824,P0018,1,0.2,252.9,252.9,61.79
IT-007520,ORD-03825,P0019,1,0.0,1588.55,1588.55,715.77
IT-007521,ORD-03825,P0023,1,0.0,500.04,500.04,147.17
IT-007522,ORD-03826,P0016,1,0.0,242.3,242.3,82.14
IT-007523,ORD-03826,P0008,2,0.05,426.55,853.1,127.34
IT-007524,ORD-03827,P0017,2,0.0,866.66,1733.32,537.4
IT-007525,ORD-03828,P0006,2,0.15,800.73,1601.47,486.17
IT-007526,ORD-03828,P0013,4,0.0,1605.24,6420.96,2944.0
IT-007527,ORD-03829,P0025,2,0.0,241.5,483.0,220.74
IT-007528,ORD-03829,P0003,1,0.15,91.69,91.69,34.71
IT-007529,ORD-03829,P0018,4,0.15,268.7,1074.81,310.37
IT-007530,ORD-03829,P0011,3,0.15,66.74,200.23,60.52
IT-007531,ORD-03830,P0020,5,0.0,696.28,3481.4,1688.1
IT-007532,ORD-03831,P0018,4,0.0,316.12,1264.48,500.04
IT-007533,ORD-03831,P0002,5,0.0,839.32,4196.6,1500.7
IT-007534,ORD-03832,P0001,3,0.1,870.16,2610.47,456.74
IT-007535,ORD-03832,P0012,2,0.1,444.75,889.51,73.11
IT-007536,ORD-03833,P0007,1,0.05,533.08,533.08,141.49
IT-007537,ORD-03833,P0005,1,0.05,249.3,249.3,54.26
IT-007538,ORD-03834,P0023,2,0.2,400.03,800.06,94.32
IT-007539,ORD-03834,P0008,2,0.3,314.3,628.6,-97.16
IT-007540,ORD-03835,P0006,1,0.2,753.63,753.63,195.98
IT-007541,ORD-03835,P0022,3,0.05,881.28,2643.83,1230.38
IT-007542,ORD-03836,P0022,1,0.1,834.89,834.89,363.74
IT-007543,ORD-03837,P0020,1,0.0,696.28,696.28,337.62
IT-007544,ORD-03837,P0023,2,0.1,450.04,900.07,194.33
IT-007545,ORD-03837,P0015,1,0.0,1040.69,1040.69,424.17
IT-007546,ORD-03838,P0004,3,0.0,46.28,138.84,68.58
IT-007547,ORD-03838,P0016,1,0.05,230.18,230.18,70.03
IT-007548,ORD-03838,P0001,1,0.15,821.81,821.81,103.9
IT-007549,ORD-03839,P0001,1,0.0,966.84,966.84,248.93
IT-007550,ORD-03840,P0009,3,0.15,642.06,1926.17,686.63
IT-007551,ORD-03840,P0003,2,0.2,86.3,172.59,58.63
IT-007552,ORD-03841,P0004,2,0.05,43.97,87.93,41.09
IT-007553,ORD-03841,P0014,1,0.0,26.71,26.71,7.42
IT-007554,ORD-03841,P0023,4,0.1,450.04,1800.14,388.66
IT-007555,ORD-03842,P0023,1,0.2,400.03,400.03,47.16
IT-007556,ORD-03842,P0012,3,0.0,494.17,1482.51,257.91
IT-007557,ORD-03842,P0020,1,0.0,696.28,696.28,337.62
IT-007558,ORD-03842,P0025,1,0.1,217.35,217.35,86.22
IT-007559,ORD-03843,P0003,1,0.0,107.87,107.87,50.89
IT-007560,ORD-03843,P0024,1,0.0,1045.55,1045.55,515.41
IT-007561,ORD-03843,P0012,1,0.2,395.34,395.34,-12.86
IT-007562,ORD-03843,P0001,1,0.0,966.84,966.84,248.93
IT-007563,ORD-03844,P0008,1,0.0,449.0,449.0,86.12
IT-007564,ORD-03844,P0012,4,0.0,494.17,1976.68,343.88
IT-007565,ORD-03844,P0021,1,0.05,1002.12,1002.12,172.04
IT-007566,ORD-03845,P0024,2,0.15,888.72,1777.44,717.16
IT-007567,ORD-03846,P0018,1,0.0,316.12,316.12,125.01
IT-007568,ORD-03846,P0009,1,0.15,642.06,642.06,228.88
IT-007569,ORD-03846,P0002,3,0.0,839.32,2517.96,900.42
IT-007570,ORD-03847,P0019,2,0.1,1429.7,2859.39,1113.83
IT-007571,ORD-03847,P0006,1,0.0,942.04,942.04,384.39
IT-007572,ORD-03847,P0014,1,0.0,26.71,26.71,7.42
IT-007573,ORD-03848,P0006,2,0.1,847.84,1695.67,580.37
IT-007574,ORD-03849,P0023,2,0.0,500.04,1000.08,294.34
IT-007575,ORD-03850,P0025,4,0.0,241.5,966.0,441.48
IT-007576,ORD-03850,P0024,3,0.0,1045.55,3136.65,1546.23
IT-007577,ORD-03851,P0012,1,0.0,494.17,494.17,85.97
IT-007578,ORD-03851,P0009,1,0.05,717.59,717.59,304.41
IT-007579,ORD-03852,P0014,3,0.1,24.04,72.12,14.25
IT-007580,ORD-03853,P0003,1,0.3,75.51,75.51,18.53
IT-007581,ORD-03854,P0025,1,0.15,205.28,205.28,74.15
IT-007582,ORD-03855,P0013,3,0.15,1364.45,4093.36,1485.64
IT-007583,ORD-03855,P0010,1,0.0,689.95,689.95,342.65
IT-007584,ORD-03856,P0016,3,0.1,218.07,654.21,173.73
IT-007585,ORD-03857,P0022,1,0.05,881.28,881.28,410.13
IT-007586,ORD-03857,P0018,2,0.3,221.28,442.57,60.35
IT-007587,ORD-03857,P0021,1,0.0,1054.86,1054.86,224.78
IT-007588,ORD-03858,P0006,2,0.0,942.04,1884.08,768.78
IT-007589,ORD-03859,P0001,2,0.0,966.84,1933.68,497.86
IT-007590,ORD-03859,P0018,2,0.15,268.7,537.4,155.18
IT-007591,ORD-03859,P0013,2,0.0,1605.24,3210.48,1472.0
IT-007592,ORD-03860,P0025,1,0.0,241.5,241.5,110.37
IT-007593,ORD-03860,P0013,2,0.15,1364.45,2728.91,990.43
IT-007594,ORD-03860,P0012,3,0.05,469.46,1408.38,183.78
IT-007595,ORD-03861,P0003,1,0.0,107.87,107.87,50.89
IT-007596,ORD-03861,P0020,1,0.1,626.65,626.65,267.99
IT-007597,ORD-03861,P0019,2,0.05,1509.12,3018.24,1272.68
IT-007598,ORD-03862,P0017,1,0.0,866.66,866.66,268.7
IT-007599,ORD-03862,P0018,4,0.15,268.7,1074.81,310.37
IT-007600,ORD-03863,P0018,1,0.05,300.31,300.31,109.2
IT-007601,ORD-03864,P0004,2,0.2,37.02,74.05,27.21
IT-007602,ORD-03864,P0014,2,0.1,24.04,48.08,9.5
IT-007603,ORD-03865,P0009,1,0.0,755.36,755.36,342.18
IT-007604,ORD-03866,P0017,1,0.1,779.99,779.99,182.03
IT-007605,ORD-03866,P0025,1,0.0,241.5,241.5,110.37
IT-007606,ORD-03866,P0012,1,0.0,494.17,494.17,85.97
IT-007607,ORD-03866,P0016,2,0.3,169.61,339.22,18.9
IT-007608,ORD-03867,P0003,5,0.05,102.48,512.38,227.48
IT-007609,ORD-03868,P0001,2,0.05,918.5,1837.0,401.18
IT-007610,ORD-03868,P0009,1,0.0,755.36,755.36,342.18
IT-007611,ORD-03869,P0009,1,0.1,679.82,679.82,266.64
IT-007612,ORD-03869,P0005,4,0.0,262.42,1049.68,269.52
IT-007613,ORD-03869,P0003,5,0.15,91.69,458.45,173.55
IT-007614,ORD-03870,P0003,2,0.05,102.48,204.95,90.99
IT-007615,ORD-03870,P0010,2,0.05,655.45,1310.9,616.3
IT-007616,ORD-03870,P0001,1,0.0,966.84,966.84,248.93
IT-007617,ORD-03870,P0015,1,0.3,728.48,728.48,111.96
IT-007618,ORD-03871,P0016,3,0.1,218.07,654.21,173.73
IT-007619,ORD-03871,P0018,2,0.05,300.31,600.63,218.41
IT-007620,ORD-03871,P0007,2,0.0,561.14,1122.28,339.1
IT-007621,ORD-03872,P0014,1,0.05,25.37,25.37,6.08
IT-007622,ORD-03872,P0016,2,0.1,218.07,436.14,115.82
IT-007623,ORD-03873,P0016,1,0.0,242.3,242.3,82.14
IT-007624,ORD-03873,P0024,2,0.0,1045.55,2091.1,1030.82
IT-007625,ORD-03874,P0006,1,0.05,894.94,894.94,337.29
IT-007626,ORD-03874,P0022,1,0.0,927.66,927.66,456.51
IT-007627,ORD-03875,P0004,2,0.15,39.34,78.68,31.84
IT-007628,ORD-03876,P0022,1,0.0,927.66,927.66,456.51
IT-007629,ORD-03876,P0016,3,0.05,230.18,690.56,210.08
IT-007630,ORD-03876,P0003,1,0.2,86.3,86.3,29.32
IT-007631,ORD-03877,P0018,1,0.0,316.12,316.12,125.01
IT-007632,ORD-03877,P0014,4,0.15,22.7,90.81,13.65
IT-007633,ORD-03878,P0015,1,0.0,1040.69,1040.69,424.17
IT-007634,ORD-03879,P0005,1,0.05,249.3,249.3,54.26
IT-007635,ORD-03879,P0008,1,0.0,449.0,449.0,86.12
IT-007636,ORD-03879,P0016,1,0.1,218.07,218.07,57.91
IT-007637,ORD-03880,P0015,4,0.05,988.66,3954.62,1488.54
IT-007638,ORD-03880,P0016,1,0.0,242.3,242.3,82.14
IT-007639,ORD-03881,P0007,2,0.15,476.97,953.94,170.76
IT-007640,ORD-03881,P0012,1,0.05,469.46,469.46,61.26
IT-007641,ORD-03881,P0008,1,0.05,426.55,426.55,63.67
IT-007642,ORD-03882,P0001,2,0.15,821.81,1643.63,207.81
IT-007643,ORD-03882,P0023,1,0.1,450.04,450.04,97.17
IT-007644,ORD-03882,P0014,1,0.0,26.71,26.71,7.42
IT-007645,ORD-03883,P0017,1,0.0,866.66,866.66,268.7
IT-007646,ORD-03883,P0001,1,0.1,870.16,870.16,152.25
IT-007647,ORD-03883,P0010,1,0.0,689.95,689.95,342.65
IT-007648,ORD-03884,P0014,5,0.3,18.7,93.48,-2.96
IT-007649,ORD-03885,P0018,4,0.2,252.9,1011.58,247.14
IT-007650,ORD-03886,P0017,2,0.0,866.66,1733.32,537.4
IT-007651,ORD-03886,P0023,1,0.05,475.04,475.04,122.17
IT-007652,ORD-03886,P0018,1,0.0,316.12,316.12,125.01
IT-007653,ORD-03887,P0016,3,0.3,169.61,508.83,28.35
IT-007654,ORD-03887,P0018,1,0.1,284.51,284.51,93.4
IT-007655,ORD-03887,P0003,1,0.2,86.3,86.3,29.32
IT-007656,ORD-03888,P0012,3,0.0,494.17,1482.51,257.91
IT-007657,ORD-03888,P0015,1,0.2,832.55,832.55,216.03
IT-007658,ORD-03889,P0009,1,0.1,679.82,679.82,266.64
IT-007659,ORD-03889,P0004,3,0.0,46.28,138.84,68.58
IT-007660,ORD-03890,P0015,2,0.05,988.66,1977.31,744.27
IT-007661,ORD-03891,P0009,2,0.05,717.59,1435.18,608.82
IT-007662,ORD-03891,P0015,1,0.05,988.66,988.66,372.14
IT-007663,ORD-03891,P0007,2,0.2,448.91,897.82,114.64
IT-007664,ORD-03891,P0004,1,0.05,43.97,43.97,20.55
IT-007665,ORD-03892,P0025,1,0.1,217.35,217.35,86.22
IT-007666,ORD-03893,P0017,1,0.1,779.99,779.99,182.03
IT-007667,ORD-03894,P0013,1,0.2,1284.19,1284.19,414.95
IT-007668,ORD-03894,P0023,1,0.2,400.03,400.03,47.16
IT-007669,ORD-03895,P0018,2,0.2,252.9,505.79,123.57
IT-007670,ORD-03896,P0004,5,0.15,39.34,196.69,79.59
IT-007671,ORD-03896,P0015,3,0.2,832.55,2497.66,648.1
IT-007672,ORD-03896,P0019,1,0.0,1588.55,1588.55,715.77
IT-007673,ORD-03896,P0003,4,0.05,102.48,409.91,181.99
IT-007674,ORD-03897,P0014,1,0.0,26.71,26.71,7.42
IT-007675,ORD-03898,P0023,1,0.2,400.03,400.03,47.16
IT-007676,ORD-03899,P0019,1,0.1,1429.7,1429.7,556.92
IT-007677,ORD-03899,P0009,1,0.0,755.36,755.36,342.18
IT-007678,ORD-03900,P0011,2,0.0,78.52,157.04,63.9
IT-007679,ORD-03900,P0012,1,0.05,469.46,469.46,61.26
IT-007680,ORD-03901,P0025,3,0.2,193.2,579.6,186.21
IT-007681,ORD-03902,P0009,3,0.0,755.36,2266.08,1026.54
IT-007682,ORD-03902,P0023,1,0.0,500.04,500.04,147.17
IT-007683,ORD-03903,P0024,2,0.05,993.27,1986.54,926.26
IT-007684,ORD-03903,P0016,1,0.0,242.3,242.3,82.14
IT-007685,ORD-03904,P0018,1,0.0,316.12,316.12,125.01
IT-007686,ORD-03904,P0004,2,0.0,46.28,92.56,45.72
IT-007687,ORD-03904,P0025,4,0.0,241.5,966.0,441.48
IT-007688,ORD-03905,P0018,1,0.2,252.9,252.9,61.79
IT-007689,ORD-03906,P0012,3,0.0,494.17,1482.51,257.91
IT-007690,ORD-03906,P0019,4,0.0,1588.55,6354.2,2863.08
IT-007691,ORD-03906,P0015,3,0.0,1040.69,3122.07,1272.51
IT-007692,ORD-03906,P0014,3,0.0,26.71,80.13,22.26
IT-007693,ORD-03907,P0002,2,0.2,671.46,1342.91,264.55
IT-007694,ORD-03907,P0009,1,0.0,755.36,755.36,342.18
IT-007695,ORD-03908,P0013,1,0.0,1605.24,1605.24,736.0
IT-007696,ORD-03909,P0018,1,0.05,300.31,300.31,109.2
IT-007697,ORD-03910,P0007,1,0.0,561.14,561.14,169.55
IT-007698,ORD-03910,P0013,2,0.1,1444.72,2889.43,1150.95
IT-007699,ORD-03911,P0023,3,0.15,425.03,1275.1,216.49
IT-007700,ORD-03912,P0016,3,0.05,230.18,690.56,210.08
IT-007701,ORD-03913,P0023,1,0.2,400.03,400.03,47.16
IT-007702,ORD-03914,P0001,1,0.0,966.84,966.84,248.93
IT-007703,ORD-03914,P0015,2,0.1,936.62,1873.24,640.2
IT-007704,ORD-03915,P0012,5,0.3,345.92,1729.59,-311.41
IT-007705,ORD-03915,P0019,1,0.0,1588.55,1588.55,715.77
IT-007706,ORD-03916,P0019,4,0.05,1509.12,6036.49,2545.37
IT-007707,ORD-03917,P0023,2,0.05,475.04,950.08,244.34
IT-007708,ORD-03917,P0001,1,0.0,966.84,966.84,248.93
IT-007709,ORD-03918,P0011,3,0.1,70.67,212.0,72.29
IT-007710,ORD-03918,P0021,4,0.2,843.89,3375.55,55.23
IT-007711,ORD-03918,P0010,1,0.1,620.96,620.96,273.66
IT-007712,ORD-03919,P0008,4,0.05,426.55,1706.2,254.68
IT-007713,ORD-03920,P0014,5,0.1,24.04,120.2,23.75
IT-007714,ORD-03920,P0004,1,0.0,46.28,46.28,22.86
IT-007715,ORD-03920,P0011,1,0.0,78.52,78.52,31.95
IT-007716,ORD-03921,P0018,1,0.05,300.31,300.31,109.2
IT-007717,ORD-03921,P0011,1,0.0,78.52,78.52,31.95
IT-007718,ORD-03922,P0015,4,0.0,1040.69,4162.76,1696.68
IT-007719,ORD-03922,P0001,2,0.0,966.84,1933.68,497.86
IT-007720,ORD-03922,P0009,2,0.1,679.82,1359.65,533.29
IT-007721,ORD-03922,P0006,5,0.0,942.04,4710.2,1921.95
IT-007722,ORD-03923,P0014,5,0.0,26.71,133.55,37.1
IT-007723,ORD-03924,P0019,3,0.05,1509.12,4527.37,1909.03
IT-007724,ORD-03924,P0005,1,0.0,262.42,262.42,67.38
IT-007725,ORD-03924,P0004,1,0.0,46.28,46.28,22.86
IT-007726,ORD-03924,P0003,1,0.0,107.87,107.87,50.89
IT-007727,ORD-03925,P0014,1,0.0,26.71,26.71,7.42
IT-007728,ORD-03925,P0003,1,0.0,107.87,107.87,50.89
IT-007729,ORD-03926,P0014,1,0.3,18.7,18.7,-0.59
IT-007730,ORD-03926,P0022,1,0.05,881.28,881.28,410.13
IT-007731,ORD-03927,P0009,3,0.0,755.36,2266.08,1026.54
IT-007732,ORD-03927,P0006,1,0.15,800.73,800.73,243.08
IT-007733,ORD-03928,P0013,4,0.3,1123.67,4494.67,1017.71
IT-007734,ORD-03929,P0024,1,0.0,1045.55,1045.55,515.41
IT-007735,ORD-03929,P0011,1,0.1,70.67,70.67,24.1
IT-007736,ORD-03929,P0018,1,0.1,284.51,284.51,93.4
IT-007737,ORD-03929,P0006,5,0.0,942.04,4710.2,1921.95
IT-007738,ORD-03930,P0018,1,0.3,221.28,221.28,30.17
IT-007739,ORD-03930,P0020,2,0.15,591.84,1183.68,466.36
IT-007740,ORD-03931,P0020,5,0.05,661.47,3307.33,1514.03
IT-007741,ORD-03932,P0025,2,0.0,241.5,483.0,220.74
IT-007742,ORD-03933,P0014,1,0.05,25.37,25.37,6.08
IT-007743,ORD-03934,P0013,1,0.15,1364.45,1364.45,495.21
IT-007744,ORD-03934,P0005,5,0.2,209.94,1049.68,74.48
IT-007745,ORD-03935,P0005,4,0.3,183.69,734.78,-45.38
IT-007746,ORD-03935,P0021,2,0.0,1054.86,2109.72,449.56
IT-007747,ORD-03936,P0013,2,0.15,1364.45,2728.91,990.43
IT-007748,ORD-03936,P0004,1,0.0,46.28,46.28,22.86
IT-007749,ORD-03937,P0006,2,0.0,942.04,1884.08,768.78
IT-007750,ORD-03938,P0004,1,0.0,46.28,46.28,22.86
IT-007751,ORD-03938,P0005,2,0.05,249.3,498.6,108.52
IT-007752,ORD-03939,P0017,1,0.0,866.66,866.66,268.7
IT-007753,ORD-03939,P0007,4,0.05,533.08,2132.33,565.97
IT-007754,ORD-03940,P0024,1,0.0,1045.55,1045.55,515.41
IT-007755,ORD-03941,P0012,1,0.1,444.75,444.75,36.55
IT-007756,ORD-03942,P0005,1,0.0,262.42,262.42,67.38
IT-007757,ORD-03943,P0015,5,0.0,1040.69,5203.45,2120.85
IT-007758,ORD-03943,P0004,3,0.0,46.28,138.84,68.58
IT-007759,ORD-03943,P0009,1,0.0,755.36,755.36,342.18
IT-007760,ORD-03944,P0009,4,0.3,528.75,2115.01,462.29
IT-007761,ORD-03944,P0003,1,0.05,102.48,102.48,45.5
IT-007762,ORD-03945,P0013,3,0.0,1605.24,4815.72,2208.0
IT-007763,ORD-03945,P0011,1,0.1,70.67,70.67,24.1
IT-007764,ORD-03945,P0001,2,0.0,966.84,1933.68,497.86
IT-007765,ORD-03945,P0018,1,0.0,316.12,316.12,125.01
IT-007766,ORD-03946,P0016,1,0.0,242.3,242.3,82.14
IT-007767,ORD-03947,P0017,1,0.1,779.99,779.99,182.03
IT-007768,ORD-03947,P0007,2,0.3,392.8,785.6,2.42
IT-007769,ORD-03947,P0009,2,0.1,679.82,1359.65,533.29
IT-007770,ORD-03948,P0016,2,0.0,242.3,484.6,164.28
IT-007771,ORD-03948,P0023,3,0.05,475.04,1425.11,366.5
IT-007772,ORD-03949,P0006,5,0.05,894.94,4474.69,1686.44
IT-007773,ORD-03949,P0009,4,0.15,642.06,2568.22,915.5
IT-007774,ORD-03950,P0011,1,0.1,70.67,70.67,24.1
IT-007775,ORD-03951,P0006,1,0.05,894.94,894.94,337.29
IT-007776,ORD-03951,P0012,2,0.2,395.34,790.67,-25.73
IT-007777,ORD-03952,P0024,1,0.05,993.27,993.27,463.13
IT-007778,ORD-03952,P0017,3,0.0,866.66,2599.98,806.1
IT-007779,ORD-03952,P0005,1,0.05,249.3,249.3,54.26
IT-007780,ORD-03953,P0016,1,0.2,193.84,193.84,33.68
IT-007781,ORD-03954,P0017,1,0.0,866.66,866.66,268.7
IT-007782,ORD-03955,P0009,5,0.15,642.06,3210.28,1144.38
IT-007783,ORD-03955,P0019,3,0.1,1429.7,4289.08,1670.74
IT-007784,ORD-03956,P0024,1,0.0,1045.55,1045.55,515.41
IT-007785,ORD-03956,P0021,2,0.1,949.37,1898.75,238.59
IT-007786,ORD-03956,P0004,1,0.0,46.28,46.28,22.86
IT-007787,ORD-03956,P0011,1,0.15,66.74,66.74,20.17
IT-007788,ORD-03957,P0009,2,0.15,642.06,1284.11,457.75
IT-007789,ORD-03957,P0011,1,0.1,70.67,70.67,24.1
IT-007790,ORD-03958,P0025,1,0.0,241.5,241.5,110.37
IT-007791,ORD-03959,P0018,2,0.1,284.51,569.02,186.8
IT-007792,ORD-03959,P0013,1,0.05,1524.98,1524.98,655.74
IT-007793,ORD-03960,P0020,1,0.05,661.47,661.47,302.81
IT-007794,ORD-03961,P0014,2,0.0,26.71,53.42,14.84
IT-007795,ORD-03961,P0011,4,0.0,78.52,314.08,127.8
IT-007796,ORD-03961,P0013,4,0.2,1284.19,5136.77,1659.81
IT-007797,ORD-03962,P0020,1,0.0,696.28,696.28,337.62
IT-007798,ORD-03962,P0016,1,0.0,242.3,242.3,82.14
IT-007799,ORD-03962,P0018,1,0.05,300.31,300.31,109.2
IT-007800,ORD-03963,P0025,1,0.1,217.35,217.35,86.22
IT-007801,ORD-03963,P0011,1,0.0,78.52,78.52,31.95
IT-007802,ORD-03964,P0023,3,0.0,500.04,1500.12,441.51
IT-007803,ORD-03965,P0025,1,0.0,241.5,241.5,110.37
IT-007804,ORD-03965,P0008,1,0.05,426.55,426.55,63.67
IT-007805,ORD-03965,P0010,4,0.2,551.96,2207.84,818.64
IT-007806,ORD-03965,P0009,2,0.1,679.82,1359.65,533.29
IT-007807,ORD-03966,P0011,2,0.0,78.52,157.04,63.9
IT-007808,ORD-03966,P0003,3,0.15,91.69,275.07,104.13
IT-007809,ORD-03967,P0006,1,0.1,847.84,847.84,290.19
IT-007810,ORD-03967,P0012,1,0.0,494.17,494.17,85.97
IT-007811,ORD-03967,P0017,1,0.15,736.66,736.66,138.7
IT-007812,ORD-03967,P0021,1,0.1,949.37,949.37,119.29
IT-007813,ORD-03968,P0009,2,0.0,755.36,1510.72,684.36
IT-007814,ORD-03968,P0010,1,0.0,689.95,689.95,342.65
IT-007815,ORD-03969,P0024,3,0.15,888.72,2666.15,1075.73
IT-007816,ORD-03969,P0018,2,0.0,316.12,632.24,250.02
IT-007817,ORD-03969,P0008,1,0.0,449.0,449.0,86.12
IT-007818,ORD-03970,P0005,1,0.0,262.42,262.42,67.38
IT-007819,ORD-03970,P0019,1,0.1,1429.7,1429.7,556.92
IT-007820,ORD-03970,P0010,1,0.05,655.45,655.45,308.15
IT-007821,ORD-03971,P0012,2,0.05,469.46,938.92,122.52
IT-007822,ORD-03972,P0024,3,0.15,888.72,2666.15,1075.73
IT-007823,ORD-03972,P0015,1,0.0,1040.69,1040.69,424.17
IT-007824,ORD-03972,P0016,4,0.15,205.96,823.82,183.18
IT-007825,ORD-03972,P0003,2,0.0,107.87,215.74,101.78
IT-007826,ORD-03973,P0022,2,0.1,834.89,1669.79,727.49
IT-007827,ORD-03974,P0022,3,0.3,649.36,1948.09,534.64
IT-007828,ORD-03974,P0006,1,0.05,894.94,894.94,337.29
IT-007829,ORD-03974,P0007,1,0.1,505.03,505.03,113.44
IT-007830,ORD-03975,P0005,1,0.0,262.42,262.42,67.38
IT-007831,ORD-03975,P0013,1,0.0,1605.24,1605.24,736.0
IT-007832,ORD-03975,P0017,3,0.2,693.33,2079.98,286.1
IT-007833,ORD-03975,P0006,2,0.0,942.04,1884.08,768.78
IT-007834,ORD-03976,P0008,1,0.0,449.0,449.0,86.12
IT-007835,ORD-03977,P0014,3,0.15,22.7,68.11,10.24
IT-007836,ORD-03977,P0025,1,0.05,229.42,229.42,98.29
IT-007837,ORD-03978,P0007,1,0.1,505.03,505.03,113.44
IT-007838,ORD-03978,P0018,1,0.1,284.51,284.51,93.4
IT-007839,ORD-03979,P0025,1,0.15,205.28,205.28,74.15
IT-007840,ORD-03979,P0024,2,0.1,941.0,1881.99,821.71
IT-007841,ORD-03979,P0021,1,0.0,1054.86,1054.86,224.78
IT-007842,ORD-03980,P0015,2,0.0,1040.69,2081.38,848.34
IT-007843,ORD-03980,P0017,1,0.15,736.66,736.66,138.7
IT-007844,ORD-03980,P0002,1,0.1,755.39,755.39,216.21
IT-007845,ORD-03981,P0020,3,0.0,696.28,2088.84,1012.86
IT-007846,ORD-03981,P0001,1,0.15,821.81,821.81,103.9
IT-007847,ORD-03982,P0013,3,0.05,1524.98,4574.93,1967.21
IT-007848,ORD-03982,P0004,1,0.0,46.28,46.28,22.86
IT-007849,ORD-03982,P0003,3,0.15,91.69,275.07,104.13
IT-007850,ORD-03983,P0012,3,0.1,444.75,1334.26,109.66
IT-007851,ORD-03984,P0008,1,0.0,449.0,449.0,86.12
IT-007852,ORD-03985,P0009,2,0.0,755.36,1510.72,684.36
IT-007853,ORD-03985,P0003,3,0.1,97.08,291.25,120.31
IT-007854,ORD-03986,P0010,1,0.15,586.46,586.46,239.16
IT-007855,ORD-03986,P0006,1,0.2,753.63,753.63,195.98
IT-007856,ORD-03987,P0013,1,0.1,1444.72,1444.72,575.48
IT-007857,ORD-03988,P0018,1,0.0,316.12,316.12,125.01
IT-007858,ORD-03988,P0009,1,0.0,755.36,755.36,342.18
IT-007859,ORD-03989,P0012,3,0.0,494.17,1482.51,257.91
IT-007860,ORD-03990,P0006,3,0.1,847.84,2543.51,870.56
IT-007861,ORD-03990,P0001,1,0.2,773.47,773.47,55.56
IT-007862,ORD-03990,P0024,2,0.15,888.72,1777.44,717.16
IT-007863,ORD-03991,P0004,2,0.2,37.02,74.05,27.21
IT-007864,ORD-03992,P0002,1,0.05,797.35,797.35,258.17
IT-007865,ORD-03992,P0015,1,0.2,832.55,832.55,216.03
IT-007866,ORD-03993,P0019,1,0.15,1350.27,1350.27,477.49
IT-007867,ORD-03993,P0011,2,0.3,54.96,109.93,16.79
IT-007868,ORD-03994,P0007,2,0.2,448.91,897.82,114.64
IT-007869,ORD-03994,P0015,5,0.05,988.66,4943.28,1860.68
IT-007870,ORD-03994,P0006,1,0.15,800.73,800.73,243.08
IT-007871,ORD-03994,P0022,1,0.15,788.51,788.51,317.36
IT-007872,ORD-03995,P0005,4,0.0,262.42,1049.68,269.52
IT-007873,ORD-03995,P0019,3,0.1,1429.7,4289.08,1670.74
IT-007874,ORD-03996,P0010,1,0.0,689.95,689.95,342.65
IT-007875,ORD-03996,P0017,1,0.0,866.66,866.66,268.7
IT-007876,ORD-03996,P0019,5,0.05,1509.12,7545.61,3181.71
IT-007877,ORD-03997,P0012,2,0.0,494.17,988.34,171.94
IT-007878,ORD-03997,P0010,2,0.2,551.96,1103.92,409.32
IT-007879,ORD-03997,P0006,1,0.0,942.04,942.04,384.39
IT-007880,ORD-03998,P0021,3,0.0,1054.86,3164.58,674.34
IT-007881,ORD-03998,P0011,1,0.15,66.74,66.74,20.17
IT-007882,ORD-03999,P0019,2,0.0,1588.55,3177.1,1431.54
IT-007883,ORD-04000,P0004,1,0.0,46.28,46.28,22.86
IT-007884,ORD-04000,P0017,5,0.0,866.66,4333.3,1343.5
IT-007885,ORD-04000,P0016,1,0.3,169.61,169.61,9.45
IT-007886,ORD-04001,P0015,4,0.15,884.59,3538.35,1072.27
IT-007887,ORD-04001,P0020,2,0.0,696.28,1392.56,675.24
IT-007888,ORD-04002,P0001,1,0.0,966.84,966.84,248.93
IT-007889,ORD-04002,P0020,3,0.1,626.65,1879.96,803.98
IT-007890,ORD-04003,P0014,2,0.15,22.7,45.41,6.83
IT-007891,ORD-04003,P0007,1,0.2,448.91,448.91,57.32
IT-007892,ORD-04004,P0005,2,0.0,262.42,524.84,134.76
IT-007893,ORD-04004,P0009,3,0.2,604.29,1812.86,573.32
IT-007894,ORD-04004,P0013,2,0.1,1444.72,2889.43,1150.95
IT-007895,ORD-04005,P0021,1,0.15,896.63,896.63,66.55
IT-007896,ORD-04005,P0009,1,0.0,755.36,755.36,342.18
IT-007897,ORD-04005,P0006,2,0.15,800.73,1601.47,486.17
IT-007898,ORD-04005,P0001,1,0.1,870.16,870.16,152.25
IT-007899,ORD-04006,P0020,1,0.15,591.84,591.84,233.18
IT-007900,ORD-04006,P0007,1,0.0,561.14,561.14,169.55
IT-007901,ORD-04006,P0025,1,0.1,217.35,217.35,86.22
IT-007902,ORD-04006,P0017,1,0.0,866.66,866.66,268.7
IT-007903,ORD-04007,P0015,1,0.1,936.62,936.62,320.1
IT-007904,ORD-04008,P0009,2,0.0,755.36,1510.72,684.36
IT-007905,ORD-04008,P0004,1,0.0,46.28,46.28,22.86
IT-007906,ORD-04009,P0010,4,0.1,620.96,2483.82,1094.62
IT-007907,ORD-04010,P0018,1,0.2,252.9,252.9,61.79
IT-007908,ORD-04011,P0005,2,0.15,223.06,446.11,56.03
IT-007909,ORD-04011,P0010,2,0.0,689.95,1379.9,685.3
IT-007910,ORD-04011,P0012,1,0.0,494.17,494.17,85.97
IT-007911,ORD-04012,P0021,1,0.0,1054.86,1054.86,224.78
IT-007912,ORD-04013,P0025,1,0.05,229.42,229.42,98.29
IT-007913,ORD-04013,P0004,1,0.0,46.28,46.28,22.86
IT-007914,ORD-04014,P0012,1,0.0,494.17,494.17,85.97
IT-007915,ORD-04014,P0001,1,0.05,918.5,918.5,200.59
IT-007916,ORD-04015,P0024,1,0.05,993.27,993.27,463.13
IT-007917,ORD-04015,P0005,3,0.0,262.42,787.26,202.14
IT-007918,ORD-04015,P0016,1,0.0,242.3,242.3,82.14
IT-007919,ORD-04016,P0025,1,0.0,241.5,241.5,110.37
IT-007920,ORD-04017,P0001,1,0.0,966.84,966.84,248.93
IT-007921,ORD-04018,P0006,3,0.3,659.43,1978.28,305.33
IT-007922,ORD-04018,P0024,1,0.0,1045.55,1045.55,515.41
IT-007923,ORD-04019,P0003,1,0.0,107.87,107.87,50.89
IT-007924,ORD-04020,P0021,1,0.05,1002.12,1002.12,172.04
IT-007925,ORD-04020,P0012,2,0.0,494.17,988.34,171.94
IT-007926,ORD-04020,P0023,2,0.0,500.04,1000.08,294.34
IT-007927,ORD-04020,P0016,2,0.1,218.07,436.14,115.82
IT-007928,ORD-04021,P0009,2,0.15,642.06,1284.11,457.75
IT-007929,ORD-04021,P0022,2,0.0,927.66,1855.32,913.02
IT-007930,ORD-04021,P0020,2,0.3,487.4,974.79,257.47
IT-007931,ORD-04022,P0010,1,0.3,482.96,482.96,135.66
IT-007932,ORD-04022,P0013,1,0.0,1605.24,1605.24,736.0
IT-007933,ORD-04023,P0024,1,0.0,1045.55,1045.55,515.41
IT-007934,ORD-04023,P0003,2,0.0,107.87,215.74,101.78
IT-007935,ORD-04023,P0022,1,0.1,834.89,834.89,363.74
IT-007936,ORD-04024,P0012,2,0.05,469.46,938.92,122.52
IT-007937,ORD-04025,P0002,3,0.1,755.39,2266.16,648.62
IT-007938,ORD-04025,P0017,1,0.1,779.99,779.99,182.03
IT-007939,ORD-04025,P0004,2,0.0,46.28,92.56,45.72
IT-007940,ORD-04026,P0025,2,0.0,241.5,483.0,220.74
IT-007941,ORD-04027,P0001,1,0.05,918.5,918.5,200.59
IT-007942,ORD-04027,P0013,1,0.0,1605.24,1605.24,736.0
IT-007943,ORD-04027,P0010,4,0.05,655.45,2621.81,1232.61
IT-007944,ORD-04028,P0004,1,0.2,37.02,37.02,13.6
IT-007945,ORD-04028,P0010,3,0.1,620.96,1862.87,820.97
IT-007946,ORD-04029,P0023,2,0.05,475.04,950.08,244.34
IT-007947,ORD-04030,P0020,2,0.05,661.47,1322.93,605.61
IT-007948,ORD-04031,P0002,1,0.0,839.32,839.32,300.14
IT-007949,ORD-04031,P0013,2,0.0,1605.24,3210.48,1472.0
IT-007950,ORD-04032,P0005,2,0.0,262.42,524.84,134.76
IT-007951,ORD-04032,P0022,3,0.0,927.66,2782.98,1369.53
IT-007952,ORD-04033,P0013,1,0.1,1444.72,1444.72,575.48
IT-007953,ORD-04034,P0008,2,0.0,449.0,898.0,172.24
IT-007954,ORD-04034,P0018,1,0.0,316.12,316.12,125.01
IT-007955,ORD-04035,P0024,2,0.1,941.0,1881.99,821.71
IT-007956,ORD-04035,P0009,1,0.2,604.29,604.29,191.11
IT-007957,ORD-04036,P0014,4,0.0,26.71,106.84,29.68
IT-007958,ORD-04036,P0018,3,0.0,316.12,948.36,375.03
IT-007959,ORD-04037,P0007,1,0.15,476.97,476.97,85.38
IT-007960,ORD-04037,P0010,5,0.05,655.45,3277.26,1540.76
IT-007961,ORD-04037,P0006,1,0.15,800.73,800.73,243.08
IT-007962,ORD-04038,P0017,1,0.05,823.33,823.33,225.37
IT-007963,ORD-04039,P0019,1,0.0,1588.55,1588.55,715.77
IT-007964,ORD-04039,P0011,1,0.0,78.52,78.52,31.95
IT-007965,ORD-04040,P0017,1,0.1,779.99,779.99,182.03
IT-007966,ORD-04040,P0024,2,0.0,1045.55,2091.1,1030.82
IT-007967,ORD-04040,P0022,2,0.2,742.13,1484.26,541.96
IT-007968,ORD-04040,P0007,2,0.0,561.14,1122.28,339.1
IT-007969,ORD-04041,P0014,2,0.0,26.71,53.42,14.84
IT-007970,ORD-04041,P0010,4,0.0,689.95,2759.8,1370.6
IT-007971,ORD-04042,P0019,1,0.0,1588.55,1588.55,715.77
IT-007972,ORD-04042,P0009,1,0.0,755.36,755.36,342.18
IT-007973,ORD-04043,P0016,3,0.0,242.3,726.9,246.42
IT-007974,ORD-04043,P0020,3,0.1,626.65,1879.96,803.98
IT-007975,ORD-04044,P0019,2,0.3,1111.98,2223.97,478.41
IT-007976,ORD-04045,P0007,1,0.15,476.97,476.97,85.38
IT-007977,ORD-04045,P0014,1,0.0,26.71,26.71,7.42
IT-007978,ORD-04046,P0005,1,0.15,223.06,223.06,28.02
IT-007979,ORD-04046,P0022,2,0.0,927.66,1855.32,913.02
IT-007980,ORD-04046,P0018,2,0.2,252.9,505.79,123.57
IT-007981,ORD-04047,P0023,1,0.05,475.04,475.04,122.17
IT-007982,ORD-04048,P0004,5,0.0,46.28,231.4,114.3
IT-007983,ORD-04048,P0021,4,0.05,1002.12,4008.47,688.15
IT-007984,ORD-04048,P0001,2,0.0,966.84,1933.68,497.86
IT-007985,ORD-04049,P0007,1,0.0,561.14,561.14,169.55
IT-007986,ORD-04050,P0014,1,0.0,26.71,26.71,7.42
IT-007987,ORD-04050,P0023,1,0.0,500.04,500.04,147.17
IT-007988,ORD-04051,P0003,1,0.05,102.48,102.48,45.5
IT-007989,ORD-04051,P0022,2,0.05,881.28,1762.55,820.25
IT-007990,ORD-04051,P0002,2,0.2,671.46,1342.91,264.55
IT-007991,ORD-04052,P0021,5,0.15,896.63,4483.15,332.75
IT-007992,ORD-04052,P0009,1,0.0,755.36,755.36,342.18
IT-007993,ORD-04052,P0025,1,0.15,205.28,205.28,74.15
IT-007994,ORD-04053,P0005,1,0.05,249.3,249.3,54.26
IT-007995,ORD-04053,P0011,1,0.0,78.52,78.52,31.95
IT-007996,ORD-04053,P0007,1,0.15,476.97,476.97,85.38
IT-007997,ORD-04054,P0016,4,0.0,242.3,969.2,328.56
IT-007998,ORD-04054,P0014,1,0.1,24.04,24.04,4.75
IT-007999,ORD-04054,P0007,1,0.3,392.8,392.8,1.21
IT-008000,ORD-04054,P0019,2,0.0,1588.55,3177.1,1431.54
IT-008001,ORD-04055,P0015,1,0.3,728.48,728.48,111.96
IT-008002,ORD-04055,P0023,1,0.05,475.04,475.04,122.17
IT-008003,ORD-04056,P0009,1,0.0,755.36,755.36,342.18
IT-008004,ORD-04056,P0006,2,0.2,753.63,1507.26,391.96
IT-008005,ORD-04057,P0025,3,0.0,241.5,724.5,331.11
IT-008006,ORD-04058,P0006,1,0.1,847.84,847.84,290.19
IT-008007,ORD-04059,P0021,1,0.0,1054.86,1054.86,224.78
IT-008008,ORD-04059,P0018,1,0.15,268.7,268.7,77.59
IT-008009,ORD-04060,P0016,1,0.0,242.3,242.3,82.14
IT-008010,ORD-04060,P0023,5,0.2,400.03,2000.16,235.81
IT-008011,ORD-04061,P0021,1,0.0,1054.86,1054.86,224.78
IT-008012,ORD-04061,P0022,1,0.15,788.51,788.51,317.36
IT-008013,ORD-04062,P0001,1,0.0,966.84,966.84,248.93
IT-008014,ORD-04062,P0014,3,0.2,21.37,64.1,6.23
IT-008015,ORD-04062,P0019,2,0.0,1588.55,3177.1,1431.54
IT-008016,ORD-04063,P0018,1,0.0,316.12,316.12,125.01
IT-008017,ORD-04063,P0023,3,0.2,400.03,1200.1,141.49
IT-008018,ORD-04064,P0013,1,0.0,1605.24,1605.24,736.0
IT-008019,ORD-04065,P0006,1,0.05,894.94,894.94,337.29
IT-008020,ORD-04065,P0002,1,0.0,839.32,839.32,300.14
IT-008021,ORD-04066,P0004,5,0.1,41.65,208.26,91.16
IT-008022,ORD-04066,P0002,2,0.0,839.32,1678.64,600.28
IT-008023,ORD-04067,P0025,1,0.0,241.5,241.5,110.37
IT-008024,ORD-04067,P0002,2,0.15,713.42,1426.84,348.48
IT-008025,ORD-04068,P0009,1,0.2,604.29,604.29,191.11
IT-008026,ORD-04068,P0010,3,0.0,689.95,2069.85,1027.95
IT-008027,ORD-04068,P0005,2,0.0,262.42,524.84,134.76
IT-008028,ORD-04069,P0001,1,0.2,773.47,773.47,55.56
IT-008029,ORD-04069,P0021,1,0.0,1054.86,1054.86,224.78
IT-008030,ORD-04070,P0008,2,0.05,426.55,853.1,127.34
IT-008031,ORD-04070,P0021,1,0.0,1054.86,1054.86,224.78
IT-008032,ORD-04070,P0009,1,0.2,604.29,604.29,191.11
IT-008033,ORD-04071,P0008,1,0.0,449.0,449.0,86.12
IT-008034,ORD-04071,P0020,5,0.05,661.47,3307.33,1514.03
IT-008035,ORD-04072,P0014,1,0.0,26.71,26.71,7.42
IT-008036,ORD-04072,P0006,1,0.0,942.04,942.04,384.39
IT-008037,ORD-04073,P0005,4,0.1,236.18,944.71,164.55
IT-008038,ORD-04073,P0011,1,0.1,70.67,70.67,24.1
IT-008039,ORD-04073,P0004,1,0.0,46.28,46.28,22.86
IT-008040,ORD-04074,P0017,1,0.15,736.66,736.66,138.7
IT-008041,ORD-04075,P0010,3,0.2,551.96,1655.88,613.98
IT-008042,ORD-04076,P0021,1,0.05,1002.12,1002.12,172.04
IT-008043,ORD-04077,P0007,1,0.3,392.8,392.8,1.21
IT-008044,ORD-04077,P0015,1,0.0,1040.69,1040.69,424.17
IT-008045,ORD-04078,P0007,1,0.2,448.91,448.91,57.32
IT-008046,ORD-04079,P0001,2,0.0,966.84,1933.68,497.86
IT-008047,ORD-04079,P0009,3,0.0,755.36,2266.08,1026.54
IT-008048,ORD-04079,P0023,3,0.1,450.04,1350.11,291.5
IT-008049,ORD-04079,P0017,3,0.0,866.66,2599.98,806.1
IT-008050,ORD-04080,P0005,1,0.0,262.42,262.42,67.38
IT-008051,ORD-04080,P0001,5,0.0,966.84,4834.2,1244.65
IT-008052,ORD-04081,P0015,1,0.05,988.66,988.66,372.14
IT-008053,ORD-04081,P0023,2,0.05,475.04,950.08,244.34
IT-008054,ORD-04082,P0025,1,0.05,229.42,229.42,98.29
IT-008055,ORD-04083,P0004,1,0.0,46.28,46.28,22.86
IT-008056,ORD-04084,P0006,1,0.0,942.04,942.04,384.39
IT-008057,ORD-04085,P0025,1,0.05,229.42,229.42,98.29
IT-008058,ORD-04085,P0015,1,0.3,728.48,728.48,111.96
IT-008059,ORD-04086,P0020,2,0.15,591.84,1183.68,466.36
IT-008060,ORD-04086,P0010,1,0.0,689.95,689.95,342.65
IT-008061,ORD-04087,P0009,5,0.1,679.82,3399.12,1333.22
IT-008062,ORD-04087,P0019,1,0.2,1270.84,1270.84,398.06
IT-008063,ORD-04088,P0002,2,0.1,755.39,1510.78,432.42
IT-008064,ORD-04088,P0009,1,0.0,755.36,755.36,342.18
IT-008065,ORD-04089,P0002,1,0.2,671.46,671.46,132.28
IT-008066,ORD-04089,P0012,5,0.0,494.17,2470.85,429.85
IT-008067,ORD-04089,P0011,1,0.0,78.52,78.52,31.95
IT-008068,ORD-04090,P0025,3,0.0,241.5,724.5,331.11
IT-008069,ORD-04091,P0017,1,0.0,866.66,866.66,268.7
IT-008070,ORD-04091,P0005,2,0.0,262.42,524.84,134.76
IT-008071,ORD-04091,P0009,3,0.0,755.36,2266.08,1026.54
IT-008072,ORD-04092,P0005,4,0.0,262.42,1049.68,269.52
IT-008073,ORD-04092,P0014,1,0.2,21.37,21.37,2.08
IT-008074,ORD-04093,P0013,1,0.3,1123.67,1123.67,254.43
IT-008075,ORD-04093,P0011,5,0.05,74.59,372.97,140.12
IT-008076,ORD-04094,P0001,1,0.05,918.5,918.5,200.59
IT-008077,ORD-04095,P0024,3,0.05,993.27,2979.82,1389.4
IT-008078,ORD-04095,P0021,5,0.0,1054.86,5274.3,1123.9
IT-008079,ORD-04096,P0004,5,0.0,46.28,231.4,114.3
IT-008080,ORD-04097,P0022,1,0.0,927.66,927.66,456.51
IT-008081,ORD-04097,P0001,2,0.0,966.84,1933.68,497.86
IT-008082,ORD-04097,P0009,1,0.0,755.36,755.36,342.18
IT-008083,ORD-04097,P0021,1,0.0,1054.86,1054.86,224.78
IT-008084,ORD-04098,P0005,2,0.2,209.94,419.87,29.79
IT-008085,ORD-04098,P0009,1,0.0,755.36,755.36,342.18
IT-008086,ORD-04099,P0007,1,0.0,561.14,561.14,169.55
IT-008087,ORD-04099,P0008,2,0.3,314.3,628.6,-97.16
IT-008088,ORD-04099,P0004,1,0.05,43.97,43.97,20.55
IT-008089,ORD-04099,P0009,1,0.1,679.82,679.82,266.64
IT-008090,ORD-04100,P0001,2,0.2,773.47,1546.94,111.12
IT-008091,ORD-04100,P0011,1,0.0,78.52,78.52,31.95
IT-008092,ORD-04101,P0012,1,0.2,395.34,395.34,-12.86
IT-008093,ORD-04102,P0013,4,0.0,1605.24,6420.96,2944.0
IT-008094,ORD-04102,P0023,3,0.2,400.03,1200.1,141.49
IT-008095,ORD-04103,P0023,3,0.05,475.04,1425.11,366.5
IT-008096,ORD-04104,P0010,3,0.0,689.95,2069.85,1027.95
IT-008097,ORD-04104,P0025,1,0.0,241.5,241.5,110.37
IT-008098,ORD-04104,P0001,2,0.3,676.79,1353.58,-82.24
IT-008099,ORD-04105,P0006,2,0.05,894.94,1789.88,674.58
IT-008100,ORD-04105,P0003,2,0.0,107.87,215.74,101.78
IT-008101,ORD-04105,P0014,1,0.2,21.37,21.37,2.08
IT-008102,ORD-04106,P0012,1,0.15,420.04,420.04,11.84
IT-008103,ORD-04106,P0016,1,0.1,218.07,218.07,57.91
IT-008104,ORD-04107,P0016,2,0.0,242.3,484.6,164.28
IT-008105,ORD-04107,P0025,3,0.0,241.5,724.5,331.11
IT-008106,ORD-04108,P0008,5,0.2,359.2,1796.0,-18.4
IT-008107,ORD-04108,P0020,2,0.0,696.28,1392.56,675.24
IT-008108,ORD-04109,P0016,2,0.2,193.84,387.68,67.36
IT-008109,ORD-04109,P0024,1,0.3,731.88,731.88,201.74
IT-008110,ORD-04109,P0013,2,0.05,1524.98,3049.96,1311.48
IT-008111,ORD-04109,P0015,1,0.0,1040.69,1040.69,424.17
IT-008112,ORD-04110,P0024,2,0.05,993.27,1986.54,926.26
IT-008113,ORD-04111,P0008,2,0.0,449.0,898.0,172.24
IT-008114,ORD-04111,P0019,1,0.1,1429.7,1429.7,556.92
IT-008115,ORD-04111,P0021,1,0.05,1002.12,1002.12,172.04
IT-008116,ORD-04112,P0004,2,0.2,37.02,74.05,27.21
IT-008117,ORD-04112,P0018,2,0.2,252.9,505.79,123.57
IT-008118,ORD-04113,P0006,2,0.05,894.94,1789.88,674.58
IT-008119,ORD-04113,P0001,1,0.05,918.5,918.5,200.59
IT-008120,ORD-04113,P0016,1,0.0,242.3,242.3,82.14
IT-008121,ORD-04113,P0007,1,0.0,561.14,561.14,169.55
IT-008122,ORD-04114,P0023,3,0.0,500.04,1500.12,441.51
IT-008123,ORD-04114,P0001,1,0.2,773.47,773.47,55.56
IT-008124,ORD-04114,P0017,2,0.0,866.66,1733.32,537.4
IT-008125,ORD-04115,P0002,1,0.0,839.32,839.32,300.14
IT-008126,ORD-04115,P0007,1,0.05,533.08,533.08,141.49
IT-008127,ORD-04115,P0005,2,0.05,249.3,498.6,108.52
IT-008128,ORD-04115,P0008,1,0.05,426.55,426.55,63.67
IT-008129,ORD-04116,P0019,2,0.1,1429.7,2859.39,1113.83
IT-008130,ORD-04116,P0009,3,0.0,755.36,2266.08,1026.54
IT-008131,ORD-04117,P0017,2,0.05,823.33,1646.65,450.73
IT-008132,ORD-04118,P0010,1,0.0,689.95,689.95,342.65
IT-008133,ORD-04118,P0003,2,0.15,91.69,183.38,69.42
IT-008134,ORD-04119,P0014,4,0.05,25.37,101.5,24.34
IT-008135,ORD-04119,P0013,2,0.0,1605.24,3210.48,1472.0
IT-008136,ORD-04120,P0014,3,0.0,26.71,80.13,22.26
IT-008137,ORD-04120,P0016,4,0.0,242.3,969.2,328.56
IT-008138,ORD-04120,P0018,4,0.3,221.28,885.14,120.7
IT-008139,ORD-04121,P0004,4,0.1,41.65,166.61,72.93
IT-008140,ORD-04122,P0016,2,0.1,218.07,436.14,115.82
IT-008141,ORD-04122,P0009,2,0.2,604.29,1208.58,382.22
IT-008142,ORD-04123,P0022,1,0.0,927.66,927.66,456.51
IT-008143,ORD-04124,P0021,1,0.0,1054.86,1054.86,224.78
IT-008144,ORD-04124,P0024,1,0.0,1045.55,1045.55,515.41
IT-008145,ORD-04124,P0011,1,0.2,62.82,62.82,16.25
IT-008146,ORD-04125,P0010,5,0.0,689.95,3449.75,1713.25
IT-008147,ORD-04126,P0018,3,0.0,316.12,948.36,375.03
IT-008148,ORD-04126,P0008,1,0.1,404.1,404.1,41.22
IT-008149,ORD-04127,P0015,5,0.0,1040.69,5203.45,2120.85
IT-008150,ORD-04128,P0020,1,0.3,487.4,487.4,128.74
IT-008151,ORD-04129,P0011,5,0.05,74.59,372.97,140.12
IT-008152,ORD-04129,P0020,4,0.2,557.02,2228.1,793.46
IT-008153,ORD-04129,P0019,3,0.05,1509.12,4527.37,1909.03
IT-008154,ORD-04129,P0009,2,0.2,604.29,1208.58,382.22
IT-008155,ORD-04130,P0006,1,0.0,942.04,942.04,384.39
IT-008156,ORD-04131,P0009,2,0.0,755.36,1510.72,684.36
IT-008157,ORD-04132,P0016,4,0.0,242.3,969.2,328.56
IT-008158,ORD-04133,P0018,1,0.05,300.31,300.31,109.2
IT-008159,ORD-04133,P0025,2,0.2,193.2,386.4,124.14
IT-008160,ORD-04134,P0023,1,0.0,500.04,500.04,147.17
IT-008161,ORD-04134,P0002,2,0.0,839.32,1678.64,600.28
IT-008162,ORD-04135,P0004,3,0.0,46.28,138.84,68.58
IT-008163,ORD-04136,P0019,2,0.0,1588.55,3177.1,1431.54
IT-008164,ORD-04136,P0008,2,0.15,381.65,763.3,37.54
IT-008165,ORD-04137,P0005,1,0.0,262.42,262.42,67.38
IT-008166,ORD-04138,P0018,4,0.0,316.12,1264.48,500.04
IT-008167,ORD-04138,P0016,2,0.15,205.96,411.91,91.59
IT-008168,ORD-04138,P0001,1,0.3,676.79,676.79,-41.12
IT-008169,ORD-04139,P0022,2,0.0,927.66,1855.32,913.02
IT-008170,ORD-04139,P0008,5,0.05,426.55,2132.75,318.35
IT-008171,ORD-04139,P0017,2,0.1,779.99,1559.99,364.07
IT-008172,ORD-04140,P0011,1,0.0,78.52,78.52,31.95
IT-008173,ORD-04140,P0009,1,0.1,679.82,679.82,266.64
IT-008174,ORD-04140,P0018,2,0.05,300.31,600.63,218.41
IT-008175,ORD-04140,P0014,3,0.0,26.71,80.13,22.26
IT-008176,ORD-04141,P0017,1,0.1,779.99,779.99,182.03
IT-008177,ORD-04141,P0010,1,0.2,551.96,551.96,204.66
IT-008178,ORD-04141,P0003,4,0.0,107.87,431.48,203.56
IT-008179,ORD-04141,P0016,4,0.0,242.3,969.2,328.56
IT-008180,ORD-04142,P0017,4,0.0,866.66,3466.64,1074.8
IT-008181,ORD-04143,P0011,1,0.2,62.82,62.82,16.25
IT-008182,ORD-04144,P0022,3,0.3,649.36,1948.09,534.64
IT-008183,ORD-04144,P0017,1,0.0,866.66,866.66,268.7
IT-008184,ORD-04145,P0017,2,0.0,866.66,1733.32,537.4
IT-008185,ORD-04146,P0019,4,0.0,1588.55,6354.2,2863.08
IT-008186,ORD-04147,P0004,3,0.0,46.28,138.84,68.58
IT-008187,ORD-04148,P0025,1,0.05,229.42,229.42,98.29
IT-008188,ORD-04148,P0005,2,0.05,249.3,498.6,108.52
IT-008189,ORD-04149,P0014,1,0.1,24.04,24.04,4.75
IT-008190,ORD-04149,P0003,3,0.0,107.87,323.61,152.67
IT-008191,ORD-04150,P0016,1,0.05,230.18,230.18,70.03
IT-008192,ORD-04151,P0011,2,0.0,78.52,157.04,63.9
IT-008193,ORD-04152,P0007,3,0.1,505.03,1515.08,340.31
IT-008194,ORD-04152,P0022,1,0.05,881.28,881.28,410.13
IT-008195,ORD-04153,P0022,1,0.05,881.28,881.28,410.13
IT-008196,ORD-04154,P0001,3,0.0,966.84,2900.52,746.79
IT-008197,ORD-04154,P0020,1,0.0,696.28,696.28,337.62
IT-008198,ORD-04154,P0007,1,0.0,561.14,561.14,169.55
IT-008199,ORD-04154,P0018,2,0.15,268.7,537.4,155.18
IT-008200,ORD-04155,P0015,1,0.0,1040.69,1040.69,424.17
IT-008201,ORD-04156,P0004,1,0.0,46.28,46.28,22.86
IT-008202,ORD-04156,P0005,1,0.0,262.42,262.42,67.38
IT-008203,ORD-04157,P0015,5,0.3,728.48,3642.42,559.81
IT-008204,ORD-04157,P0019,1,0.1,1429.7,1429.7,556.92
IT-008205,ORD-04158,P0014,1,0.05,25.37,25.37,6.08
IT-008206,ORD-04159,P0006,2,0.1,847.84,1695.67,580.37
IT-008207,ORD-04159,P0019,2,0.0,1588.55,3177.1,1431.54
IT-008208,ORD-04160,P0010,1,0.2,551.96,551.96,204.66
IT-008209,ORD-04160,P0018,1,0.0,316.12,316.12,125.01
IT-008210,ORD-04161,P0013,1,0.0,1605.24,1605.24,736.0
IT-008211,ORD-04161,P0006,1,0.0,942.04,942.04,384.39
IT-008212,ORD-04161,P0015,1,0.1,936.62,936.62,320.1
IT-008213,ORD-04162,P0023,3,0.0,500.04,1500.12,441.51
IT-008214,ORD-04162,P0020,2,0.3,487.4,974.79,257.47
IT-008215,ORD-04163,P0023,3,0.2,400.03,1200.1,141.49
IT-008216,ORD-04164,P0018,3,0.05,300.31,900.94,327.61
IT-008217,ORD-04165,P0002,1,0.0,839.32,839.32,300.14
IT-008218,ORD-04166,P0011,2,0.2,62.82,125.63,32.49
IT-008219,ORD-04167,P0019,2,0.15,1350.27,2700.54,954.97
IT-008220,ORD-04167,P0009,2,0.1,679.82,1359.65,533.29
IT-008221,ORD-04168,P0013,1,0.05,1524.98,1524.98,655.74
IT-008222,ORD-04168,P0016,1,0.1,218.07,218.07,57.91
IT-008223,ORD-04168,P0021,2,0.0,1054.86,2109.72,449.56
IT-008224,ORD-04168,P0002,4,0.3,587.52,2350.1,193.38
IT-008225,ORD-04169,P0025,1,0.15,205.28,205.28,74.15
IT-008226,ORD-04169,P0011,1,0.0,78.52,78.52,31.95
IT-008227,ORD-04170,P0010,1,0.0,689.95,689.95,342.65
IT-008228,ORD-04170,P0016,5,0.0,242.3,1211.5,410.7
IT-008229,ORD-04171,P0010,1,0.2,551.96,551.96,204.66
IT-008230,ORD-04171,P0017,2,0.0,866.66,1733.32,537.4
IT-008231,ORD-04172,P0008,2,0.15,381.65,763.3,37.54
IT-008232,ORD-04172,P0022,1,0.0,927.66,927.66,456.51
IT-008233,ORD-04172,P0014,1,0.15,22.7,22.7,3.41
IT-008234,ORD-04173,P0012,1,0.0,494.17,494.17,85.97
IT-008235,ORD-04174,P0002,1,0.0,839.32,839.32,300.14
IT-008236,ORD-04174,P0003,4,0.0,107.87,431.48,203.56
IT-008237,ORD-04174,P0015,2,0.0,1040.69,2081.38,848.34
IT-008238,ORD-04175,P0006,4,0.0,942.04,3768.16,1537.56
IT-008239,ORD-04175,P0018,4,0.0,316.12,1264.48,500.04
IT-008240,ORD-04175,P0015,2,0.05,988.66,1977.31,744.27
IT-008241,ORD-04176,P0024,2,0.0,1045.55,2091.1,1030.82
IT-008242,ORD-04177,P0010,2,0.0,689.95,1379.9,685.3
IT-008243,ORD-04178,P0013,1,0.0,1605.24,1605.24,736.0
IT-008244,ORD-04178,P0006,2,0.05,894.94,1789.88,674.58
IT-008245,ORD-04178,P0019,3,0.05,1509.12,4527.37,1909.03
IT-008246,ORD-04178,P0015,3,0.0,1040.69,3122.07,1272.51
IT-008247,ORD-04179,P0014,2,0.05,25.37,50.75,12.17
IT-008248,ORD-04179,P0001,3,0.3,676.79,2030.36,-123.37
IT-008249,ORD-04179,P0015,1,0.0,1040.69,1040.69,424.17
IT-008250,ORD-04180,P0003,1,0.0,107.87,107.87,50.89
IT-008251,ORD-04181,P0004,1,0.05,43.97,43.97,20.55
IT-008252,ORD-04181,P0003,1,0.0,107.87,107.87,50.89
IT-008253,ORD-04182,P0009,3,0.0,755.36,2266.08,1026.54
IT-008254,ORD-04182,P0020,1,0.1,626.65,626.65,267.99
IT-008255,ORD-04183,P0020,1,0.0,696.28,696.28,337.62
IT-008256,ORD-04183,P0005,1,0.2,209.94,209.94,14.9
IT-008257,ORD-04184,P0004,1,0.1,41.65,41.65,18.23
IT-008258,ORD-04185,P0017,2,0.1,779.99,1559.99,364.07
IT-008259,ORD-04186,P0002,1,0.1,755.39,755.39,216.21
IT-008260,ORD-04186,P0015,3,0.1,936.62,2809.86,960.3
IT-008261,ORD-04187,P0021,2,0.0,1054.86,2109.72,449.56
IT-008262,ORD-04187,P0017,1,0.0,866.66,866.66,268.7
IT-008263,ORD-04187,P0005,2,0.1,236.18,472.36,82.28
IT-008264,ORD-04188,P0024,1,0.1,941.0,941.0,410.86
IT-008265,ORD-04188,P0021,2,0.0,1054.86,2109.72,449.56
IT-008266,ORD-04188,P0014,1,0.15,22.7,22.7,3.41
IT-008267,ORD-04189,P0006,2,0.0,942.04,1884.08,768.78
IT-008268,ORD-04190,P0012,1,0.0,494.17,494.17,85.97
IT-008269,ORD-04190,P0019,3,0.0,1588.55,4765.65,2147.31
IT-008270,ORD-04190,P0016,2,0.0,242.3,484.6,164.28
IT-008271,ORD-04191,P0003,3,0.15,91.69,275.07,104.13
IT-008272,ORD-04192,P0003,1,0.0,107.87,107.87,50.89
IT-008273,ORD-04192,P0020,1,0.05,661.47,661.47,302.81
IT-008274,ORD-04193,P0024,2,0.05,993.27,1986.54,926.26
IT-008275,ORD-04193,P0017,1,0.0,866.66,866.66,268.7
IT-008276,ORD-04193,P0022,2,0.0,927.66,1855.32,913.02
IT-008277,ORD-04194,P0018,3,0.1,284.51,853.52,280.19
IT-008278,ORD-04194,P0014,3,0.0,26.71,80.13,22.26
IT-008279,ORD-04195,P0012,3,0.0,494.17,1482.51,257.91
IT-008280,ORD-04196,P0006,1,0.05,894.94,894.94,337.29
IT-008281,ORD-04197,P0014,1,0.0,26.71,26.71,7.42
IT-008282,ORD-04197,P0003,2,0.2,86.3,172.59,58.63
IT-008283,ORD-04198,P0012,1,0.0,494.17,494.17,85.97
IT-008284,ORD-04198,P0005,5,0.2,209.94,1049.68,74.48
IT-008285,ORD-04198,P0025,1,0.0,241.5,241.5,110.37
IT-008286,ORD-04199,P0020,1,0.1,626.65,626.65,267.99
IT-008287,ORD-04199,P0010,1,0.15,586.46,586.46,239.16
IT-008288,ORD-04199,P0021,3,0.0,1054.86,3164.58,674.34
IT-008289,ORD-04199,P0008,1,0.0,449.0,449.0,86.12
IT-008290,ORD-04200,P0003,2,0.0,107.87,215.74,101.78
IT-008291,ORD-04200,P0020,1,0.05,661.47,661.47,302.81
IT-008292,ORD-04200,P0018,1,0.05,300.31,300.31,109.2
IT-008293,ORD-04201,P0010,1,0.0,689.95,689.95,342.65
IT-008294,ORD-04201,P0020,1,0.1,626.65,626.65,267.99
IT-008295,ORD-04201,P0021,1,0.05,1002.12,1002.12,172.04
IT-008296,ORD-04202,P0015,3,0.2,832.55,2497.66,648.1
IT-008297,ORD-04202,P0004,1,0.2,37.02,37.02,13.6
IT-008298,ORD-04203,P0009,1,0.0,755.36,755.36,342.18
IT-008299,ORD-04203,P0018,2,0.0,316.12,632.24,250.02
IT-008300,ORD-04203,P0024,1,0.15,888.72,888.72,358.58
IT-008301,ORD-04204,P0022,1,0.0,927.66,927.66,456.51
IT-008302,ORD-04205,P0001,1,0.2,773.47,773.47,55.56
IT-008303,ORD-04205,P0007,4,0.1,505.03,2020.1,453.74
IT-008304,ORD-04205,P0020,1,0.1,626.65,626.65,267.99
IT-008305,ORD-04205,P0010,5,0.2,551.96,2759.8,1023.3
IT-008306,ORD-04206,P0024,1,0.0,1045.55,1045.55,515.41
IT-008307,ORD-04207,P0024,3,0.0,1045.55,3136.65,1546.23
IT-008308,ORD-04207,P0018,3,0.0,316.12,948.36,375.03
IT-008309,ORD-04207,P0012,1,0.15,420.04,420.04,11.84
IT-008310,ORD-04207,P0007,1,0.05,533.08,533.08,141.49
IT-008311,ORD-04208,P0004,3,0.0,46.28,138.84,68.58
IT-008312,ORD-04209,P0012,1,0.1,444.75,444.75,36.55
IT-008313,ORD-04209,P0021,1,0.0,1054.86,1054.86,224.78
IT-008314,ORD-04210,P0012,2,0.0,494.17,988.34,171.94
IT-008315,ORD-04210,P0010,1,0.0,689.95,689.95,342.65
IT-008316,ORD-04211,P0024,1,0.1,941.0,941.0,410.86
IT-008317,ORD-04211,P0017,2,0.05,823.33,1646.65,450.73
IT-008318,ORD-04211,P0008,5,0.0,449.0,2245.0,430.6
IT-008319,ORD-04211,P0018,3,0.1,284.51,853.52,280.19
IT-008320,ORD-04212,P0010,1,0.0,689.95,689.95,342.65
IT-008321,ORD-04212,P0014,2,0.0,26.71,53.42,14.84
IT-008322,ORD-04212,P0002,2,0.1,755.39,1510.78,432.42
IT-008323,ORD-04213,P0024,4,0.2,836.44,3345.76,1225.2
IT-008324,ORD-04214,P0008,2,0.0,449.0,898.0,172.24
IT-008325,ORD-04214,P0003,1,0.05,102.48,102.48,45.5
IT-008326,ORD-04215,P0008,5,0.15,381.65,1908.25,93.85
IT-008327,ORD-04216,P0004,5,0.1,41.65,208.26,91.16
IT-008328,ORD-04217,P0020,3,0.0,696.28,2088.84,1012.86
IT-008329,ORD-04218,P0014,1,0.0,26.71,26.71,7.42
IT-008330,ORD-04219,P0018,1,0.0,316.12,316.12,125.01
IT-008331,ORD-04219,P0020,3,0.0,696.28,2088.84,1012.86
IT-008332,ORD-04220,P0007,1,0.2,448.91,448.91,57.32
IT-008333,ORD-04220,P0018,2,0.0,316.12,632.24,250.02
IT-008334,ORD-04220,P0016,1,0.0,242.3,242.3,82.14
IT-008335,ORD-04221,P0012,4,0.0,494.17,1976.68,343.88
IT-008336,ORD-04221,P0004,3,0.0,46.28,138.84,68.58
IT-008337,ORD-04221,P0015,2,0.15,884.59,1769.17,536.13
IT-008338,ORD-04222,P0025,1,0.1,217.35,217.35,86.22
IT-008339,ORD-04223,P0005,2,0.2,209.94,419.87,29.79
IT-008340,ORD-04224,P0001,2,0.2,773.47,1546.94,111.12
IT-008341,ORD-04225,P0015,1,0.0,1040.69,1040.69,424.17
IT-008342,ORD-04226,P0012,1,0.3,345.92,345.92,-62.28
IT-008343,ORD-04227,P0019,2,0.1,1429.7,2859.39,1113.83
IT-008344,ORD-04228,P0002,2,0.0,839.32,1678.64,600.28
IT-008345,ORD-04228,P0020,3,0.05,661.47,1984.4,908.42
IT-008346,ORD-04229,P0021,2,0.0,1054.86,2109.72,449.56
IT-008347,ORD-04229,P0024,3,0.0,1045.55,3136.65,1546.23
IT-008348,ORD-04230,P0011,1,0.0,78.52,78.52,31.95
IT-008349,ORD-04230,P0009,4,0.0,755.36,3021.44,1368.72
IT-008350,ORD-04231,P0018,3,0.0,316.12,948.36,375.03
IT-008351,ORD-04232,P0013,1,0.15,1364.45,1364.45,495.21
IT-008352,ORD-04232,P0002,2,0.15,713.42,1426.84,348.48
IT-008353,ORD-04233,P0008,1,0.0,449.0,449.0,86.12
IT-008354,ORD-04233,P0015,2,0.05,988.66,1977.31,744.27
IT-008355,ORD-04233,P0024,1,0.0,1045.55,1045.55,515.41
IT-008356,ORD-04234,P0011,1,0.05,74.59,74.59,28.02
IT-008357,ORD-04235,P0025,1,0.0,241.5,241.5,110.37
IT-008358,ORD-04236,P0007,1,0.0,561.14,561.14,169.55
IT-008359,ORD-04237,P0004,1,0.05,43.97,43.97,20.55
IT-008360,ORD-04238,P0003,2,0.1,97.08,194.17,80.21
IT-008361,ORD-04238,P0013,1,0.0,1605.24,1605.24,736.0
IT-008362,ORD-04239,P0019,1,0.15,1350.27,1350.27,477.49
IT-008363,ORD-04240,P0011,1,0.0,78.52,78.52,31.95
IT-008364,ORD-04240,P0008,1,0.3,314.3,314.3,-48.58
IT-008365,ORD-04241,P0007,1,0.0,561.14,561.14,169.55
IT-008366,ORD-04242,P0017,2,0.05,823.33,1646.65,450.73
IT-008367,ORD-04242,P0014,1,0.05,25.37,25.37,6.08
IT-008368,ORD-04243,P0004,3,0.3,32.4,97.19,26.93
IT-008369,ORD-04244,P0016,1,0.1,218.07,218.07,57.91
IT-008370,ORD-04244,P0007,1,0.15,476.97,476.97,85.38
IT-008371,ORD-04245,P0007,5,0.0,561.14,2805.7,847.75
IT-008372,ORD-04246,P0025,2,0.0,241.5,483.0,220.74
IT-008373,ORD-04247,P0019,2,0.1,1429.7,2859.39,1113.83
IT-008374,ORD-04247,P0007,1,0.0,561.14,561.14,169.55
IT-008375,ORD-04247,P0005,2,0.0,262.42,524.84,134.76
IT-008376,ORD-04248,P0012,4,0.1,444.75,1779.01,146.21
IT-008377,ORD-04248,P0006,1,0.0,942.04,942.04,384.39
IT-008378,ORD-04249,P0002,4,0.0,839.32,3357.28,1200.56
IT-008379,ORD-04250,P0012,1,0.0,494.17,494.17,85.97
IT-008380,ORD-04250,P0013,1,0.0,1605.24,1605.24,736.0
IT-008381,ORD-04251,P0005,1,0.0,262.42,262.42,67.38
IT-008382,ORD-04251,P0001,3,0.1,870.16,2610.47,456.74
IT-008383,ORD-04252,P0014,4,0.0,26.71,106.84,29.68
IT-008384,ORD-04252,P0015,1,0.0,1040.69,1040.69,424.17
IT-008385,ORD-04253,P0011,2,0.3,54.96,109.93,16.79
IT-008386,ORD-04253,P0019,2,0.1,1429.7,2859.39,1113.83
IT-008387,ORD-04254,P0024,2,0.0,1045.55,2091.1,1030.82
IT-008388,ORD-04254,P0012,1,0.05,469.46,469.46,61.26
IT-008389,ORD-04254,P0010,1,0.0,689.95,689.95,342.65
IT-008390,ORD-04255,P0021,1,0.1,949.37,949.37,119.29
IT-008391,ORD-04256,P0011,3,0.1,70.67,212.0,72.29
IT-008392,ORD-04257,P0023,3,0.15,425.03,1275.1,216.49
IT-008393,ORD-04258,P0012,2,0.15,420.04,840.09,23.69
IT-008394,ORD-04258,P0008,2,0.05,426.55,853.1,127.34
IT-008395,ORD-04258,P0022,1,0.0,927.66,927.66,456.51
IT-008396,ORD-04259,P0005,1,0.05,249.3,249.3,54.26
IT-008397,ORD-04259,P0012,1,0.0,494.17,494.17,85.97
IT-008398,ORD-04259,P0001,1,0.1,870.16,870.16,152.25
IT-008399,ORD-04260,P0013,2,0.0,1605.24,3210.48,1472.0
IT-008400,ORD-04260,P0010,2,0.2,551.96,1103.92,409.32
IT-008401,ORD-04260,P0023,4,0.2,400.03,1600.13,188.65
IT-008402,ORD-04261,P0023,2,0.0,500.04,1000.08,294.34
IT-008403,ORD-04261,P0001,1,0.3,676.79,676.79,-41.12
IT-008404,ORD-04261,P0017,5,0.15,736.66,3683.3,693.5
IT-008405,ORD-04262,P0024,1,0.1,941.0,941.0,410.86
IT-008406,ORD-04262,P0019,1,0.0,1588.55,1588.55,715.77
IT-008407,ORD-04262,P0016,1,0.1,218.07,218.07,57.91
IT-008408,ORD-04262,P0007,2,0.1,505.03,1010.05,226.87
IT-008409,ORD-04263,P0011,2,0.1,70.67,141.34,48.2
IT-008410,ORD-04263,P0010,1,0.15,586.46,586.46,239.16
IT-008411,ORD-04264,P0018,1,0.1,284.51,284.51,93.4
IT-008412,ORD-04264,P0010,1,0.0,689.95,689.95,342.65
IT-008413,ORD-04264,P0004,2,0.0,46.28,92.56,45.72
IT-008414,ORD-04265,P0020,2,0.05,661.47,1322.93,605.61
IT-008415,ORD-04265,P0010,2,0.1,620.96,1241.91,547.31
IT-008416,ORD-04265,P0016,2,0.0,242.3,484.6,164.28
IT-008417,ORD-04265,P0019,2,0.15,1350.27,2700.54,954.97
IT-008418,ORD-04266,P0014,4,0.1,24.04,96.16,19.0
IT-008419,ORD-04267,P0005,1,0.0,262.42,262.42,67.38
IT-008420,ORD-04267,P0010,4,0.0,689.95,2759.8,1370.6
IT-008421,ORD-04268,P0013,2,0.05,1524.98,3049.96,1311.48
IT-008422,ORD-04268,P0024,1,0.05,993.27,993.27,463.13
IT-008423,ORD-04269,P0019,1,0.2,1270.84,1270.84,398.06
IT-008424,ORD-04269,P0023,2,0.05,475.04,950.08,244.34
IT-008425,ORD-04269,P0003,3,0.0,107.87,323.61,152.67
IT-008426,ORD-04270,P0001,2,0.15,821.81,1643.63,207.81
IT-008427,ORD-04270,P0021,2,0.0,1054.86,2109.72,449.56
IT-008428,ORD-04270,P0010,3,0.05,655.45,1966.36,924.46
IT-008429,ORD-04271,P0018,3,0.0,316.12,948.36,375.03
IT-008430,ORD-04271,P0020,1,0.0,696.28,696.28,337.62
IT-008431,ORD-04271,P0011,3,0.0,78.52,235.56,95.85
IT-008432,ORD-04272,P0006,3,0.05,894.94,2684.81,1011.86
IT-008433,ORD-04272,P0025,3,0.05,229.42,688.28,294.88
IT-008434,ORD-04272,P0003,1,0.0,107.87,107.87,50.89
IT-008435,ORD-04272,P0016,2,0.3,169.61,339.22,18.9
IT-008436,ORD-04273,P0008,2,0.0,449.0,898.0,172.24
IT-008437,ORD-04273,P0006,1,0.0,942.04,942.04,384.39
IT-008438,ORD-04274,P0004,2,0.15,39.34,78.68,31.84
IT-008439,ORD-04275,P0006,4,0.1,847.84,3391.34,1160.74
IT-008440,ORD-04276,P0018,1,0.0,316.12,316.12,125.01
IT-008441,ORD-04276,P0017,3,0.05,823.33,2469.98,676.1
IT-008442,ORD-04277,P0003,2,0.0,107.87,215.74,101.78
IT-008443,ORD-04277,P0012,3,0.05,469.46,1408.38,183.78
IT-008444,ORD-04278,P0014,2,0.0,26.71,53.42,14.84
IT-008445,ORD-04278,P0013,2,0.15,1364.45,2728.91,990.43
IT-008446,ORD-04279,P0003,1,0.05,102.48,102.48,45.5
IT-008447,ORD-04279,P0013,5,0.0,1605.24,8026.2,3680.0
IT-008448,ORD-04280,P0015,2,0.2,832.55,1665.1,432.06
IT-008449,ORD-04280,P0002,4,0.1,755.39,3021.55,864.83
IT-008450,ORD-04280,P0021,2,0.0,1054.86,2109.72,449.56
IT-008451,ORD-04281,P0012,3,0.0,494.17,1482.51,257.91
IT-008452,ORD-04282,P0024,1,0.0,1045.55,1045.55,515.41
IT-008453,ORD-04282,P0016,4,0.15,205.96,823.82,183.18
IT-008454,ORD-04282,P0010,1,0.0,689.95,689.95,342.65
IT-008455,ORD-04283,P0025,1,0.1,217.35,217.35,86.22
IT-008456,ORD-04283,P0008,1,0.0,449.0,449.0,86.12
IT-008457,ORD-04283,P0011,3,0.0,78.52,235.56,95.85
IT-008458,ORD-04284,P0008,1,0.0,449.0,449.0,86.12
IT-008459,ORD-04284,P0015,1,0.0,1040.69,1040.69,424.17
IT-008460,ORD-04285,P0021,2,0.15,896.63,1793.26,133.1
IT-008461,ORD-04285,P0007,1,0.0,561.14,561.14,169.55
IT-008462,ORD-04286,P0011,1,0.2,62.82,62.82,16.25
IT-008463,ORD-04286,P0006,2,0.0,942.04,1884.08,768.78
IT-008464,ORD-04286,P0024,2,0.0,1045.55,2091.1,1030.82
IT-008465,ORD-04287,P0018,1,0.15,268.7,268.7,77.59
IT-008466,ORD-04287,P0003,1,0.15,91.69,91.69,34.71
IT-008467,ORD-04288,P0022,1,0.0,927.66,927.66,456.51
IT-008468,ORD-04289,P0019,1,0.15,1350.27,1350.27,477.49
IT-008469,ORD-04290,P0005,2,0.2,209.94,419.87,29.79
IT-008470,ORD-04291,P0006,2,0.0,942.04,1884.08,768.78
IT-008471,ORD-04292,P0017,2,0.0,866.66,1733.32,537.4
IT-008472,ORD-04293,P0006,1,0.0,942.04,942.04,384.39
IT-008473,ORD-04294,P0017,3,0.1,779.99,2339.98,546.1
IT-008474,ORD-04294,P0009,1,0.05,717.59,717.59,304.41
IT-008475,ORD-04295,P0016,2,0.3,169.61,339.22,18.9
IT-008476,ORD-04295,P0024,1,0.0,1045.55,1045.55,515.41
IT-008477,ORD-04295,P0022,4,0.3,649.36,2597.45,712.85
IT-008478,ORD-04295,P0021,2,0.0,1054.86,2109.72,449.56
IT-008479,ORD-04296,P0005,1,0.3,183.69,183.69,-11.35
IT-008480,ORD-04296,P0011,1,0.2,62.82,62.82,16.25
IT-008481,ORD-04297,P0024,3,0.05,993.27,2979.82,1389.4
IT-008482,ORD-04297,P0021,1,0.1,949.37,949.37,119.29
IT-008483,ORD-04297,P0020,1,0.0,696.28,696.28,337.62
IT-008484,ORD-04297,P0022,4,0.05,881.28,3525.11,1640.51
IT-008485,ORD-04298,P0025,1,0.15,205.28,205.28,74.15
IT-008486,ORD-04298,P0010,2,0.0,689.95,1379.9,685.3
IT-008487,ORD-04298,P0020,2,0.05,661.47,1322.93,605.61
IT-008488,ORD-04299,P0022,5,0.05,881.28,4406.38,2050.63
IT-008489,ORD-04299,P0016,3,0.15,205.96,617.86,137.39
IT-008490,ORD-04300,P0006,4,0.1,847.84,3391.34,1160.74
IT-008491,ORD-04300,P0012,1,0.0,494.17,494.17,85.97
IT-008492,ORD-04301,P0016,2,0.0,242.3,484.6,164.28
IT-008493,ORD-04302,P0002,1,0.0,839.32,839.32,300.14
IT-008494,ORD-04302,P0019,5,0.05,1509.12,7545.61,3181.71
IT-008495,ORD-04302,P0015,2,0.05,988.66,1977.31,744.27
IT-008496,ORD-04303,P0010,1,0.1,620.96,620.96,273.66
IT-008497,ORD-04303,P0020,2,0.05,661.47,1322.93,605.61
IT-008498,ORD-04303,P0003,1,0.15,91.69,91.69,34.71
IT-008499,ORD-04304,P0014,2,0.0,26.71,53.42,14.84
IT-008500,ORD-04304,P0008,1,0.0,449.0,449.0,86.12
IT-008501,ORD-04305,P0008,1,0.0,449.0,449.0,86.12
IT-008502,ORD-04306,P0001,5,0.05,918.5,4592.49,1002.94
IT-008503,ORD-04306,P0007,1,0.0,561.14,561.14,169.55
IT-008504,ORD-04306,P0010,1,0.0,689.95,689.95,342.65
IT-008505,ORD-04307,P0004,3,0.05,43.97,131.9,61.64
IT-008506,ORD-04308,P0015,2,0.3,728.48,1456.97,223.93
IT-008507,ORD-04309,P0001,5,0.0,966.84,4834.2,1244.65
IT-008508,ORD-04309,P0016,1,0.0,242.3,242.3,82.14
IT-008509,ORD-04309,P0008,3,0.0,449.0,1347.0,258.36
IT-008510,ORD-04310,P0012,1,0.0,494.17,494.17,85.97
IT-008511,ORD-04310,P0006,5,0.0,942.04,4710.2,1921.95
IT-008512,ORD-04311,P0013,1,0.0,1605.24,1605.24,736.0
IT-008513,ORD-04311,P0009,3,0.2,604.29,1812.86,573.32
IT-008514,ORD-04312,P0001,4,0.2,773.47,3093.89,222.25
IT-008515,ORD-04312,P0006,2,0.0,942.04,1884.08,768.78
IT-008516,ORD-04312,P0016,2,0.0,242.3,484.6,164.28
IT-008517,ORD-04313,P0018,5,0.2,252.9,1264.48,308.93
IT-008518,ORD-04313,P0025,1,0.0,241.5,241.5,110.37
IT-008519,ORD-04314,P0013,1,0.0,1605.24,1605.24,736.0
IT-008520,ORD-04314,P0023,3,0.2,400.03,1200.1,141.49
IT-008521,ORD-04315,P0016,1,0.0,242.3,242.3,82.14
IT-008522,ORD-04316,P0009,1,0.0,755.36,755.36,342.18
IT-008523,ORD-04317,P0022,1,0.15,788.51,788.51,317.36
IT-008524,ORD-04317,P0010,1,0.0,689.95,689.95,342.65
IT-008525,ORD-04317,P0015,1,0.0,1040.69,1040.69,424.17
IT-008526,ORD-04318,P0003,1,0.05,102.48,102.48,45.5
IT-008527,ORD-04318,P0005,1,0.0,262.42,262.42,67.38
IT-008528,ORD-04319,P0012,2,0.2,395.34,790.67,-25.73
IT-008529,ORD-04320,P0004,4,0.1,41.65,166.61,72.93
IT-008530,ORD-04321,P0006,3,0.1,847.84,2543.51,870.56
IT-008531,ORD-04321,P0025,5,0.0,241.5,1207.5,551.85
IT-008532,ORD-04322,P0016,1,0.0,242.3,242.3,82.14
IT-008533,ORD-04322,P0001,3,0.05,918.5,2755.49,601.76
IT-008534,ORD-04323,P0003,2,0.0,107.87,215.74,101.78
IT-008535,ORD-04323,P0016,1,0.0,242.3,242.3,82.14
IT-008536,ORD-04324,P0003,1,0.15,91.69,91.69,34.71
IT-008537,ORD-04324,P0014,2,0.0,26.71,53.42,14.84
IT-008538,ORD-04325,P0016,1,0.0,242.3,242.3,82.14
IT-008539,ORD-04326,P0007,1,0.1,505.03,505.03,113.44
IT-008540,ORD-04326,P0020,3,0.15,591.84,1775.51,699.53
IT-008541,ORD-04327,P0024,2,0.1,941.0,1881.99,821.71
IT-008542,ORD-04327,P0014,2,0.2,21.37,42.74,4.16
IT-008543,ORD-04327,P0001,3,0.0,966.84,2900.52,746.79
IT-008544,ORD-04328,P0005,2,0.0,262.42,524.84,134.76
IT-008545,ORD-04329,P0004,1,0.05,43.97,43.97,20.55
IT-008546,ORD-04329,P0025,5,0.0,241.5,1207.5,551.85
IT-008547,ORD-04330,P0008,1,0.0,449.0,449.0,86.12
IT-008548,ORD-04330,P0010,2,0.15,586.46,1172.92,478.31
IT-008549,ORD-04331,P0011,1,0.0,78.52,78.52,31.95
IT-008550,ORD-04331,P0001,2,0.0,966.84,1933.68,497.86
IT-008551,ORD-04332,P0016,1,0.2,193.84,193.84,33.68
IT-008552,ORD-04333,P0012,1,0.0,494.17,494.17,85.97
IT-008553,ORD-04333,P0011,3,0.0,78.52,235.56,95.85
IT-008554,ORD-04333,P0006,1,0.1,847.84,847.84,290.19
IT-008555,ORD-04333,P0019,1,0.3,1111.98,1111.98,239.2
IT-008556,ORD-04334,P0006,4,0.0,942.04,3768.16,1537.56
IT-008557,ORD-04334,P0014,4,0.0,26.71,106.84,29.68
IT-008558,ORD-04335,P0001,1,0.0,966.84,966.84,248.93
IT-008559,ORD-04335,P0005,1,0.0,262.42,262.42,67.38
IT-008560,ORD-04335,P0009,2,0.0,755.36,1510.72,684.36
IT-008561,ORD-04336,P0002,2,0.0,839.32,1678.64,600.28
IT-008562,ORD-04337,P0003,1,0.05,102.48,102.48,45.5
IT-008563,ORD-04337,P0010,1,0.0,689.95,689.95,342.65
IT-008564,ORD-04338,P0018,1,0.0,316.12,316.12,125.01
IT-008565,ORD-04338,P0017,1,0.0,866.66,866.66,268.7
IT-008566,ORD-04338,P0016,1,0.1,218.07,218.07,57.91
IT-008567,ORD-04339,P0012,1,0.0,494.17,494.17,85.97
IT-008568,ORD-04340,P0008,1,0.0,449.0,449.0,86.12
IT-008569,ORD-04341,P0014,1,0.15,22.7,22.7,3.41
IT-008570,ORD-04341,P0021,4,0.1,949.37,3797.5,477.18
IT-008571,ORD-04342,P0010,1,0.05,655.45,655.45,308.15
IT-008572,ORD-04343,P0017,1,0.15,736.66,736.66,138.7
IT-008573,ORD-04343,P0024,1,0.1,941.0,941.0,410.86
IT-008574,ORD-04344,P0018,4,0.3,221.28,885.14,120.7
IT-008575,ORD-04345,P0013,2,0.0,1605.24,3210.48,1472.0
IT-008576,ORD-04346,P0002,1,0.1,755.39,755.39,216.21
IT-008577,ORD-04346,P0003,3,0.0,107.87,323.61,152.67
IT-008578,ORD-04347,P0013,1,0.0,1605.24,1605.24,736.0
IT-008579,ORD-04348,P0017,3,0.2,693.33,2079.98,286.1
IT-008580,ORD-04348,P0002,1,0.2,671.46,671.46,132.28
IT-008581,ORD-04348,P0011,5,0.1,70.67,353.34,120.49
IT-008582,ORD-04348,P0005,2,0.0,262.42,524.84,134.76
IT-008583,ORD-04349,P0010,1,0.0,689.95,689.95,342.65
IT-008584,ORD-04349,P0002,2,0.15,713.42,1426.84,348.48
IT-008585,ORD-04349,P0012,1,0.0,494.17,494.17,85.97
IT-008586,ORD-04350,P0007,1,0.1,505.03,505.03,113.44
IT-008587,ORD-04350,P0024,1,0.0,1045.55,1045.55,515.41
IT-008588,ORD-04351,P0007,4,0.0,561.14,2244.56,678.2
IT-008589,ORD-04351,P0001,5,0.1,870.16,4350.78,761.23
IT-008590,ORD-04351,P0003,1,0.0,107.87,107.87,50.89
IT-008591,ORD-04352,P0020,3,0.0,696.28,2088.84,1012.86
IT-008592,ORD-04352,P0006,1,0.15,800.73,800.73,243.08
IT-008593,ORD-04352,P0010,1,0.2,551.96,551.96,204.66
IT-008594,ORD-04353,P0014,1,0.1,24.04,24.04,4.75
IT-008595,ORD-04354,P0010,4,0.0,689.95,2759.8,1370.6
IT-008596,ORD-04354,P0009,2,0.3,528.75,1057.5,231.14
IT-008597,ORD-04354,P0022,2,0.0,927.66,1855.32,913.02
IT-008598,ORD-04355,P0012,4,0.05,469.46,1877.85,245.05
IT-008599,ORD-04356,P0012,1,0.2,395.34,395.34,-12.86
IT-008600,ORD-04356,P0014,1,0.05,25.37,25.37,6.08
IT-008601,ORD-04357,P0013,3,0.0,1605.24,4815.72,2208.0
IT-008602,ORD-04357,P0024,1,0.2,836.44,836.44,306.3
IT-008603,ORD-04358,P0012,1,0.3,345.92,345.92,-62.28
IT-008604,ORD-04358,P0021,3,0.0,1054.86,3164.58,674.34
IT-008605,ORD-04359,P0021,1,0.3,738.4,738.4,-91.68
IT-008606,ORD-04360,P0023,2,0.1,450.04,900.07,194.33
IT-008607,ORD-04361,P0024,1,0.0,1045.55,1045.55,515.41
IT-008608,ORD-04361,P0011,1,0.1,70.67,70.67,24.1
IT-008609,ORD-04362,P0009,3,0.15,642.06,1926.17,686.63
IT-008610,ORD-04363,P0003,2,0.1,97.08,194.17,80.21
IT-008611,ORD-04363,P0008,1,0.15,381.65,381.65,18.77
IT-008612,ORD-04363,P0005,1,0.2,209.94,209.94,14.9
IT-008613,ORD-04364,P0014,4,0.1,24.04,96.16,19.0
IT-008614,ORD-04364,P0007,1,0.1,505.03,505.03,113.44
IT-008615,ORD-04365,P0018,2,0.0,316.12,632.24,250.02
IT-008616,ORD-04366,P0022,1,0.15,788.51,788.51,317.36
IT-008617,ORD-04367,P0011,1,0.1,70.67,70.67,24.1
IT-008618,ORD-04367,P0022,5,0.1,834.89,4174.47,1818.72
IT-008619,ORD-04368,P0010,2,0.0,689.95,1379.9,685.3
IT-008620,ORD-04368,P0002,2,0.0,839.32,1678.64,600.28
IT-008621,ORD-04369,P0014,1,0.0,26.71,26.71,7.42
IT-008622,ORD-04370,P0016,2,0.1,218.07,436.14,115.82
IT-008623,ORD-04371,P0010,2,0.2,551.96,1103.92,409.32
IT-008624,ORD-04372,P0021,1,0.15,896.63,896.63,66.55
IT-008625,ORD-04373,P0011,2,0.0,78.52,157.04,63.9
IT-008626,ORD-04373,P0008,1,0.3,314.3,314.3,-48.58
IT-008627,ORD-04374,P0013,1,0.0,1605.24,1605.24,736.0
IT-008628,ORD-04374,P0021,2,0.0,1054.86,2109.72,449.56
IT-008629,ORD-04374,P0003,3,0.2,86.3,258.89,87.95
IT-008630,ORD-04375,P0004,2,0.1,41.65,83.3,36.46
IT-008631,ORD-04375,P0014,1,0.05,25.37,25.37,6.08
IT-008632,ORD-04376,P0023,2,0.1,450.04,900.07,194.33
IT-008633,ORD-04376,P0010,1,0.2,551.96,551.96,204.66
IT-008634,ORD-04376,P0022,1,0.1,834.89,834.89,363.74
IT-008635,ORD-04377,P0007,2,0.05,533.08,1066.17,282.99
IT-008636,ORD-04378,P0019,1,0.0,1588.55,1588.55,715.77
IT-008637,ORD-04378,P0017,3,0.0,866.66,2599.98,806.1
IT-008638,ORD-04379,P0007,5,0.0,561.14,2805.7,847.75
IT-008639,ORD-04379,P0006,2,0.1,847.84,1695.67,580.37
IT-008640,ORD-04380,P0004,1,0.1,41.65,41.65,18.23
IT-008641,ORD-04380,P0007,3,0.0,561.14,1683.42,508.65
IT-008642,ORD-04381,P0004,1,0.05,43.97,43.97,20.55
IT-008643,ORD-04381,P0015,2,0.0,1040.69,2081.38,848.34
IT-008644,ORD-04382,P0019,1,0.3,1111.98,1111.98,239.2
IT-008645,ORD-04382,P0015,3,0.2,832.55,2497.66,648.1
IT-008646,ORD-04383,P0019,1,0.3,1111.98,1111.98,239.2
IT-008647,ORD-04383,P0025,1,0.1,217.35,217.35,86.22
IT-008648,ORD-04384,P0011,1,0.0,78.52,78.52,31.95
IT-008649,ORD-04385,P0016,1,0.0,242.3,242.3,82.14
IT-008650,ORD-04385,P0008,1,0.0,449.0,449.0,86.12
IT-008651,ORD-04386,P0013,2,0.1,1444.72,2889.43,1150.95
IT-008652,ORD-04386,P0011,3,0.0,78.52,235.56,95.85
IT-008653,ORD-04387,P0021,2,0.1,949.37,1898.75,238.59
IT-008654,ORD-04387,P0003,1,0.0,107.87,107.87,50.89
IT-008655,ORD-04387,P0013,4,0.0,1605.24,6420.96,2944.0
IT-008656,ORD-04387,P0009,2,0.15,642.06,1284.11,457.75
IT-008657,ORD-04388,P0005,1,0.0,262.42,262.42,67.38
IT-008658,ORD-04388,P0022,2,0.2,742.13,1484.26,541.96
IT-008659,ORD-04389,P0004,1,0.1,41.65,41.65,18.23
IT-008660,ORD-04389,P0025,2,0.0,241.5,483.0,220.74
IT-008661,ORD-04390,P0022,5,0.0,927.66,4638.3,2282.55
IT-008662,ORD-04390,P0007,1,0.0,561.14,561.14,169.55
IT-008663,ORD-04391,P0024,4,0.1,941.0,3763.98,1643.42
IT-008664,ORD-04391,P0020,2,0.0,696.28,1392.56,675.24
IT-008665,ORD-04391,P0004,1,0.2,37.02,37.02,13.6
IT-008666,ORD-04392,P0009,1,0.05,717.59,717.59,304.41
IT-008667,ORD-04392,P0019,1,0.05,1509.12,1509.12,636.34
IT-008668,ORD-04392,P0012,1,0.2,395.34,395.34,-12.86
IT-008669,ORD-04392,P0001,1,0.05,918.5,918.5,200.59
IT-008670,ORD-04393,P0023,1,0.0,500.04,500.04,147.17
IT-008671,ORD-04393,P0013,1,0.0,1605.24,1605.24,736.0
IT-008672,ORD-04393,P0004,2,0.1,41.65,83.3,36.46
IT-008673,ORD-04394,P0001,1,0.0,966.84,966.84,248.93
IT-008674,ORD-04394,P0015,1,0.05,988.66,988.66,372.14
IT-008675,ORD-04395,P0013,1,0.0,1605.24,1605.24,736.0
IT-008676,ORD-04396,P0012,1,0.2,395.34,395.34,-12.86
IT-008677,ORD-04396,P0022,1,0.0,927.66,927.66,456.51
IT-008678,ORD-04397,P0023,5,0.0,500.04,2500.2,735.85
IT-008679,ORD-04397,P0019,1,0.15,1350.27,1350.27,477.49
IT-008680,ORD-04398,P0021,3,0.0,1054.86,3164.58,674.34
IT-008681,ORD-04398,P0005,1,0.3,183.69,183.69,-11.35
IT-008682,ORD-04398,P0023,1,0.15,425.03,425.03,72.16
IT-008683,ORD-04399,P0012,1,0.3,345.92,345.92,-62.28
IT-008684,ORD-04400,P0018,2,0.3,221.28,442.57,60.35
IT-008685,ORD-04400,P0007,2,0.0,561.14,1122.28,339.1
IT-008686,ORD-04401,P0024,1,0.1,941.0,941.0,410.86
IT-008687,ORD-04402,P0007,5,0.3,392.8,1963.99,6.04
IT-008688,ORD-04402,P0006,3,0.0,942.04,2826.12,1153.17
IT-008689,ORD-04402,P0019,1,0.0,1588.55,1588.55,715.77
IT-008690,ORD-04403,P0018,2,0.0,316.12,632.24,250.02
IT-008691,ORD-04404,P0022,2,0.1,834.89,1669.79,727.49
IT-008692,ORD-04404,P0001,5,0.1,870.16,4350.78,761.23
IT-008693,ORD-04405,P0011,4,0.05,74.59,298.38,112.1
IT-008694,ORD-04406,P0016,5,0.05,230.18,1150.92,350.12
IT-008695,ORD-04407,P0019,3,0.15,1350.27,4050.8,1432.46
IT-008696,ORD-04407,P0009,2,0.1,679.82,1359.65,533.29
IT-008697,ORD-04408,P0019,1,0.3,1111.98,1111.98,239.2
IT-008698,ORD-04409,P0023,2,0.0,500.04,1000.08,294.34
IT-008699,ORD-04409,P0025,1,0.05,229.42,229.42,98.29
IT-008700,ORD-04410,P0001,2,0.0,966.84,1933.68,497.86
IT-008701,ORD-04410,P0021,1,0.15,896.63,896.63,66.55
IT-008702,ORD-04410,P0007,2,0.0,561.14,1122.28,339.1
IT-008703,ORD-04410,P0020,2,0.0,696.28,1392.56,675.24
IT-008704,ORD-04411,P0011,2,0.0,78.52,157.04,63.9
IT-008705,ORD-04411,P0009,2,0.15,642.06,1284.11,457.75
IT-008706,ORD-04411,P0019,4,0.0,1588.55,6354.2,2863.08
IT-008707,ORD-04411,P0025,1,0.0,241.5,241.5,110.37
IT-008708,ORD-04412,P0023,2,0.05,475.04,950.08,244.34
IT-008709,ORD-04413,P0014,1,0.05,25.37,25.37,6.08
IT-008710,ORD-04413,P0010,1,0.0,689.95,689.95,342.65
IT-008711,ORD-04413,P0008,1,0.0,449.0,449.0,86.12
IT-008712,ORD-04414,P0014,1,0.2,21.37,21.37,2.08
IT-008713,ORD-04415,P0009,1,0.1,679.82,679.82,266.64
IT-008714,ORD-04415,P0005,2,0.0,262.42,524.84,134.76
IT-008715,ORD-04415,P0017,1,0.05,823.33,823.33,225.37
IT-008716,ORD-04416,P0023,1,0.0,500.04,500.04,147.17
IT-008717,ORD-04416,P0022,2,0.05,881.28,1762.55,820.25
IT-008718,ORD-04416,P0016,1,0.05,230.18,230.18,70.03
IT-008719,ORD-04417,P0014,1,0.0,26.71,26.71,7.42
IT-008720,ORD-04418,P0017,1,0.0,866.66,866.66,268.7
IT-008721,ORD-04418,P0018,1,0.0,316.12,316.12,125.01
IT-008722,ORD-04419,P0013,2,0.2,1284.19,2568.38,829.9
IT-008723,ORD-04420,P0010,1,0.0,689.95,689.95,342.65
IT-008724,ORD-04420,P0014,1,0.0,26.71,26.71,7.42
IT-008725,ORD-04420,P0020,1,0.0,696.28,696.28,337.62
IT-008726,ORD-04421,P0019,1,0.0,1588.55,1588.55,715.77
IT-008727,ORD-04421,P0018,1,0.0,316.12,316.12,125.01
IT-008728,ORD-04422,P0001,1,0.3,676.79,676.79,-41.12
IT-008729,ORD-04422,P0008,2,0.0,449.0,898.0,172.24
IT-008730,ORD-04423,P0005,3,0.1,236.18,708.53,123.41
IT-008731,ORD-04423,P0001,5,0.15,821.81,4109.07,519.52
IT-008732,ORD-04424,P0011,1,0.1,70.67,70.67,24.1
IT-008733,ORD-04424,P0005,3,0.0,262.42,787.26,202.14
IT-008734,ORD-04424,P0023,1,0.3,350.03,350.03,-2.84
IT-008735,ORD-04424,P0018,1,0.1,284.51,284.51,93.4
IT-008736,ORD-04425,P0018,1,0.05,300.31,300.31,109.2
IT-008737,ORD-04425,P0012,3,0.0,494.17,1482.51,257.91
IT-008738,ORD-04425,P0001,2,0.1,870.16,1740.31,304.49
IT-008739,ORD-04425,P0004,3,0.0,46.28,138.84,68.58
IT-008740,ORD-04426,P0022,1,0.2,742.13,742.13,270.98
IT-008741,ORD-04426,P0014,2,0.0,26.71,53.42,14.84
IT-008742,ORD-04427,P0014,1,0.05,25.37,25.37,6.08
IT-008743,ORD-04427,P0005,2,0.3,183.69,367.39,-22.69
IT-008744,ORD-04428,P0001,4,0.0,966.84,3867.36,995.72
IT-008745,ORD-04428,P0002,1,0.3,587.52,587.52,48.34
IT-008746,ORD-04428,P0014,2,0.0,26.71,53.42,14.84
IT-008747,ORD-04429,P0018,2,0.05,300.31,600.63,218.41
IT-008748,ORD-04429,P0004,2,0.2,37.02,74.05,27.21
IT-008749,ORD-04429,P0007,1,0.15,476.97,476.97,85.38
IT-008750,ORD-04430,P0007,5,0.0,561.14,2805.7,847.75
IT-008751,ORD-04431,P0004,1,0.0,46.28,46.28,22.86
IT-008752,ORD-04432,P0005,2,0.05,249.3,498.6,108.52
IT-008753,ORD-04433,P0015,3,0.1,936.62,2809.86,960.3
IT-008754,ORD-04433,P0005,4,0.1,236.18,944.71,164.55
IT-008755,ORD-04434,P0025,1,0.0,241.5,241.5,110.37
IT-008756,ORD-04435,P0021,3,0.1,949.37,2848.12,357.88
IT-008757,ORD-04435,P0017,5,0.0,866.66,4333.3,1343.5
IT-008758,ORD-04436,P0025,2,0.0,241.5,483.0,220.74
IT-008759,ORD-04436,P0013,2,0.0,1605.24,3210.48,1472.0
IT-008760,ORD-04437,P0018,2,0.0,316.12,632.24,250.02
IT-008761,ORD-04437,P0025,1,0.0,241.5,241.5,110.37
IT-008762,ORD-04438,P0006,3,0.05,894.94,2684.81,1011.86
IT-008763,ORD-04438,P0016,3,0.0,242.3,726.9,246.42
IT-008764,ORD-04439,P0017,1,0.1,779.99,779.99,182.03
IT-008765,ORD-04440,P0013,1,0.0,1605.24,1605.24,736.0
IT-008766,ORD-04440,P0009,2,0.1,679.82,1359.65,533.29
IT-008767,ORD-04440,P0010,1,0.1,620.96,620.96,273.66
IT-008768,ORD-04441,P0015,1,0.1,936.62,936.62,320.1
IT-008769,ORD-04441,P0013,5,0.15,1364.45,6822.27,2476.07
IT-008770,ORD-04441,P0008,3,0.0,449.0,1347.0,258.36
IT-008771,ORD-04441,P0018,1,0.0,316.12,316.12,125.01
IT-008772,ORD-04442,P0022,4,0.0,927.66,3710.64,1826.04
IT-008773,ORD-04442,P0016,1,0.0,242.3,242.3,82.14
IT-008774,ORD-04443,P0011,5,0.0,78.52,392.6,159.75
IT-008775,ORD-04443,P0015,1,0.05,988.66,988.66,372.14
IT-008776,ORD-04443,P0012,4,0.0,494.17,1976.68,343.88
IT-008777,ORD-04444,P0023,1,0.0,500.04,500.04,147.17
IT-008778,ORD-04445,P0001,3,0.1,870.16,2610.47,456.74
IT-008779,ORD-04445,P0023,2,0.2,400.03,800.06,94.32
IT-008780,ORD-04445,P0007,4,0.0,561.14,2244.56,678.2
IT-008781,ORD-04446,P0016,1,0.05,230.18,230.18,70.03
IT-008782,ORD-04447,P0012,1,0.1,444.75,444.75,36.55
IT-008783,ORD-04447,P0008,3,0.0,449.0,1347.0,258.36
IT-008784,ORD-04448,P0008,2,0.0,449.0,898.0,172.24
IT-008785,ORD-04449,P0014,3,0.0,26.71,80.13,22.26
IT-008786,ORD-04449,P0024,1,0.0,1045.55,1045.55,515.41
IT-008787,ORD-04450,P0010,1,0.0,689.95,689.95,342.65
IT-008788,ORD-04451,P0003,1,0.0,107.87,107.87,50.89
IT-008789,ORD-04451,P0006,1,0.05,894.94,894.94,337.29
IT-008790,ORD-04452,P0021,3,0.0,1054.86,3164.58,674.34
IT-008791,ORD-04453,P0014,1,0.0,26.71,26.71,7.42
IT-008792,ORD-04453,P0024,1,0.0,1045.55,1045.55,515.41
IT-008793,ORD-04453,P0017,2,0.3,606.66,1213.32,17.4
IT-008794,ORD-04454,P0006,1,0.2,753.63,753.63,195.98
IT-008795,ORD-04454,P0023,5,0.05,475.04,2375.19,610.84
IT-008796,ORD-04455,P0016,1,0.05,230.18,230.18,70.03
IT-008797,ORD-04456,P0018,2,0.15,268.7,537.4,155.18
IT-008798,ORD-04457,P0015,1,0.2,832.55,832.55,216.03
IT-008799,ORD-04457,P0020,1,0.0,696.28,696.28,337.62
IT-008800,ORD-04457,P0016,2,0.15,205.96,411.91,91.59
IT-008801,ORD-04458,P0008,2,0.05,426.55,853.1,127.34
IT-008802,ORD-04459,P0017,2,0.0,866.66,1733.32,537.4
IT-008803,ORD-04459,P0002,3,0.2,671.46,2014.37,396.83
IT-008804,ORD-04460,P0024,1,0.2,836.44,836.44,306.3
IT-008805,ORD-04460,P0016,1,0.0,242.3,242.3,82.14
IT-008806,ORD-04461,P0002,2,0.0,839.32,1678.64,600.28
IT-008807,ORD-04462,P0010,3,0.0,689.95,2069.85,1027.95
IT-008808,ORD-04463,P0014,1,0.05,25.37,25.37,6.08
IT-008809,ORD-04463,P0001,1,0.1,870.16,870.16,152.25
IT-008810,ORD-04464,P0007,5,0.05,533.08,2665.42,707.46
IT-008811,ORD-04465,P0023,1,0.0,500.04,500.04,147.17
IT-008812,ORD-04466,P0015,1,0.0,1040.69,1040.69,424.17
IT-008813,ORD-04467,P0012,1,0.0,494.17,494.17,85.97
IT-008814,ORD-04468,P0020,1,0.0,696.28,696.28,337.62
IT-008815,ORD-04469,P0025,1,0.2,193.2,193.2,62.07
IT-008816,ORD-04469,P0006,2,0.1,847.84,1695.67,580.37
IT-008817,ORD-04469,P0024,2,0.05,993.27,1986.54,926.26
IT-008818,ORD-04469,P0021,1,0.0,1054.86,1054.86,224.78
IT-008819,ORD-04470,P0005,1,0.0,262.42,262.42,67.38
IT-008820,ORD-04470,P0021,3,0.0,1054.86,3164.58,674.34
IT-008821,ORD-04471,P0016,1,0.15,205.96,205.96,45.8
IT-008822,ORD-04471,P0020,1,0.2,557.02,557.02,198.36
IT-008823,ORD-04471,P0014,1,0.15,22.7,22.7,3.41
IT-008824,ORD-04472,P0021,3,0.0,1054.86,3164.58,674.34
IT-008825,ORD-04473,P0002,3,0.1,755.39,2266.16,648.62
IT-008826,ORD-04474,P0008,4,0.15,381.65,1526.6,75.08
IT-008827,ORD-04474,P0021,4,0.1,949.37,3797.5,477.18
IT-008828,ORD-04474,P0015,3,0.0,1040.69,3122.07,1272.51
IT-008829,ORD-04475,P0006,3,0.1,847.84,2543.51,870.56
IT-008830,ORD-04475,P0007,1,0.1,505.03,505.03,113.44
IT-008831,ORD-04476,P0002,4,0.1,755.39,3021.55,864.83
IT-008832,ORD-04477,P0004,4,0.05,43.97,175.86,82.18
IT-008833,ORD-04477,P0018,1,0.15,268.7,268.7,77.59
IT-008834,ORD-04478,P0012,2,0.0,494.17,988.34,171.94
IT-008835,ORD-04478,P0005,2,0.1,236.18,472.36,82.28
IT-008836,ORD-04479,P0023,2,0.05,475.04,950.08,244.34
IT-008837,ORD-04479,P0022,1,0.0,927.66,927.66,456.51
IT-008838,ORD-04479,P0021,3,0.0,1054.86,3164.58,674.34
IT-008839,ORD-04480,P0014,3,0.0,26.71,80.13,22.26
IT-008840,ORD-04481,P0009,1,0.05,717.59,717.59,304.41
IT-008841,ORD-04481,P0022,1,0.2,742.13,742.13,270.98
IT-008842,ORD-04482,P0004,1,0.0,46.28,46.28,22.86
IT-008843,ORD-04482,P0019,2,0.0,1588.55,3177.1,1431.54
IT-008844,ORD-04483,P0018,2,0.2,252.9,505.79,123.57
IT-008845,ORD-04483,P0013,2,0.2,1284.19,2568.38,829.9
IT-008846,ORD-04483,P0005,2,0.05,249.3,498.6,108.52
IT-008847,ORD-04483,P0020,1,0.2,557.02,557.02,198.36
IT-008848,ORD-04484,P0013,2,0.15,1364.45,2728.91,990.43
IT-008849,ORD-04484,P0006,1,0.0,942.04,942.04,384.39
IT-008850,ORD-04484,P0021,3,0.2,843.89,2531.66,41.42
IT-008851,ORD-04485,P0016,2,0.0,242.3,484.6,164.28
IT-008852,ORD-04486,P0019,4,0.2,1270.84,5083.36,1592.24
IT-008853,ORD-04486,P0024,2,0.2,836.44,1672.88,612.6
IT-008854,ORD-04487,P0018,1,0.05,300.31,300.31,109.2
IT-008855,ORD-04487,P0015,2,0.0,1040.69,2081.38,848.34
IT-008856,ORD-04487,P0014,1,0.0,26.71,26.71,7.42
IT-008857,ORD-04488,P0003,3,0.05,102.48,307.43,136.49
IT-008858,ORD-04488,P0022,1,0.05,881.28,881.28,410.13
IT-008859,ORD-04489,P0021,2,0.0,1054.86,2109.72,449.56
IT-008860,ORD-04489,P0003,2,0.0,107.87,215.74,101.78
IT-008861,ORD-04489,P0011,3,0.0,78.52,235.56,95.85
IT-008862,ORD-04490,P0004,3,0.05,43.97,131.9,61.64
IT-008863,ORD-04490,P0012,1,0.3,345.92,345.92,-62.28
IT-008864,ORD-04490,P0013,4,0.1,1444.72,5778.86,2301.9
IT-008865,ORD-04491,P0005,2,0.0,262.42,524.84,134.76
IT-008866,ORD-04492,P0013,4,0.0,1605.24,6420.96,2944.0
IT-008867,ORD-04493,P0010,4,0.0,689.95,2759.8,1370.6
IT-008868,ORD-04493,P0019,2,0.0,1588.55,3177.1,1431.54
IT-008869,ORD-04493,P0017,1,0.15,736.66,736.66,138.7
IT-008870,ORD-04494,P0008,5,0.1,404.1,2020.5,206.1
IT-008871,ORD-04495,P0016,2,0.0,242.3,484.6,164.28
IT-008872,ORD-04496,P0009,2,0.1,679.82,1359.65,533.29
IT-008873,ORD-04496,P0024,1,0.0,1045.55,1045.55,515.41
IT-008874,ORD-04497,P0002,1,0.0,839.32,839.32,300.14
IT-008875,ORD-04497,P0004,2,0.1,41.65,83.3,36.46
IT-008876,ORD-04497,P0001,1,0.0,966.84,966.84,248.93
IT-008877,ORD-04498,P0025,2,0.0,241.5,483.0,220.74
IT-008878,ORD-04499,P0012,1,0.0,494.17,494.17,85.97
IT-008879,ORD-04499,P0010,1,0.0,689.95,689.95,342.65
IT-008880,ORD-04500,P0023,2,0.15,425.03,850.07,144.33
IT-008881,ORD-04501,P0022,1,0.15,788.51,788.51,317.36
IT-008882,ORD-04502,P0015,5,0.2,832.55,4162.76,1080.16
IT-008883,ORD-04503,P0017,1,0.15,736.66,736.66,138.7
IT-008884,ORD-04504,P0017,2,0.1,779.99,1559.99,364.07
IT-008885,ORD-04504,P0015,2,0.0,1040.69,2081.38,848.34
IT-008886,ORD-04504,P0023,1,0.15,425.03,425.03,72.16
IT-008887,ORD-04505,P0014,1,0.0,26.71,26.71,7.42
IT-008888,ORD-04505,P0015,1,0.0,1040.69,1040.69,424.17
IT-008889,ORD-04505,P0025,1,0.0,241.5,241.5,110.37
IT-008890,ORD-04506,P0009,2,0.1,679.82,1359.65,533.29
IT-008891,ORD-04506,P0007,4,0.0,561.14,2244.56,678.2
IT-008892,ORD-04506,P0024,2,0.0,1045.55,2091.1,1030.82
IT-008893,ORD-04507,P0016,2,0.2,193.84,387.68,67.36
IT-008894,ORD-04508,P0022,2,0.2,742.13,1484.26,541.96
IT-008895,ORD-04508,P0014,1,0.0,26.71,26.71,7.42
IT-008896,ORD-04509,P0017,3,0.2,693.33,2079.98,286.1
IT-008897,ORD-04510,P0009,2,0.0,755.36,1510.72,684.36
IT-008898,ORD-04511,P0002,3,0.15,713.42,2140.27,522.73
IT-008899,ORD-04511,P0017,1,0.3,606.66,606.66,8.7
IT-008900,ORD-04512,P0012,1,0.05,469.46,469.46,61.26
IT-008901,ORD-04512,P0009,2,0.0,755.36,1510.72,684.36
IT-008902,ORD-04513,P0018,2,0.15,268.7,537.4,155.18
IT-008903,ORD-04514,P0002,1,0.1,755.39,755.39,216.21
IT-008904,ORD-04515,P0024,1,0.05,993.27,993.27,463.13
IT-008905,ORD-04515,P0025,3,0.3,169.05,507.15,113.76
IT-008906,ORD-04515,P0017,1,0.0,866.66,866.66,268.7
IT-008907,ORD-04515,P0006,3,0.1,847.84,2543.51,870.56
IT-008908,ORD-04516,P0003,1,0.05,102.48,102.48,45.5
IT-008909,ORD-04516,P0017,5,0.05,823.33,4116.63,1126.83
IT-008910,ORD-04517,P0011,2,0.15,66.74,133.48,40.34
IT-008911,ORD-04517,P0006,4,0.0,942.04,3768.16,1537.56
IT-008912,ORD-04517,P0007,1,0.05,533.08,533.08,141.49
IT-008913,ORD-04517,P0018,1,0.15,268.7,268.7,77.59
IT-008914,ORD-04518,P0014,1,0.3,18.7,18.7,-0.59
IT-008915,ORD-04518,P0008,2,0.0,449.0,898.0,172.24
IT-008916,ORD-04518,P0004,1,0.15,39.34,39.34,15.92
IT-008917,ORD-04518,P0001,1,0.1,870.16,870.16,152.25
IT-008918,ORD-04519,P0023,1,0.05,475.04,475.04,122.17
IT-008919,ORD-04519,P0001,4,0.0,966.84,3867.36,995.72
IT-008920,ORD-04520,P0004,2,0.0,46.28,92.56,45.72
IT-008921,ORD-04521,P0015,5,0.0,1040.69,5203.45,2120.85
IT-008922,ORD-04521,P0019,2,0.1,1429.7,2859.39,1113.83
IT-008923,ORD-04521,P0007,1,0.0,561.14,561.14,169.55
IT-008924,ORD-04522,P0010,1,0.1,620.96,620.96,273.66
IT-008925,ORD-04523,P0004,1,0.2,37.02,37.02,13.6
IT-008926,ORD-04524,P0009,3,0.0,755.36,2266.08,1026.54
IT-008927,ORD-04524,P0004,1,0.05,43.97,43.97,20.55
IT-008928,ORD-04524,P0003,1,0.0,107.87,107.87,50.89
IT-008929,ORD-04525,P0016,2,0.0,242.3,484.6,164.28
IT-008930,ORD-04525,P0011,1,0.1,70.67,70.67,24.1
IT-008931,ORD-04526,P0009,2,0.0,755.36,1510.72,684.36
IT-008932,ORD-04527,P0012,1,0.0,494.17,494.17,85.97
IT-008933,ORD-04527,P0024,1,0.0,1045.55,1045.55,515.41
IT-008934,ORD-04528,P0013,3,0.0,1605.24,4815.72,2208.0
IT-008935,ORD-04528,P0010,2,0.0,689.95,1379.9,685.3
IT-008936,ORD-04529,P0022,1,0.3,649.36,649.36,178.21
IT-008937,ORD-04530,P0013,1,0.05,1524.98,1524.98,655.74
IT-008938,ORD-04531,P0012,1,0.05,469.46,469.46,61.26
IT-008939,ORD-04532,P0004,4,0.1,41.65,166.61,72.93
IT-008940,ORD-04533,P0023,2,0.0,500.04,1000.08,294.34
IT-008941,ORD-04533,P0001,1,0.1,870.16,870.16,152.25
IT-008942,ORD-04533,P0005,1,0.0,262.42,262.42,67.38
IT-008943,ORD-04534,P0018,1,0.0,316.12,316.12,125.01
IT-008944,ORD-04534,P0019,1,0.0,1588.55,1588.55,715.77
IT-008945,ORD-04535,P0009,1,0.2,604.29,604.29,191.11
IT-008946,ORD-04535,P0007,1,0.2,448.91,448.91,57.32
IT-008947,ORD-04536,P0023,1,0.0,500.04,500.04,147.17
IT-008948,ORD-04537,P0010,1,0.2,551.96,551.96,204.66
IT-008949,ORD-04538,P0015,1,0.15,884.59,884.59,268.07
IT-008950,ORD-04539,P0014,1,0.05,25.37,25.37,6.08
IT-008951,ORD-04540,P0015,1,0.1,936.62,936.62,320.1
IT-008952,ORD-04541,P0006,5,0.15,800.73,4003.67,1215.42
IT-008953,ORD-04541,P0004,1,0.2,37.02,37.02,13.6
IT-008954,ORD-04542,P0014,1,0.1,24.04,24.04,4.75
IT-008955,ORD-04543,P0017,1,0.1,779.99,779.99,182.03
IT-008956,ORD-04543,P0011,2,0.0,78.52,157.04,63.9
IT-008957,ORD-04543,P0024,2,0.15,888.72,1777.44,717.16
IT-008958,ORD-04544,P0017,1,0.0,866.66,866.66,268.7
IT-008959,ORD-04544,P0015,2,0.0,1040.69,2081.38,848.34
IT-008960,ORD-04544,P0018,2,0.1,284.51,569.02,186.8
IT-008961,ORD-04545,P0023,1,0.3,350.03,350.03,-2.84
IT-008962,ORD-04545,P0002,1,0.0,839.32,839.32,300.14
IT-008963,ORD-04546,P0004,2,0.0,46.28,92.56,45.72
IT-008964,ORD-04547,P0011,3,0.2,62.82,188.45,48.74
IT-008965,ORD-04547,P0020,4,0.05,661.47,2645.86,1211.22
IT-008966,ORD-04547,P0004,1,0.0,46.28,46.28,22.86
IT-008967,ORD-04548,P0022,1,0.0,927.66,927.66,456.51
IT-008968,ORD-04548,P0007,2,0.15,476.97,953.94,170.76
IT-008969,ORD-04548,P0008,1,0.0,449.0,449.0,86.12
IT-008970,ORD-04548,P0024,1,0.0,1045.55,1045.55,515.41
IT-008971,ORD-04549,P0012,2,0.0,494.17,988.34,171.94
IT-008972,ORD-04550,P0014,1,0.0,26.71,26.71,7.42
IT-008973,ORD-04550,P0018,1,0.1,284.51,284.51,93.4
IT-008974,ORD-04551,P0018,4,0.15,268.7,1074.81,310.37
IT-008975,ORD-04551,P0001,2,0.1,870.16,1740.31,304.49
IT-008976,ORD-04551,P0023,1,0.0,500.04,500.04,147.17
IT-008977,ORD-04552,P0002,1,0.15,713.42,713.42,174.24
IT-008978,ORD-04552,P0024,1,0.3,731.88,731.88,201.74
IT-008979,ORD-04553,P0018,2,0.0,316.12,632.24,250.02
IT-008980,ORD-04554,P0018,3,0.1,284.51,853.52,280.19
IT-008981,ORD-04554,P0009,4,0.15,642.06,2568.22,915.5
IT-008982,ORD-04555,P0019,1,0.0,1588.55,1588.55,715.77
IT-008983,ORD-04555,P0013,5,0.05,1524.98,7624.89,3278.69
IT-008984,ORD-04556,P0011,4,0.0,78.52,314.08,127.8
IT-008985,ORD-04556,P0003,2,0.05,102.48,204.95,90.99
IT-008986,ORD-04557,P0015,3,0.15,884.59,2653.76,804.2
IT-008987,ORD-04557,P0017,2,0.0,866.66,1733.32,537.4
IT-008988,ORD-04557,P0025,3,0.0,241.5,724.5,331.11
IT-008989,ORD-04557,P0020,1,0.0,696.28,696.28,337.62
IT-008990,ORD-04558,P0023,2,0.05,475.04,950.08,244.34
IT-008991,ORD-04558,P0010,2,0.0,689.95,1379.9,685.3
IT-008992,ORD-04559,P0017,1,0.05,823.33,823.33,225.37
IT-008993,ORD-04560,P0024,1,0.0,1045.55,1045.55,515.41
IT-008994,ORD-04560,P0005,1,0.0,262.42,262.42,67.38
IT-008995,ORD-04561,P0005,1,0.05,249.3,249.3,54.26
IT-008996,ORD-04561,P0023,1,0.2,400.03,400.03,47.16
IT-008997,ORD-04562,P0022,1,0.2,742.13,742.13,270.98
IT-008998,ORD-04563,P0022,1,0.1,834.89,834.89,363.74
IT-008999,ORD-04564,P0005,1,0.0,262.42,262.42,67.38
IT-009000,ORD-04564,P0001,1,0.05,918.5,918.5,200.59
IT-009001,ORD-04564,P0008,2,0.1,404.1,808.2,82.44
IT-009002,ORD-04565,P0019,1,0.15,1350.27,1350.27,477.49
IT-009003,ORD-04565,P0014,2,0.0,26.71,53.42,14.84
IT-009004,ORD-04566,P0009,2,0.0,755.36,1510.72,684.36
IT-009005,ORD-04567,P0005,2,0.2,209.94,419.87,29.79
IT-009006,ORD-04568,P0022,1,0.15,788.51,788.51,317.36
IT-009007,ORD-04568,P0025,1,0.0,241.5,241.5,110.37
IT-009008,ORD-04569,P0023,3,0.1,450.04,1350.11,291.5
IT-009009,ORD-04569,P0015,1,0.0,1040.69,1040.69,424.17
IT-009010,ORD-04570,P0002,1,0.05,797.35,797.35,258.17
IT-009011,ORD-04571,P0009,1,0.2,604.29,604.29,191.11
IT-009012,ORD-04571,P0005,1,0.15,223.06,223.06,28.02
IT-009013,ORD-04572,P0010,1,0.1,620.96,620.96,273.66
IT-009014,ORD-04573,P0019,1,0.15,1350.27,1350.27,477.49
IT-009015,ORD-04574,P0023,1,0.0,500.04,500.04,147.17
IT-009016,ORD-04574,P0003,1,0.0,107.87,107.87,50.89
IT-009017,ORD-04575,P0014,1,0.0,26.71,26.71,7.42
IT-009018,ORD-04576,P0013,1,0.0,1605.24,1605.24,736.0
IT-009019,ORD-04576,P0025,1,0.2,193.2,193.2,62.07
IT-009020,ORD-04576,P0005,2,0.0,262.42,524.84,134.76
IT-009021,ORD-04577,P0019,2,0.1,1429.7,2859.39,1113.83
IT-009022,ORD-04578,P0012,1,0.1,444.75,444.75,36.55
IT-009023,ORD-04578,P0011,1,0.2,62.82,62.82,16.25
IT-009024,ORD-04579,P0005,1,0.2,209.94,209.94,14.9
IT-009025,ORD-04580,P0018,5,0.15,268.7,1343.51,387.96
IT-009026,ORD-04581,P0018,1,0.1,284.51,284.51,93.4
IT-009027,ORD-04581,P0005,1,0.05,249.3,249.3,54.26
IT-009028,ORD-04581,P0017,5,0.05,823.33,4116.63,1126.83
IT-009029,ORD-04582,P0008,1,0.1,404.1,404.1,41.22
IT-009030,ORD-04582,P0007,2,0.0,561.14,1122.28,339.1
IT-009031,ORD-04583,P0001,1,0.1,870.16,870.16,152.25
IT-009032,ORD-04583,P0016,1,0.0,242.3,242.3,82.14
IT-009033,ORD-04584,P0019,1,0.0,1588.55,1588.55,715.77
IT-009034,ORD-04584,P0005,2,0.15,223.06,446.11,56.03
IT-009035,ORD-04585,P0009,2,0.3,528.75,1057.5,231.14
IT-009036,ORD-04585,P0012,1,0.1,444.75,444.75,36.55
IT-009037,ORD-04586,P0011,2,0.0,78.52,157.04,63.9
IT-009038,ORD-04586,P0015,1,0.2,832.55,832.55,216.03
IT-009039,ORD-04586,P0003,1,0.15,91.69,91.69,34.71
IT-009040,ORD-04587,P0013,4,0.0,1605.24,6420.96,2944.0
IT-009041,ORD-04587,P0017,5,0.0,866.66,4333.3,1343.5
IT-009042,ORD-04588,P0013,1,0.0,1605.24,1605.24,736.0
IT-009043,ORD-04588,P0025,1,0.0,241.5,241.5,110.37
IT-009044,ORD-04589,P0009,3,0.0,755.36,2266.08,1026.54
IT-009045,ORD-04589,P0019,2,0.05,1509.12,3018.24,1272.68
IT-009046,ORD-04589,P0005,2,0.1,236.18,472.36,82.28
IT-009047,ORD-04590,P0008,1,0.3,314.3,314.3,-48.58
IT-009048,ORD-04590,P0004,5,0.0,46.28,231.4,114.3
IT-009049,ORD-04590,P0012,1,0.05,469.46,469.46,61.26
IT-009050,ORD-04590,P0018,3,0.1,284.51,853.52,280.19
IT-009051,ORD-04591,P0005,2,0.0,262.42,524.84,134.76
IT-009052,ORD-04592,P0007,3,0.15,476.97,1430.91,256.14
IT-009053,ORD-04592,P0002,1,0.0,839.32,839.32,300.14
IT-009054,ORD-04593,P0010,1,0.0,689.95,689.95,342.65
IT-009055,ORD-04594,P0020,2,0.2,557.02,1114.05,396.73
IT-009056,ORD-04595,P0018,2,0.05,300.31,600.63,218.41
IT-009057,ORD-04595,P0013,1,0.0,1605.24,1605.24,736.0
IT-009058,ORD-04596,P0016,2,0.05,230.18,460.37,140.05
IT-009059,ORD-04596,P0022,1,0.0,927.66,927.66,456.51
IT-009060,ORD-04596,P0017,2,0.1,779.99,1559.99,364.07
IT-009061,ORD-04597,P0012,2,0.05,469.46,938.92,122.52
IT-009062,ORD-04597,P0019,1,0.0,1588.55,1588.55,715.77
IT-009063,ORD-04598,P0011,1,0.05,74.59,74.59,28.02
IT-009064,ORD-04598,P0002,1,0.2,671.46,671.46,132.28
IT-009065,ORD-04599,P0020,1,0.05,661.47,661.47,302.81
IT-009066,ORD-04600,P0017,1,0.05,823.33,823.33,225.37
IT-009067,ORD-04600,P0011,3,0.15,66.74,200.23,60.52
IT-009068,ORD-04601,P0004,1,0.0,46.28,46.28,22.86
IT-009069,ORD-04601,P0023,1,0.0,500.04,500.04,147.17
IT-009070,ORD-04601,P0008,4,0.0,449.0,1796.0,344.48
IT-009071,ORD-04602,P0007,4,0.0,561.14,2244.56,678.2
IT-009072,ORD-04603,P0024,1,0.0,1045.55,1045.55,515.41
IT-009073,ORD-04604,P0025,2,0.1,217.35,434.7,172.44
IT-009074,ORD-04604,P0007,1,0.0,561.14,561.14,169.55
IT-009075,ORD-04605,P0001,1,0.0,966.84,966.84,248.93
IT-009076,ORD-04605,P0010,1,0.05,655.45,655.45,308.15
IT-009077,ORD-04606,P0025,2,0.0,241.5,483.0,220.74
IT-009078,ORD-04606,P0007,3,0.2,448.91,1346.74,171.97
IT-009079,ORD-04607,P0022,1,0.15,788.51,788.51,317.36
IT-009080,ORD-04607,P0024,3,0.15,888.72,2666.15,1075.73
IT-009081,ORD-04608,P0021,4,0.0,1054.86,4219.44,899.12
IT-009082,ORD-04608,P0020,4,0.3,487.4,1949.58,514.94
IT-009083,ORD-04609,P0010,1,0.0,689.95,689.95,342.65
IT-009084,ORD-04610,P0022,3,0.0,927.66,2782.98,1369.53
IT-009085,ORD-04610,P0013,4,0.15,1364.45,5457.82,1980.86
IT-009086,ORD-04610,P0009,1,0.0,755.36,755.36,342.18
IT-009087,ORD-04611,P0004,5,0.0,46.28,231.4,114.3
IT-009088,ORD-04612,P0023,1,0.0,500.04,500.04,147.17
IT-009089,ORD-04613,P0016,1,0.0,242.3,242.3,82.14
IT-009090,ORD-04613,P0017,1,0.05,823.33,823.33,225.37
IT-009091,ORD-04614,P0014,5,0.3,18.7,93.48,-2.96
IT-009092,ORD-04614,P0021,2,0.05,1002.12,2004.23,344.07
IT-009093,ORD-04614,P0008,1,0.0,449.0,449.0,86.12
IT-009094,ORD-04615,P0001,1,0.0,966.84,966.84,248.93
IT-009095,ORD-04615,P0024,3,0.05,993.27,2979.82,1389.4
IT-009096,ORD-04615,P0022,5,0.05,881.28,4406.38,2050.63
IT-009097,ORD-04616,P0006,3,0.0,942.04,2826.12,1153.17
IT-009098,ORD-04616,P0025,1,0.0,241.5,241.5,110.37
IT-009099,ORD-04617,P0002,3,0.0,839.32,2517.96,900.42
IT-009100,ORD-04618,P0021,1,0.0,1054.86,1054.86,224.78
IT-009101,ORD-04619,P0010,1,0.15,586.46,586.46,239.16
IT-009102,ORD-04620,P0015,1,0.1,936.62,936.62,320.1
IT-009103,ORD-04620,P0010,1,0.05,655.45,655.45,308.15
IT-009104,ORD-04620,P0023,3,0.05,475.04,1425.11,366.5
IT-009105,ORD-04621,P0022,1,0.1,834.89,834.89,363.74
IT-009106,ORD-04621,P0005,2,0.1,236.18,472.36,82.28
IT-009107,ORD-04621,P0010,2,0.1,620.96,1241.91,547.31
IT-009108,ORD-04622,P0016,3,0.0,242.3,726.9,246.42
IT-009109,ORD-04622,P0018,5,0.15,268.7,1343.51,387.96
IT-009110,ORD-04622,P0002,1,0.2,671.46,671.46,132.28
IT-009111,ORD-04622,P0015,1,0.0,1040.69,1040.69,424.17
IT-009112,ORD-04623,P0009,2,0.0,755.36,1510.72,684.36
IT-009113,ORD-04624,P0020,1,0.0,696.28,696.28,337.62
IT-009114,ORD-04624,P0010,2,0.0,689.95,1379.9,685.3
IT-009115,ORD-04625,P0023,2,0.0,500.04,1000.08,294.34
IT-009116,ORD-04625,P0013,1,0.0,1605.24,1605.24,736.0
IT-009117,ORD-04626,P0006,1,0.0,942.04,942.04,384.39
IT-009118,ORD-04626,P0015,2,0.1,936.62,1873.24,640.2
IT-009119,ORD-04627,P0023,1,0.15,425.03,425.03,72.16
IT-009120,ORD-04627,P0015,2,0.2,832.55,1665.1,432.06
IT-009121,ORD-04628,P0021,5,0.0,1054.86,5274.3,1123.9
IT-009122,ORD-04628,P0009,3,0.0,755.36,2266.08,1026.54
IT-009123,ORD-04628,P0022,1,0.2,742.13,742.13,270.98
IT-009124,ORD-04629,P0005,3,0.2,209.94,629.81,44.69
IT-009125,ORD-04630,P0010,4,0.0,689.95,2759.8,1370.6
IT-009126,ORD-04631,P0009,2,0.1,679.82,1359.65,533.29
IT-009127,ORD-04632,P0009,4,0.15,642.06,2568.22,915.5
IT-009128,ORD-04633,P0004,2,0.0,46.28,92.56,45.72
IT-009129,ORD-04634,P0021,1,0.0,1054.86,1054.86,224.78
IT-009130,ORD-04635,P0012,5,0.05,469.46,2347.31,306.31
IT-009131,ORD-04636,P0020,2,0.0,696.28,1392.56,675.24
IT-009132,ORD-04636,P0018,1,0.0,316.12,316.12,125.01
IT-009133,ORD-04637,P0001,1,0.1,870.16,870.16,152.25
IT-009134,ORD-04637,P0011,2,0.05,74.59,149.19,56.05
IT-009135,ORD-04637,P0006,2,0.0,942.04,1884.08,768.78
IT-009136,ORD-04638,P0016,1,0.3,169.61,169.61,9.45
IT-009137,ORD-04638,P0006,1,0.1,847.84,847.84,290.19
IT-009138,ORD-04638,P0020,3,0.0,696.28,2088.84,1012.86
IT-009139,ORD-04639,P0006,2,0.0,942.04,1884.08,768.78
IT-009140,ORD-04640,P0021,1,0.1,949.37,949.37,119.29
IT-009141,ORD-04641,P0017,1,0.0,866.66,866.66,268.7
IT-009142,ORD-04642,P0017,1,0.0,866.66,866.66,268.7
IT-009143,ORD-04642,P0015,2,0.0,1040.69,2081.38,848.34
IT-009144,ORD-04642,P0001,4,0.1,870.16,3480.62,608.98
IT-009145,ORD-04642,P0003,1,0.0,107.87,107.87,50.89
IT-009146,ORD-04643,P0012,2,0.15,420.04,840.09,23.69
IT-009147,ORD-04643,P0013,3,0.0,1605.24,4815.72,2208.0
IT-009148,ORD-04644,P0003,1,0.0,107.87,107.87,50.89
IT-009149,ORD-04645,P0011,3,0.2,62.82,188.45,48.74
IT-009150,ORD-04645,P0009,3,0.0,755.36,2266.08,1026.54
IT-009151,ORD-04645,P0023,1,0.05,475.04,475.04,122.17
IT-009152,ORD-04646,P0010,1,0.2,551.96,551.96,204.66
IT-009153,ORD-04647,P0001,1,0.0,966.84,966.84,248.93
IT-009154,ORD-04647,P0016,2,0.1,218.07,436.14,115.82
IT-009155,ORD-04647,P0009,1,0.15,642.06,642.06,228.88
IT-009156,ORD-04648,P0019,2,0.1,1429.7,2859.39,1113.83
IT-009157,ORD-04649,P0005,1,0.05,249.3,249.3,54.26
IT-009158,ORD-04650,P0018,1,0.0,316.12,316.12,125.01
IT-009159,ORD-04650,P0001,2,0.1,870.16,1740.31,304.49
IT-009160,ORD-04651,P0024,1,0.05,993.27,993.27,463.13
IT-009161,ORD-04651,P0006,1,0.2,753.63,753.63,195.98
IT-009162,ORD-04651,P0020,2,0.1,626.65,1253.3,535.98
IT-009163,ORD-04652,P0023,1,0.0,500.04,500.04,147.17
IT-009164,ORD-04652,P0020,1,0.0,696.28,696.28,337.62
IT-009165,ORD-04652,P0021,1,0.15,896.63,896.63,66.55
IT-009166,ORD-04653,P0013,2,0.2,1284.19,2568.38,829.9
IT-009167,ORD-04653,P0024,1,0.0,1045.55,1045.55,515.41
IT-009168,ORD-04654,P0013,1,0.1,1444.72,1444.72,575.48
IT-009169,ORD-04655,P0006,1,0.0,942.04,942.04,384.39
IT-009170,ORD-04655,P0007,1,0.15,476.97,476.97,85.38
IT-009171,ORD-04656,P0004,2,0.05,43.97,87.93,41.09
IT-009172,ORD-04656,P0014,2,0.2,21.37,42.74,4.16
IT-009173,ORD-04656,P0002,4,0.0,839.32,3357.28,1200.56
IT-009174,ORD-04656,P0020,2,0.05,661.47,1322.93,605.61
IT-009175,ORD-04657,P0004,1,0.0,46.28,46.28,22.86
IT-009176,ORD-04657,P0022,1,0.3,649.36,649.36,178.21
IT-009177,ORD-04658,P0011,1,0.15,66.74,66.74,20.17
IT-009178,ORD-04658,P0021,1,0.0,1054.86,1054.86,224.78
IT-009179,ORD-04658,P0013,3,0.0,1605.24,4815.72,2208.0
IT-009180,ORD-04659,P0002,2,0.0,839.32,1678.64,600.28
IT-009181,ORD-04659,P0008,3,0.0,449.0,1347.0,258.36
IT-009182,ORD-04660,P0006,4,0.1,847.84,3391.34,1160.74
IT-009183,ORD-04660,P0019,1,0.05,1509.12,1509.12,636.34
IT-009184,ORD-04661,P0021,3,0.0,1054.86,3164.58,674.34
IT-009185,ORD-04661,P0009,2,0.2,604.29,1208.58,382.22
IT-009186,ORD-04662,P0017,3,0.05,823.33,2469.98,676.1
IT-009187,ORD-04662,P0009,1,0.0,755.36,755.36,342.18
IT-009188,ORD-04663,P0002,1,0.0,839.32,839.32,300.14
IT-009189,ORD-04663,P0021,1,0.05,1002.12,1002.12,172.04
IT-009190,ORD-04663,P0007,1,0.0,561.14,561.14,169.55
IT-009191,ORD-04664,P0005,1,0.0,262.42,262.42,67.38
IT-009192,ORD-04664,P0019,2,0.1,1429.7,2859.39,1113.83
IT-009193,ORD-04665,P0011,1,0.0,78.52,78.52,31.95
IT-009194,ORD-04665,P0001,2,0.0,966.84,1933.68,497.86
IT-009195,ORD-04666,P0011,2,0.1,70.67,141.34,48.2
IT-009196,ORD-04667,P0004,3,0.0,46.28,138.84,68.58
IT-009197,ORD-04668,P0023,2,0.0,500.04,1000.08,294.34
IT-009198,ORD-04668,P0013,1,0.1,1444.72,1444.72,575.48
IT-009199,ORD-04668,P0012,2,0.2,395.34,790.67,-25.73
IT-009200,ORD-04668,P0017,1,0.1,779.99,779.99,182.03
IT-009201,ORD-04669,P0022,2,0.1,834.89,1669.79,727.49
IT-009202,ORD-04670,P0018,4,0.1,284.51,1138.03,373.59
IT-009203,ORD-04670,P0011,1,0.3,54.96,54.96,8.39
IT-009204,ORD-04670,P0008,1,0.0,449.0,449.0,86.12
IT-009205,ORD-04671,P0012,1,0.15,420.04,420.04,11.84
IT-009206,ORD-04671,P0008,1,0.05,426.55,426.55,63.67
IT-009207,ORD-04672,P0015,1,0.0,1040.69,1040.69,424.17
IT-009208,ORD-04672,P0025,2,0.2,193.2,386.4,124.14
IT-009209,ORD-04672,P0001,2,0.0,966.84,1933.68,497.86
IT-009210,ORD-04673,P0013,1,0.1,1444.72,1444.72,575.48
IT-009211,ORD-04673,P0022,3,0.15,788.51,2365.53,952.08
IT-009212,ORD-04673,P0001,3,0.2,773.47,2320.42,166.69
IT-009213,ORD-04673,P0021,1,0.1,949.37,949.37,119.29
IT-009214,ORD-04674,P0015,2,0.1,936.62,1873.24,640.2
IT-009215,ORD-04674,P0012,3,0.0,494.17,1482.51,257.91
IT-009216,ORD-04675,P0011,2,0.1,70.67,141.34,48.2
IT-009217,ORD-04675,P0020,1,0.0,696.28,696.28,337.62
IT-009218,ORD-04675,P0006,2,0.0,942.04,1884.08,768.78
IT-009219,ORD-04676,P0008,3,0.2,359.2,1077.6,-11.04
IT-009220,ORD-04677,P0011,5,0.1,70.67,353.34,120.49
IT-009221,ORD-04677,P0005,2,0.05,249.3,498.6,108.52
IT-009222,ORD-04678,P0005,1,0.0,262.42,262.42,67.38
IT-009223,ORD-04678,P0006,1,0.3,659.43,659.43,101.78
IT-009224,ORD-04678,P0010,4,0.2,551.96,2207.84,818.64
IT-009225,ORD-04679,P0010,5,0.0,689.95,3449.75,1713.25
IT-009226,ORD-04680,P0009,1,0.0,755.36,755.36,342.18
IT-009227,ORD-04680,P0016,1,0.05,230.18,230.18,70.03
IT-009228,ORD-04681,P0025,3,0.1,217.35,652.05,258.66
IT-009229,ORD-04681,P0020,2,0.0,696.28,1392.56,675.24
IT-009230,ORD-04681,P0006,1,0.2,753.63,753.63,195.98
IT-009231,ORD-04682,P0018,1,0.05,300.31,300.31,109.2
IT-009232,ORD-04682,P0017,1,0.0,866.66,866.66,268.7
IT-009233,ORD-04682,P0011,4,0.15,66.74,266.97,80.69
IT-009234,ORD-04683,P0013,2,0.15,1364.45,2728.91,990.43
IT-009235,ORD-04684,P0021,1,0.2,843.89,843.89,13.81
IT-009236,ORD-04684,P0007,2,0.0,561.14,1122.28,339.1
IT-009237,ORD-04685,P0025,1,0.0,241.5,241.5,110.37
IT-009238,ORD-04686,P0010,1,0.05,655.45,655.45,308.15
IT-009239,ORD-04686,P0007,2,0.0,561.14,1122.28,339.1
IT-009240,ORD-04687,P0025,1,0.1,217.35,217.35,86.22
IT-009241,ORD-04687,P0008,2,0.0,449.0,898.0,172.24
IT-009242,ORD-04688,P0023,2,0.05,475.04,950.08,244.34
IT-009243,ORD-04688,P0005,1,0.0,262.42,262.42,67.38
IT-009244,ORD-04689,P0002,1,0.0,839.32,839.32,300.14
IT-009245,ORD-04689,P0012,2,0.0,494.17,988.34,171.94
IT-009246,ORD-04690,P0017,2,0.2,693.33,1386.66,190.74
IT-009247,ORD-04691,P0016,2,0.2,193.84,387.68,67.36
IT-009248,ORD-04692,P0005,4,0.05,249.3,997.2,217.04
IT-009249,ORD-04693,P0024,1,0.0,1045.55,1045.55,515.41
IT-009250,ORD-04693,P0017,1,0.0,866.66,866.66,268.7
IT-009251,ORD-04694,P0013,3,0.05,1524.98,4574.93,1967.21
IT-009252,ORD-04694,P0020,4,0.0,696.28,2785.12,1350.48
IT-009253,ORD-04694,P0008,2,0.15,381.65,763.3,37.54
IT-009254,ORD-04695,P0009,1,0.0,755.36,755.36,342.18
IT-009255,ORD-04696,P0020,4,0.1,626.65,2506.61,1071.97
IT-009256,ORD-04697,P0010,1,0.0,689.95,689.95,342.65
IT-009257,ORD-04697,P0005,1,0.2,209.94,209.94,14.9
IT-009258,ORD-04698,P0010,3,0.05,655.45,1966.36,924.46
IT-009259,ORD-04698,P0017,1,0.15,736.66,736.66,138.7
IT-009260,ORD-04699,P0023,4,0.05,475.04,1900.15,488.67
IT-009261,ORD-04700,P0006,3,0.1,847.84,2543.51,870.56
IT-009262,ORD-04701,P0003,1,0.2,86.3,86.3,29.32
IT-009263,ORD-04702,P0017,1,0.05,823.33,823.33,225.37
IT-009264,ORD-04703,P0006,1,0.0,942.04,942.04,384.39
IT-009265,ORD-04704,P0002,2,0.0,839.32,1678.64,600.28
IT-009266,ORD-04705,P0022,1,0.1,834.89,834.89,363.74
IT-009267,ORD-04705,P0004,3,0.0,46.28,138.84,68.58
IT-009268,ORD-04706,P0021,1,0.0,1054.86,1054.86,224.78
IT-009269,ORD-04706,P0007,1,0.05,533.08,533.08,141.49
IT-009270,ORD-04707,P0002,4,0.0,839.32,3357.28,1200.56
IT-009271,ORD-04708,P0023,1,0.1,450.04,450.04,97.17
IT-009272,ORD-04708,P0019,3,0.2,1270.84,3812.52,1194.18
IT-009273,ORD-04709,P0009,2,0.15,642.06,1284.11,457.75
IT-009274,ORD-04709,P0004,2,0.3,32.4,64.79,17.95
IT-009275,ORD-04710,P0008,5,0.2,359.2,1796.0,-18.4
IT-009276,ORD-04710,P0011,1,0.1,70.67,70.67,24.1
IT-009277,ORD-04710,P0003,1,0.0,107.87,107.87,50.89
IT-009278,ORD-04710,P0024,1,0.05,993.27,993.27,463.13
IT-009279,ORD-04711,P0011,1,0.2,62.82,62.82,16.25
IT-009280,ORD-04712,P0008,1,0.0,449.0,449.0,86.12
IT-009281,ORD-04712,P0009,2,0.0,755.36,1510.72,684.36
IT-009282,ORD-04713,P0017,1,0.0,866.66,866.66,268.7
IT-009283,ORD-04713,P0022,2,0.05,881.28,1762.55,820.25
IT-009284,ORD-04714,P0016,1,0.1,218.07,218.07,57.91
IT-009285,ORD-04715,P0014,2,0.15,22.7,45.41,6.83
IT-009286,ORD-04715,P0021,1,0.0,1054.86,1054.86,224.78
IT-009287,ORD-04715,P0012,2,0.0,494.17,988.34,171.94
IT-009288,ORD-04716,P0004,1,0.0,46.28,46.28,22.86
IT-009289,ORD-04716,P0008,1,0.05,426.55,426.55,63.67
IT-009290,ORD-04717,P0017,1,0.05,823.33,823.33,225.37
IT-009291,ORD-04717,P0010,1,0.0,689.95,689.95,342.65
IT-009292,ORD-04718,P0022,1,0.0,927.66,927.66,456.51
IT-009293,ORD-04719,P0025,2,0.0,241.5,483.0,220.74
IT-009294,ORD-04720,P0019,2,0.3,1111.98,2223.97,478.41
IT-009295,ORD-04720,P0021,5,0.0,1054.86,5274.3,1123.9
IT-009296,ORD-04721,P0023,2,0.2,400.03,800.06,94.32
IT-009297,ORD-04722,P0006,2,0.05,894.94,1789.88,674.58
IT-009298,ORD-04722,P0017,1,0.0,866.66,866.66,268.7
IT-009299,ORD-04723,P0003,1,0.0,107.87,107.87,50.89
IT-009300,ORD-04724,P0023,3,0.1,450.04,1350.11,291.5
IT-009301,ORD-04724,P0009,1,0.0,755.36,755.36,342.18
IT-009302,ORD-04725,P0006,1,0.15,800.73,800.73,243.08
IT-009303,ORD-04725,P0005,1,0.0,262.42,262.42,67.38
IT-009304,ORD-04726,P0001,3,0.0,966.84,2900.52,746.79
IT-009305,ORD-04727,P0024,2,0.0,1045.55,2091.1,1030.82
IT-009306,ORD-04727,P0019,1,0.0,1588.55,1588.55,715.77
IT-009307,ORD-04728,P0007,1,0.0,561.14,561.14,169.55
IT-009308,ORD-04728,P0014,2,0.0,26.71,53.42,14.84
IT-009309,ORD-04729,P0018,1,0.1,284.51,284.51,93.4
IT-009310,ORD-04730,P0020,1,0.2,557.02,557.02,198.36
IT-009311,ORD-04731,P0025,1,0.1,217.35,217.35,86.22
IT-009312,ORD-04732,P0007,1,0.0,561.14,561.14,169.55
IT-009313,ORD-04733,P0011,2,0.05,74.59,149.19,56.05
IT-009314,ORD-04733,P0017,2,0.0,866.66,1733.32,537.4
IT-009315,ORD-04733,P0019,3,0.0,1588.55,4765.65,2147.31
IT-009316,ORD-04733,P0007,1,0.05,533.08,533.08,141.49
IT-009317,ORD-04734,P0014,2,0.0,26.71,53.42,14.84
IT-009318,ORD-04734,P0010,1,0.0,689.95,689.95,342.65
IT-009319,ORD-04735,P0023,1,0.0,500.04,500.04,147.17
IT-009320,ORD-04736,P0001,2,0.0,966.84,1933.68,497.86
IT-009321,ORD-04737,P0007,1,0.05,533.08,533.08,141.49
IT-009322,ORD-04738,P0003,2,0.2,86.3,172.59,58.63
IT-009323,ORD-04738,P0002,2,0.3,587.52,1175.05,96.69
IT-009324,ORD-04739,P0014,3,0.05,25.37,76.12,18.25
IT-009325,ORD-04740,P0005,1,0.15,223.06,223.06,28.02
IT-009326,ORD-04740,P0004,2,0.1,41.65,83.3,36.46
IT-009327,ORD-04741,P0006,4,0.05,894.94,3579.75,1349.15
IT-009328,ORD-04742,P0024,1,0.3,731.88,731.88,201.74
IT-009329,ORD-04742,P0008,1,0.15,381.65,381.65,18.77
IT-009330,ORD-04742,P0019,1,0.1,1429.7,1429.7,556.92
IT-009331,ORD-04743,P0002,1,0.0,839.32,839.32,300.14
IT-009332,ORD-04744,P0005,1,0.2,209.94,209.94,14.9
IT-009333,ORD-04744,P0011,2,0.15,66.74,133.48,40.34
IT-009334,ORD-04745,P0012,2,0.0,494.17,988.34,171.94
IT-009335,ORD-04745,P0002,1,0.0,839.32,839.32,300.14
IT-009336,ORD-04746,P0006,1,0.0,942.04,942.04,384.39
IT-009337,ORD-04746,P0015,3,0.2,832.55,2497.66,648.1
IT-009338,ORD-04747,P0019,1,0.0,1588.55,1588.55,715.77
IT-009339,ORD-04747,P0012,3,0.3,345.92,1037.76,-186.84
IT-009340,ORD-04747,P0017,3,0.15,736.66,2209.98,416.1
IT-009341,ORD-04748,P0014,1,0.1,24.04,24.04,4.75
IT-009342,ORD-04748,P0008,3,0.05,426.55,1279.65,191.01
IT-009343,ORD-04749,P0022,3,0.0,927.66,2782.98,1369.53
IT-009344,ORD-04749,P0008,1,0.3,314.3,314.3,-48.58
IT-009345,ORD-04750,P0002,1,0.0,839.32,839.32,300.14
IT-009346,ORD-04750,P0010,1,0.2,551.96,551.96,204.66
IT-009347,ORD-04751,P0022,4,0.15,788.51,3154.04,1269.44
IT-009348,ORD-04751,P0012,2,0.0,494.17,988.34,171.94
IT-009349,ORD-04751,P0018,1,0.0,316.12,316.12,125.01
IT-009350,ORD-04751,P0006,3,0.05,894.94,2684.81,1011.86
IT-009351,ORD-04752,P0023,3,0.1,450.04,1350.11,291.5
IT-009352,ORD-04752,P0005,1,0.3,183.69,183.69,-11.35
IT-009353,ORD-04753,P0021,1,0.0,1054.86,1054.86,224.78
IT-009354,ORD-04753,P0005,1,0.3,183.69,183.69,-11.35
IT-009355,ORD-04753,P0011,2,0.1,70.67,141.34,48.2
IT-009356,ORD-04754,P0012,1,0.3,345.92,345.92,-62.28
IT-009357,ORD-04755,P0015,1,0.15,884.59,884.59,268.07
IT-009358,ORD-04755,P0021,2,0.0,1054.86,2109.72,449.56
IT-009359,ORD-04756,P0024,3,0.0,1045.55,3136.65,1546.23
IT-009360,ORD-04756,P0011,1,0.0,78.52,78.52,31.95
IT-009361,ORD-04756,P0003,1,0.0,107.87,107.87,50.89
IT-009362,ORD-04757,P0018,1,0.05,300.31,300.31,109.2
IT-009363,ORD-04758,P0020,2,0.05,661.47,1322.93,605.61
IT-009364,ORD-04758,P0019,1,0.05,1509.12,1509.12,636.34
IT-009365,ORD-04758,P0023,1,0.1,450.04,450.04,97.17
IT-009366,ORD-04758,P0015,2,0.1,936.62,1873.24,640.2
IT-009367,ORD-04759,P0001,1,0.15,821.81,821.81,103.9
IT-009368,ORD-04760,P0006,2,0.0,942.04,1884.08,768.78
IT-009369,ORD-04760,P0010,1,0.05,655.45,655.45,308.15
IT-009370,ORD-04760,P0005,1,0.0,262.42,262.42,67.38
IT-009371,ORD-04761,P0007,2,0.0,561.14,1122.28,339.1
IT-009372,ORD-04761,P0025,2,0.05,229.42,458.85,196.59
IT-009373,ORD-04762,P0008,2,0.0,449.0,898.0,172.24
IT-009374,ORD-04763,P0014,2,0.2,21.37,42.74,4.16
IT-009375,ORD-04763,P0013,1,0.05,1524.98,1524.98,655.74
IT-009376,ORD-04763,P0010,1,0.0,689.95,689.95,342.65
IT-009377,ORD-04764,P0014,4,0.15,22.7,90.81,13.65
IT-009378,ORD-04765,P0010,1,0.05,655.45,655.45,308.15
IT-009379,ORD-04766,P0019,4,0.1,1429.7,5718.78,2227.66
IT-009380,ORD-04767,P0013,1,0.15,1364.45,1364.45,495.21
IT-009381,ORD-04767,P0012,3,0.2,395.34,1186.01,-38.59
IT-009382,ORD-04768,P0004,2,0.3,32.4,64.79,17.95
IT-009383,ORD-04768,P0005,3,0.2,209.94,629.81,44.69
IT-009384,ORD-04768,P0018,1,0.1,284.51,284.51,93.4
IT-009385,ORD-04768,P0020,1,0.15,591.84,591.84,233.18
IT-009386,ORD-04769,P0006,1,0.05,894.94,894.94,337.29
IT-009387,ORD-04770,P0014,1,0.15,22.7,22.7,3.41
IT-009388,ORD-04770,P0022,3,0.0,927.66,2782.98,1369.53
IT-009389,ORD-04771,P0003,1,0.0,107.87,107.87,50.89
IT-009390,ORD-04772,P0002,2,0.05,797.35,1594.71,516.35
IT-009391,ORD-04772,P0023,1,0.0,500.04,500.04,147.17
IT-009392,ORD-04773,P0009,3,0.15,642.06,1926.17,686.63
IT-009393,ORD-04774,P0016,1,0.2,193.84,193.84,33.68
IT-009394,ORD-04775,P0025,1,0.1,217.35,217.35,86.22
IT-009395,ORD-04776,P0009,1,0.05,717.59,717.59,304.41
IT-009396,ORD-04776,P0008,4,0.2,359.2,1436.8,-14.72
IT-009397,ORD-04777,P0004,3,0.05,43.97,131.9,61.64
IT-009398,ORD-04777,P0007,1,0.0,561.14,561.14,169.55
IT-009399,ORD-04777,P0018,3,0.05,300.31,900.94,327.61
IT-009400,ORD-04778,P0016,2,0.05,230.18,460.37,140.05
IT-009401,ORD-04778,P0006,1,0.05,894.94,894.94,337.29
IT-009402,ORD-04779,P0023,2,0.0,500.04,1000.08,294.34
IT-009403,ORD-04780,P0025,1,0.15,205.28,205.28,74.15
IT-009404,ORD-04780,P0021,1,0.0,1054.86,1054.86,224.78
IT-009405,ORD-04781,P0023,2,0.1,450.04,900.07,194.33
IT-009406,ORD-04781,P0007,2,0.15,476.97,953.94,170.76
IT-009407,ORD-04781,P0020,1,0.1,626.65,626.65,267.99
IT-009408,ORD-04782,P0023,1,0.2,400.03,400.03,47.16
IT-009409,ORD-04783,P0017,3,0.0,866.66,2599.98,806.1
IT-009410,ORD-04784,P0006,1,0.0,942.04,942.04,384.39
IT-009411,ORD-04785,P0002,1,0.05,797.35,797.35,258.17
IT-009412,ORD-04785,P0009,1,0.05,717.59,717.59,304.41
IT-009413,ORD-04786,P0008,2,0.0,449.0,898.0,172.24
IT-009414,ORD-04786,P0005,2,0.1,236.18,472.36,82.28
IT-009415,ORD-04787,P0012,3,0.05,469.46,1408.38,183.78
IT-009416,ORD-04787,P0023,1,0.0,500.04,500.04,147.17
IT-009417,ORD-04788,P0001,3,0.0,966.84,2900.52,746.79
IT-009418,ORD-04789,P0024,5,0.05,993.27,4966.36,2315.66
IT-009419,ORD-04790,P0024,1,0.1,941.0,941.0,410.86
IT-009420,ORD-04790,P0001,2,0.05,918.5,1837.0,401.18
IT-009421,ORD-04790,P0011,1,0.2,62.82,62.82,16.25
IT-009422,ORD-04790,P0021,2,0.05,1002.12,2004.23,344.07
IT-009423,ORD-04791,P0016,1,0.3,169.61,169.61,9.45
IT-009424,ORD-04792,P0018,2,0.0,316.12,632.24,250.02
IT-009425,ORD-04792,P0006,1,0.0,942.04,942.04,384.39
IT-009426,ORD-04792,P0016,1,0.0,242.3,242.3,82.14
IT-009427,ORD-04793,P0019,1,0.2,1270.84,1270.84,398.06
IT-009428,ORD-04793,P0006,1,0.15,800.73,800.73,243.08
IT-009429,ORD-04794,P0023,5,0.0,500.04,2500.2,735.85
IT-009430,ORD-04795,P0020,1,0.0,696.28,696.28,337.62
IT-009431,ORD-04795,P0011,1,0.0,78.52,78.52,31.95
IT-009432,ORD-04796,P0001,1,0.0,966.84,966.84,248.93
IT-009433,ORD-04796,P0015,2,0.0,1040.69,2081.38,848.34
IT-009434,ORD-04796,P0019,1,0.0,1588.55,1588.55,715.77
IT-009435,ORD-04796,P0018,1,0.0,316.12,316.12,125.01
IT-009436,ORD-04797,P0024,3,0.0,1045.55,3136.65,1546.23
IT-009437,ORD-04797,P0022,1,0.0,927.66,927.66,456.51
IT-009438,ORD-04798,P0011,1,0.0,78.52,78.52,31.95
IT-009439,ORD-04798,P0003,3,0.3,75.51,226.53,55.59
IT-009440,ORD-04798,P0014,2,0.1,24.04,48.08,9.5
IT-009441,ORD-04799,P0005,1,0.0,262.42,262.42,67.38
IT-009442,ORD-04800,P0023,1,0.0,500.04,500.04,147.17
IT-009443,ORD-04800,P0019,1,0.05,1509.12,1509.12,636.34
IT-009444,ORD-04801,P0014,1,0.0,26.71,26.71,7.42
IT-009445,ORD-04801,P0002,2,0.0,839.32,1678.64,600.28
IT-009446,ORD-04801,P0012,4,0.2,395.34,1581.34,-51.46
IT-009447,ORD-04802,P0009,5,0.0,755.36,3776.8,1710.9
IT-009448,ORD-04802,P0020,2,0.0,696.28,1392.56,675.24
IT-009449,ORD-04802,P0023,1,0.15,425.03,425.03,72.16
IT-009450,ORD-04802,P0015,3,0.0,1040.69,3122.07,1272.51
IT-009451,ORD-04803,P0005,1,0.15,223.06,223.06,28.02
IT-009452,ORD-04803,P0009,1,0.1,679.82,679.82,266.64
IT-009453,ORD-04804,P0008,4,0.2,359.2,1436.8,-14.72
IT-009454,ORD-04804,P0020,1,0.0,696.28,696.28,337.62
IT-009455,ORD-04805,P0005,1,0.05,249.3,249.3,54.26
IT-009456,ORD-04806,P0019,4,0.05,1509.12,6036.49,2545.37
IT-009457,ORD-04807,P0013,2,0.0,1605.24,3210.48,1472.0
IT-009458,ORD-04808,P0001,1,0.1,870.16,870.16,152.25
IT-009459,ORD-04809,P0014,1,0.0,26.71,26.71,7.42
IT-009460,ORD-04810,P0005,2,0.0,262.42,524.84,134.76
IT-009461,ORD-04811,P0025,1,0.05,229.42,229.42,98.29
IT-009462,ORD-04811,P0012,1,0.3,345.92,345.92,-62.28
IT-009463,ORD-04811,P0018,1,0.3,221.28,221.28,30.17
IT-009464,ORD-04811,P0001,3,0.0,966.84,2900.52,746.79
IT-009465,ORD-04812,P0001,3,0.0,966.84,2900.52,746.79
IT-009466,ORD-04812,P0021,1,0.15,896.63,896.63,66.55
IT-009467,ORD-04813,P0003,1,0.2,86.3,86.3,29.32
IT-009468,ORD-04813,P0005,5,0.15,223.06,1115.29,140.09
IT-009469,ORD-04814,P0011,1,0.0,78.52,78.52,31.95
IT-009470,ORD-04814,P0005,2,0.15,223.06,446.11,56.03
IT-009471,ORD-04814,P0012,3,0.2,395.34,1186.01,-38.59
IT-009472,ORD-04814,P0019,1,0.05,1509.12,1509.12,636.34
IT-009473,ORD-04815,P0009,1,0.0,755.36,755.36,342.18
IT-009474,ORD-04816,P0003,1,0.05,102.48,102.48,45.5
IT-009475,ORD-04816,P0022,1,0.2,742.13,742.13,270.98
IT-009476,ORD-04817,P0025,1,0.05,229.42,229.42,98.29
IT-009477,ORD-04817,P0021,2,0.05,1002.12,2004.23,344.07
IT-009478,ORD-04818,P0024,1,0.1,941.0,941.0,410.86
IT-009479,ORD-04819,P0009,1,0.0,755.36,755.36,342.18
IT-009480,ORD-04819,P0015,1,0.15,884.59,884.59,268.07
IT-009481,ORD-04820,P0018,2,0.1,284.51,569.02,186.8
IT-009482,ORD-04821,P0020,3,0.0,696.28,2088.84,1012.86
IT-009483,ORD-04822,P0019,1,0.0,1588.55,1588.55,715.77
IT-009484,ORD-04823,P0002,3,0.0,839.32,2517.96,900.42
IT-009485,ORD-04823,P0013,3,0.0,1605.24,4815.72,2208.0
IT-009486,ORD-04823,P0024,5,0.15,888.72,4443.59,1792.89
IT-009487,ORD-04823,P0004,2,0.0,46.28,92.56,45.72
IT-009488,ORD-04824,P0022,2,0.0,927.66,1855.32,913.02
IT-009489,ORD-04824,P0023,2,0.05,475.04,950.08,244.34
IT-009490,ORD-04825,P0013,1,0.0,1605.24,1605.24,736.0
IT-009491,ORD-04825,P0020,2,0.1,626.65,1253.3,535.98
IT-009492,ORD-04826,P0003,1,0.0,107.87,107.87,50.89
IT-009493,ORD-04826,P0018,1,0.1,284.51,284.51,93.4
IT-009494,ORD-04827,P0010,2,0.0,689.95,1379.9,685.3
IT-009495,ORD-04828,P0025,2,0.0,241.5,483.0,220.74
IT-009496,ORD-04828,P0022,3,0.05,881.28,2643.83,1230.38
IT-009497,ORD-04829,P0007,3,0.15,476.97,1430.91,256.14
IT-009498,ORD-04829,P0020,3,0.1,626.65,1879.96,803.98
IT-009499,ORD-04830,P0018,2,0.3,221.28,442.57,60.35
IT-009500,ORD-04831,P0018,1,0.15,268.7,268.7,77.59
IT-009501,ORD-04831,P0021,2,0.0,1054.86,2109.72,449.56
IT-009502,ORD-04832,P0006,1,0.0,942.04,942.04,384.39
IT-009503,ORD-04833,P0021,5,0.0,1054.86,5274.3,1123.9
IT-009504,ORD-04834,P0025,2,0.1,217.35,434.7,172.44
IT-009505,ORD-04834,P0019,2,0.15,1350.27,2700.54,954.97
IT-009506,ORD-04834,P0003,1,0.2,86.3,86.3,29.32
IT-009507,ORD-04835,P0005,1,0.0,262.42,262.42,67.38
IT-009508,ORD-04835,P0007,5,0.3,392.8,1963.99,6.04
IT-009509,ORD-04836,P0013,2,0.1,1444.72,2889.43,1150.95
IT-009510,ORD-04836,P0010,1,0.0,689.95,689.95,342.65
IT-009511,ORD-04837,P0008,2,0.0,449.0,898.0,172.24
IT-009512,ORD-04837,P0010,2,0.0,689.95,1379.9,685.3
IT-009513,ORD-04838,P0001,1,0.15,821.81,821.81,103.9
IT-009514,ORD-04839,P0016,1,0.0,242.3,242.3,82.14
IT-009515,ORD-04839,P0012,1,0.1,444.75,444.75,36.55
IT-009516,ORD-04840,P0009,4,0.0,755.36,3021.44,1368.72
IT-009517,ORD-04840,P0011,1,0.3,54.96,54.96,8.39
IT-009518,ORD-04841,P0022,4,0.05,881.28,3525.11,1640.51
IT-009519,ORD-04841,P0020,5,0.2,557.02,2785.12,991.82
IT-009520,ORD-04842,P0006,1,0.05,894.94,894.94,337.29
IT-009521,ORD-04842,P0002,3,0.0,839.32,2517.96,900.42
IT-009522,ORD-04842,P0008,1,0.2,359.2,359.2,-3.68
IT-009523,ORD-04842,P0018,2,0.3,221.28,442.57,60.35
IT-009524,ORD-04843,P0008,4,0.1,404.1,1616.4,164.88
IT-009525,ORD-04843,P0015,2,0.0,1040.69,2081.38,848.34
IT-009526,ORD-04843,P0025,1,0.2,193.2,193.2,62.07
IT-009527,ORD-04843,P0018,3,0.15,268.7,806.11,232.78
IT-009528,ORD-04844,P0012,1,0.0,494.17,494.17,85.97
IT-009529,ORD-04844,P0015,1,0.0,1040.69,1040.69,424.17
IT-009530,ORD-04845,P0012,3,0.1,444.75,1334.26,109.66
IT-009531,ORD-04845,P0019,3,0.05,1509.12,4527.37,1909.03
IT-009532,ORD-04845,P0014,3,0.0,26.71,80.13,22.26
IT-009533,ORD-04846,P0009,1,0.2,604.29,604.29,191.11
IT-009534,ORD-04846,P0001,1,0.3,676.79,676.79,-41.12
IT-009535,ORD-04847,P0018,2,0.0,316.12,632.24,250.02
IT-009536,ORD-04847,P0009,4,0.3,528.75,2115.01,462.29
IT-009537,ORD-04848,P0017,4,0.0,866.66,3466.64,1074.8
IT-009538,ORD-04849,P0005,1,0.0,262.42,262.42,67.38
IT-009539,ORD-04849,P0002,2,0.0,839.32,1678.64,600.28
IT-009540,ORD-04850,P0020,2,0.0,696.28,1392.56,675.24
IT-009541,ORD-04850,P0011,2,0.0,78.52,157.04,63.9
IT-009542,ORD-04850,P0015,3,0.2,832.55,2497.66,648.1
IT-009543,ORD-04851,P0013,1,0.0,1605.24,1605.24,736.0
IT-009544,ORD-04851,P0024,3,0.3,731.88,2195.65,605.23
IT-009545,ORD-04851,P0001,2,0.0,966.84,1933.68,497.86
IT-009546,ORD-04852,P0024,4,0.0,1045.55,4182.2,2061.64
IT-009547,ORD-04852,P0016,2,0.1,218.07,436.14,115.82
IT-009548,ORD-04852,P0010,2,0.15,586.46,1172.92,478.31
IT-009549,ORD-04853,P0006,1,0.1,847.84,847.84,290.19
IT-009550,ORD-04854,P0011,2,0.0,78.52,157.04,63.9
IT-009551,ORD-04855,P0014,1,0.2,21.37,21.37,2.08
IT-009552,ORD-04856,P0015,1,0.0,1040.69,1040.69,424.17
IT-009553,ORD-04857,P0017,1,0.0,866.66,866.66,268.7
IT-009554,ORD-04857,P0014,5,0.05,25.37,126.87,30.42
IT-009555,ORD-04858,P0022,2,0.2,742.13,1484.26,541.96
IT-009556,ORD-04859,P0006,4,0.05,894.94,3579.75,1349.15
IT-009557,ORD-04859,P0014,1,0.1,24.04,24.04,4.75
IT-009558,ORD-04860,P0004,3,0.3,32.4,97.19,26.93
IT-009559,ORD-04860,P0021,2,0.0,1054.86,2109.72,449.56
IT-009560,ORD-04861,P0005,1,0.0,262.42,262.42,67.38
IT-009561,ORD-04862,P0010,2,0.1,620.96,1241.91,547.31
IT-009562,ORD-04863,P0018,2,0.05,300.31,600.63,218.41
IT-009563,ORD-04863,P0011,3,0.0,78.52,235.56,95.85
IT-009564,ORD-04863,P0013,3,0.0,1605.24,4815.72,2208.0
IT-009565,ORD-04864,P0004,1,0.2,37.02,37.02,13.6
IT-009566,ORD-04865,P0002,2,0.3,587.52,1175.05,96.69
IT-009567,ORD-04866,P0004,1,0.2,37.02,37.02,13.6
IT-009568,ORD-04866,P0010,2,0.0,689.95,1379.9,685.3
IT-009569,ORD-04866,P0017,4,0.0,866.66,3466.64,1074.8
IT-009570,ORD-04867,P0007,2,0.0,561.14,1122.28,339.1
IT-009571,ORD-04867,P0010,2,0.0,689.95,1379.9,685.3
IT-009572,ORD-04867,P0011,1,0.0,78.52,78.52,31.95
IT-009573,ORD-04867,P0016,1,0.1,218.07,218.07,57.91
IT-009574,ORD-04868,P0022,3,0.2,742.13,2226.38,812.93
IT-009575,ORD-04868,P0010,3,0.05,655.45,1966.36,924.46
IT-009576,ORD-04869,P0018,1,0.05,300.31,300.31,109.2
IT-009577,ORD-04870,P0012,1,0.0,494.17,494.17,85.97
IT-009578,ORD-04871,P0025,5,0.3,169.05,845.25,189.6
IT-009579,ORD-04871,P0012,4,0.1,444.75,1779.01,146.21
IT-009580,ORD-04871,P0002,1,0.0,839.32,839.32,300.14
IT-009581,ORD-04871,P0004,2,0.0,46.28,92.56,45.72
IT-009582,ORD-04872,P0014,1,0.1,24.04,24.04,4.75
IT-009583,ORD-04872,P0015,2,0.3,728.48,1456.97,223.93
IT-009584,ORD-04872,P0017,1,0.0,866.66,866.66,268.7
IT-009585,ORD-04873,P0020,2,0.0,696.28,1392.56,675.24
IT-009586,ORD-04873,P0002,1,0.0,839.32,839.32,300.14
IT-009587,ORD-04874,P0023,2,0.05,475.04,950.08,244.34
IT-009588,ORD-04875,P0009,1,0.2,604.29,604.29,191.11
IT-009589,ORD-04876,P0009,1,0.15,642.06,642.06,228.88
IT-009590,ORD-04877,P0001,1,0.0,966.84,966.84,248.93
IT-009591,ORD-04877,P0013,4,0.1,1444.72,5778.86,2301.9
IT-009592,ORD-04878,P0007,4,0.0,561.14,2244.56,678.2
IT-009593,ORD-04879,P0018,1,0.0,316.12,316.12,125.01
IT-009594,ORD-04879,P0013,1,0.15,1364.45,1364.45,495.21
IT-009595,ORD-04879,P0022,4,0.1,834.89,3339.58,1454.98
IT-009596,ORD-04879,P0010,1,0.2,551.96,551.96,204.66
IT-009597,ORD-04880,P0015,1,0.0,1040.69,1040.69,424.17
IT-009598,ORD-04881,P0011,2,0.3,54.96,109.93,16.79
IT-009599,ORD-04881,P0022,1,0.2,742.13,742.13,270.98
IT-009600,ORD-04882,P0019,1,0.0,1588.55,1588.55,715.77
IT-009601,ORD-04883,P0023,1,0.0,500.04,500.04,147.17
IT-009602,ORD-04883,P0011,5,0.0,78.52,392.6,159.75
IT-009603,ORD-04884,P0015,1,0.0,1040.69,1040.69,424.17
IT-009604,ORD-04885,P0003,4,0.0,107.87,431.48,203.56
IT-009605,ORD-04885,P0009,1,0.05,717.59,717.59,304.41
IT-009606,ORD-04885,P0006,1,0.0,942.04,942.04,384.39
IT-009607,ORD-04886,P0018,3,0.2,252.9,758.69,185.36
IT-009608,ORD-04886,P0001,1,0.0,966.84,966.84,248.93
IT-009609,ORD-04887,P0022,1,0.1,834.89,834.89,363.74
IT-009610,ORD-04888,P0022,2,0.05,881.28,1762.55,820.25
IT-009611,ORD-04888,P0007,2,0.05,533.08,1066.17,282.99
IT-009612,ORD-04888,P0001,2,0.05,918.5,1837.0,401.18
IT-009613,ORD-04889,P0019,1,0.0,1588.55,1588.55,715.77
IT-009614,ORD-04889,P0015,1,0.2,832.55,832.55,216.03
IT-009615,ORD-04890,P0016,1,0.0,242.3,242.3,82.14
IT-009616,ORD-04890,P0004,1,0.0,46.28,46.28,22.86
IT-009617,ORD-04890,P0014,1,0.0,26.71,26.71,7.42
IT-009618,ORD-04890,P0013,4,0.0,1605.24,6420.96,2944.0
IT-009619,ORD-04891,P0001,1,0.15,821.81,821.81,103.9
IT-009620,ORD-04891,P0024,1,0.2,836.44,836.44,306.3
IT-009621,ORD-04891,P0012,1,0.0,494.17,494.17,85.97
IT-009622,ORD-04892,P0023,2,0.3,350.03,700.06,-5.68
IT-009623,ORD-04892,P0015,1,0.0,1040.69,1040.69,424.17
IT-009624,ORD-04892,P0017,1,0.05,823.33,823.33,225.37
IT-009625,ORD-04892,P0001,2,0.05,918.5,1837.0,401.18
IT-009626,ORD-04893,P0001,1,0.15,821.81,821.81,103.9
IT-009627,ORD-04894,P0016,2,0.0,242.3,484.6,164.28
IT-009628,ORD-04895,P0016,2,0.0,242.3,484.6,164.28
IT-009629,ORD-04895,P0019,5,0.0,1588.55,7942.75,3578.85
IT-009630,ORD-04895,P0023,2,0.05,475.04,950.08,244.34
IT-009631,ORD-04895,P0001,1,0.05,918.5,918.5,200.59
IT-009632,ORD-04896,P0021,1,0.3,738.4,738.4,-91.68
IT-009633,ORD-04896,P0016,1,0.0,242.3,242.3,82.14
IT-009634,ORD-04897,P0011,1,0.0,78.52,78.52,31.95
IT-009635,ORD-04898,P0007,3,0.0,561.14,1683.42,508.65
IT-009636,ORD-04898,P0015,2,0.0,1040.69,2081.38,848.34
IT-009637,ORD-04898,P0004,1,0.0,46.28,46.28,22.86
IT-009638,ORD-04899,P0007,1,0.0,561.14,561.14,169.55
IT-009639,ORD-04900,P0021,1,0.1,949.37,949.37,119.29
IT-009640,ORD-04900,P0002,1,0.1,755.39,755.39,216.21
IT-009641,ORD-04901,P0017,1,0.15,736.66,736.66,138.7
IT-009642,ORD-04901,P0001,2,0.1,870.16,1740.31,304.49
IT-009643,ORD-04901,P0016,2,0.0,242.3,484.6,164.28
IT-009644,ORD-04902,P0005,1,0.0,262.42,262.42,67.38
IT-009645,ORD-04902,P0016,2,0.0,242.3,484.6,164.28
IT-009646,ORD-04902,P0024,1,0.0,1045.55,1045.55,515.41
IT-009647,ORD-04903,P0012,2,0.0,494.17,988.34,171.94
IT-009648,ORD-04904,P0019,3,0.05,1509.12,4527.37,1909.03
IT-009649,ORD-04904,P0002,3,0.15,713.42,2140.27,522.73
IT-009650,ORD-04905,P0022,2,0.05,881.28,1762.55,820.25
IT-009651,ORD-04905,P0024,1,0.0,1045.55,1045.55,515.41
IT-009652,ORD-04906,P0024,1,0.1,941.0,941.0,410.86
IT-009653,ORD-04906,P0015,1,0.1,936.62,936.62,320.1
IT-009654,ORD-04907,P0005,1,0.2,209.94,209.94,14.9
IT-009655,ORD-04908,P0012,1,0.0,494.17,494.17,85.97
IT-009656,ORD-04908,P0015,1,0.0,1040.69,1040.69,424.17
IT-009657,ORD-04909,P0010,3,0.05,655.45,1966.36,924.46
IT-009658,ORD-04909,P0001,1,0.2,773.47,773.47,55.56
IT-009659,ORD-04910,P0019,1,0.15,1350.27,1350.27,477.49
IT-009660,ORD-04910,P0014,1,0.2,21.37,21.37,2.08
IT-009661,ORD-04911,P0015,1,0.1,936.62,936.62,320.1
IT-009662,ORD-04911,P0024,2,0.2,836.44,1672.88,612.6
IT-009663,ORD-04911,P0010,1,0.0,689.95,689.95,342.65
IT-009664,ORD-04912,P0021,2,0.05,1002.12,2004.23,344.07
IT-009665,ORD-04912,P0007,1,0.05,533.08,533.08,141.49
IT-009666,ORD-04913,P0023,3,0.05,475.04,1425.11,366.5
IT-009667,ORD-04914,P0008,5,0.1,404.1,2020.5,206.1
IT-009668,ORD-04914,P0010,2,0.0,689.95,1379.9,685.3
IT-009669,ORD-04915,P0024,2,0.05,993.27,1986.54,926.26
IT-009670,ORD-04915,P0025,1,0.0,241.5,241.5,110.37
IT-009671,ORD-04915,P0002,1,0.0,839.32,839.32,300.14
IT-009672,ORD-04916,P0024,1,0.0,1045.55,1045.55,515.41
IT-009673,ORD-04917,P0017,4,0.1,779.99,3119.98,728.14
IT-009674,ORD-04917,P0007,4,0.15,476.97,1907.88,341.52
IT-009675,ORD-04918,P0008,1,0.15,381.65,381.65,18.77
IT-009676,ORD-04919,P0002,2,0.05,797.35,1594.71,516.35
IT-009677,ORD-04920,P0003,1,0.0,107.87,107.87,50.89
IT-009678,ORD-04920,P0013,1,0.2,1284.19,1284.19,414.95
IT-009679,ORD-04920,P0007,3,0.2,448.91,1346.74,171.97
IT-009680,ORD-04921,P0024,4,0.0,1045.55,4182.2,2061.64
IT-009681,ORD-04921,P0018,1,0.15,268.7,268.7,77.59
IT-009682,ORD-04921,P0013,5,0.15,1364.45,6822.27,2476.07
IT-009683,ORD-04922,P0005,2,0.05,249.3,498.6,108.52
IT-009684,ORD-04922,P0013,2,0.15,1364.45,2728.91,990.43
IT-009685,ORD-04923,P0019,1,0.0,1588.55,1588.55,715.77
IT-009686,ORD-04923,P0012,2,0.0,494.17,988.34,171.94
IT-009687,ORD-04924,P0002,3,0.0,839.32,2517.96,900.42
IT-009688,ORD-04924,P0003,1,0.1,97.08,97.08,40.1
IT-009689,ORD-04924,P0018,1,0.0,316.12,316.12,125.01
IT-009690,ORD-04925,P0018,1,0.0,316.12,316.12,125.01
IT-009691,ORD-04925,P0017,1,0.2,693.33,693.33,95.37
IT-009692,ORD-04925,P0010,1,0.0,689.95,689.95,342.65
IT-009693,ORD-04925,P0020,4,0.2,557.02,2228.1,793.46
IT-009694,ORD-04926,P0025,2,0.05,229.42,458.85,196.59
IT-009695,ORD-04926,P0006,1,0.0,942.04,942.04,384.39
IT-009696,ORD-04927,P0007,3,0.05,533.08,1599.25,424.48
IT-009697,ORD-04927,P0006,4,0.15,800.73,3202.94,972.34
IT-009698,ORD-04928,P0006,1,0.1,847.84,847.84,290.19
IT-009699,ORD-04928,P0018,2,0.1,284.51,569.02,186.8
IT-009700,ORD-04929,P0016,1,0.2,193.84,193.84,33.68
IT-009701,ORD-04930,P0017,5,0.0,866.66,4333.3,1343.5
IT-009702,ORD-04930,P0024,2,0.0,1045.55,2091.1,1030.82
IT-009703,ORD-04931,P0016,1,0.2,193.84,193.84,33.68
IT-009704,ORD-04931,P0002,3,0.0,839.32,2517.96,900.42
IT-009705,ORD-04931,P0010,1,0.1,620.96,620.96,273.66
IT-009706,ORD-04932,P0007,4,0.1,505.03,2020.1,453.74
IT-009707,ORD-04932,P0017,2,0.0,866.66,1733.32,537.4
IT-009708,ORD-04932,P0021,1,0.0,1054.86,1054.86,224.78
IT-009709,ORD-04933,P0012,2,0.3,345.92,691.84,-124.56
IT-009710,ORD-04933,P0007,4,0.2,448.91,1795.65,229.29
IT-009711,ORD-04933,P0010,1,0.05,655.45,655.45,308.15
IT-009712,ORD-04934,P0025,1,0.2,193.2,193.2,62.07
IT-009713,ORD-04935,P0001,2,0.05,918.5,1837.0,401.18
IT-009714,ORD-04935,P0014,1,0.05,25.37,25.37,6.08
IT-009715,ORD-04936,P0009,1,0.0,755.36,755.36,342.18
IT-009716,ORD-04937,P0025,1,0.0,241.5,241.5,110.37
IT-009717,ORD-04938,P0014,1,0.0,26.71,26.71,7.42
IT-009718,ORD-04938,P0001,1,0.0,966.84,966.84,248.93
IT-009719,ORD-04938,P0016,2,0.0,242.3,484.6,164.28
IT-009720,ORD-04939,P0004,2,0.0,46.28,92.56,45.72
IT-009721,ORD-04939,P0017,2,0.1,779.99,1559.99,364.07
IT-009722,ORD-04940,P0001,1,0.15,821.81,821.81,103.9
IT-009723,ORD-04940,P0024,1,0.0,1045.55,1045.55,515.41
IT-009724,ORD-04940,P0004,2,0.0,46.28,92.56,45.72
IT-009725,ORD-04941,P0011,1,0.0,78.52,78.52,31.95
IT-009726,ORD-04942,P0006,1,0.0,942.04,942.04,384.39
IT-009727,ORD-04942,P0015,1,0.2,832.55,832.55,216.03
IT-009728,ORD-04943,P0018,1,0.15,268.7,268.7,77.59
IT-009729,ORD-04943,P0020,1,0.1,626.65,626.65,267.99
IT-009730,ORD-04944,P0007,3,0.0,561.14,1683.42,508.65
IT-009731,ORD-04945,P0014,1,0.0,26.71,26.71,7.42
IT-009732,ORD-04946,P0016,1,0.0,242.3,242.3,82.14
IT-009733,ORD-04947,P0015,2,0.0,1040.69,2081.38,848.34
IT-009734,ORD-04947,P0016,3,0.05,230.18,690.56,210.08
IT-009735,ORD-04948,P0002,2,0.0,839.32,1678.64,600.28
IT-009736,ORD-04948,P0020,4,0.15,591.84,2367.35,932.71
IT-009737,ORD-04948,P0017,1,0.05,823.33,823.33,225.37
IT-009738,ORD-04948,P0021,5,0.1,949.37,4746.87,596.47
IT-009739,ORD-04949,P0005,1,0.1,236.18,236.18,41.14
IT-009740,ORD-04949,P0021,1,0.1,949.37,949.37,119.29
IT-009741,ORD-04949,P0020,1,0.05,661.47,661.47,302.81
IT-009742,ORD-04950,P0001,1,0.0,966.84,966.84,248.93
IT-009743,ORD-04950,P0020,4,0.05,661.47,2645.86,1211.22
IT-009744,ORD-04950,P0022,2,0.0,927.66,1855.32,913.02
IT-009745,ORD-04950,P0015,2,0.3,728.48,1456.97,223.93
IT-009746,ORD-04951,P0011,2,0.2,62.82,125.63,32.49
IT-009747,ORD-04951,P0021,2,0.05,1002.12,2004.23,344.07
IT-009748,ORD-04951,P0023,2,0.0,500.04,1000.08,294.34
IT-009749,ORD-04952,P0015,2,0.0,1040.69,2081.38,848.34
IT-009750,ORD-04952,P0011,1,0.05,74.59,74.59,28.02
IT-009751,ORD-04952,P0009,5,0.0,755.36,3776.8,1710.9
IT-009752,ORD-04953,P0020,1,0.05,661.47,661.47,302.81
IT-009753,ORD-04953,P0005,3,0.05,249.3,747.9,162.78
IT-009754,ORD-04954,P0012,1,0.0,494.17,494.17,85.97
IT-009755,ORD-04954,P0024,2,0.3,731.88,1463.77,403.49
IT-009756,ORD-04955,P0018,1,0.0,316.12,316.12,125.01
IT-009757,ORD-04955,P0022,1,0.15,788.51,788.51,317.36
IT-009758,ORD-04956,P0006,1,0.0,942.04,942.04,384.39
IT-009759,ORD-04956,P0021,2,0.05,1002.12,2004.23,344.07
IT-009760,ORD-04956,P0001,1,0.05,918.5,918.5,200.59
IT-009761,ORD-04957,P0017,3,0.0,866.66,2599.98,806.1
IT-009762,ORD-04958,P0007,1,0.1,505.03,505.03,113.44
IT-009763,ORD-04959,P0004,1,0.0,46.28,46.28,22.86
IT-009764,ORD-04959,P0007,1,0.0,561.14,561.14,169.55
IT-009765,ORD-04959,P0013,5,0.0,1605.24,8026.2,3680.0
IT-009766,ORD-04959,P0019,1,0.0,1588.55,1588.55,715.77
IT-009767,ORD-04960,P0016,1,0.15,205.96,205.96,45.8
IT-009768,ORD-04961,P0021,1,0.2,843.89,843.89,13.81
IT-009769,ORD-04961,P0015,1,0.0,1040.69,1040.69,424.17
IT-009770,ORD-04961,P0006,1,0.0,942.04,942.04,384.39
IT-009771,ORD-04961,P0022,1,0.0,927.66,927.66,456.51
IT-009772,ORD-04962,P0020,1,0.1,626.65,626.65,267.99
IT-009773,ORD-04962,P0018,1,0.0,316.12,316.12,125.01
IT-009774,ORD-04963,P0017,1,0.0,866.66,866.66,268.7
IT-009775,ORD-04964,P0014,2,0.0,26.71,53.42,14.84
IT-009776,ORD-04964,P0024,4,0.05,993.27,3973.09,1852.53
IT-009777,ORD-04965,P0007,1,0.05,533.08,533.08,141.49
IT-009778,ORD-04965,P0014,3,0.15,22.7,68.11,10.24
IT-009779,ORD-04965,P0015,2,0.3,728.48,1456.97,223.93
IT-009780,ORD-04966,P0004,2,0.1,41.65,83.3,36.46
IT-009781,ORD-04967,P0001,1,0.0,966.84,966.84,248.93
IT-009782,ORD-04967,P0006,3,0.3,659.43,1978.28,305.33
IT-009783,ORD-04967,P0005,2,0.0,262.42,524.84,134.76
IT-009784,ORD-04968,P0021,1,0.3,738.4,738.4,-91.68
IT-009785,ORD-04968,P0023,1,0.0,500.04,500.04,147.17
IT-009786,ORD-04968,P0013,1,0.05,1524.98,1524.98,655.74
IT-009787,ORD-04969,P0005,1,0.0,262.42,262.42,67.38
IT-009788,ORD-04970,P0003,2,0.3,75.51,151.02,37.06
IT-009789,ORD-04971,P0020,1,0.0,696.28,696.28,337.62
IT-009790,ORD-04972,P0022,1,0.1,834.89,834.89,363.74
IT-009791,ORD-04973,P0014,2,0.1,24.04,48.08,9.5
IT-009792,ORD-04974,P0017,2,0.05,823.33,1646.65,450.73
IT-009793,ORD-04974,P0009,2,0.1,679.82,1359.65,533.29
IT-009794,ORD-04975,P0024,2,0.0,1045.55,2091.1,1030.82
IT-009795,ORD-04976,P0025,1,0.3,169.05,169.05,37.92
IT-009796,ORD-04976,P0023,1,0.0,500.04,500.04,147.17
IT-009797,ORD-04976,P0012,1,0.3,345.92,345.92,-62.28
IT-009798,ORD-04977,P0020,2,0.1,626.65,1253.3,535.98
IT-009799,ORD-04978,P0014,1,0.05,25.37,25.37,6.08
IT-009800,ORD-04978,P0008,1,0.05,426.55,426.55,63.67
IT-009801,ORD-04979,P0019,1,0.0,1588.55,1588.55,715.77
IT-009802,ORD-04979,P0013,5,0.15,1364.45,6822.27,2476.07
IT-009803,ORD-04980,P0009,4,0.0,755.36,3021.44,1368.72
IT-009804,ORD-04980,P0002,1,0.0,839.32,839.32,300.14
IT-009805,ORD-04980,P0008,4,0.0,449.0,1796.0,344.48
IT-009806,ORD-04981,P0001,1,0.0,966.84,966.84,248.93
IT-009807,ORD-04981,P0003,2,0.05,102.48,204.95,90.99
IT-009808,ORD-04982,P0009,1,0.15,642.06,642.06,228.88
IT-009809,ORD-04983,P0015,1,0.0,1040.69,1040.69,424.17
IT-009810,ORD-04983,P0025,1,0.2,193.2,193.2,62.07
IT-009811,ORD-04983,P0014,1,0.0,26.71,26.71,7.42
IT-009812,ORD-04984,P0014,1,0.0,26.71,26.71,7.42
IT-009813,ORD-04985,P0004,4,0.2,37.02,148.1,54.42
IT-009814,ORD-04986,P0019,1,0.3,1111.98,1111.98,239.2
IT-009815,ORD-04986,P0016,3,0.15,205.96,617.86,137.39
IT-009816,ORD-04987,P0021,1,0.1,949.37,949.37,119.29
IT-009817,ORD-04987,P0023,2,0.0,500.04,1000.08,294.34
IT-009818,ORD-04987,P0019,4,0.0,1588.55,6354.2,2863.08
IT-009819,ORD-04988,P0015,2,0.0,1040.69,2081.38,848.34
IT-009820,ORD-04989,P0011,2,0.05,74.59,149.19,56.05
IT-009821,ORD-04989,P0014,1,0.2,21.37,21.37,2.08
IT-009822,ORD-04990,P0003,3,0.0,107.87,323.61,152.67
IT-009823,ORD-04990,P0018,3,0.3,221.28,663.85,90.52
IT-009824,ORD-04991,P0024,1,0.0,1045.55,1045.55,515.41
IT-009825,ORD-04991,P0005,3,0.0,262.42,787.26,202.14
IT-009826,ORD-04991,P0003,1,0.0,107.87,107.87,50.89
IT-009827,ORD-04991,P0022,2,0.0,927.66,1855.32,913.02
IT-009828,ORD-04992,P0019,2,0.05,1509.12,3018.24,1272.68
IT-009829,ORD-04993,P0001,3,0.0,966.84,2900.52,746.79
IT-009830,ORD-04994,P0014,1,0.15,22.7,22.7,3.41
IT-009831,ORD-04994,P0008,1,0.0,449.0,449.0,86.12
IT-009832,ORD-04995,P0018,2,0.1,284.51,569.02,186.8
IT-009833,ORD-04996,P0017,1,0.1,779.99,779.99,182.03
IT-009834,ORD-04996,P0003,1,0.0,107.87,107.87,50.89
IT-009835,ORD-04997,P0025,2,0.0,241.5,483.0,220.74
IT-009836,ORD-04997,P0010,1,0.0,689.95,689.95,342.65
IT-009837,ORD-04998,P0022,1,0.05,881.28,881.28,410.13
IT-009838,ORD-04998,P0006,1,0.2,753.63,753.63,195.98
IT-009839,ORD-04998,P0010,4,0.3,482.96,1931.86,542.66
IT-009840,ORD-04999,P0025,1,0.0,241.5,241.5,110.37
IT-009841,ORD-04999,P0001,1,0.0,966.84,966.84,248.93
IT-009842,ORD-04999,P0007,2,0.0,561.14,1122.28,339.1
IT-009843,ORD-05000,P0020,5,0.2,557.02,2785.12,991.82
IT-009844,ORD-05000,P0025,1,0.0,241.5,241.5,110.37
IT-009845,ORD-05000,P0001,1,0.2,773.47,773.47,55.56
IT-009846,ORD-05000,P0012,4,0.2,395.34,1581.34,-51.46
