order_id,order_date,ship_date,ship_mode,customer_id
ORD-00001,2024-06-05,2024-06-07,Standard Class,C0029
ORD-00002,2024-03-07,2024-03-10,Standard Class,C0357
ORD-00003,2022-06-06,2022-06-13,First Class,C0365
ORD-00004,2024-06-02,2024-06-03,First Class,C0096
ORD-00005,2024-08-31,2024-09-03,Standard Class,C0409
ORD-00006,2024-11-11,2024-11-13,Standard Class,C0266
ORD-00007,2024-04-28,2024-05-01,Standard Class,C0291
ORD-00008,2024-01-18,2024-01-19,Standard Class,C0055
ORD-00009,2024-09-15,2024-09-18,Standard Class,C0153
ORD-00010,2022-01-21,2022-01-23,Standard Class,C0219
ORD-00011,2022-10-30,2022-11-02,Same Day,C0173
ORD-00012,2024-05-18,2024-05-25,Standard Class,C0096
ORD-00013,2022-03-25,2022-03-30,Standard Class,C0123
ORD-00014,2023-07-24,2023-07-29,First Class,C0012
ORD-00015,2024-07-22,2024-07-26,Standard Class,C0004
ORD-00016,2024-10-05,2024-10-06,Standard Class,C0362
ORD-00017,2024-03-03,2024-03-05,Standard Class,C0346
ORD-00018,2024-03-02,2024-03-08,Standard Class,C0067
ORD-00019,2023-05-07,2023-05-10,Same Day,C0145
ORD-00020,2022-07-27,2022-07-29,First Class,C0457
ORD-00021,2024-12-19,2024-12-23,First Class,C0477
ORD-00022,2023-03-06,2023-03-08,First Class,C0065
ORD-00023,2024-09-11,2024-09-13,Standard Class,C0082
ORD-00024,2023-06-04,2023-06-11,First Class,C0105
ORD-00025,2023-08-14,2023-08-19,Same Day,C0181
ORD-00026,2024-11-16,2024-11-19,Standard Class,C0340
ORD-00027,2022-07-18,2022-07-25,Standard Class,C0441
ORD-00028,2023-01-22,2023-01-26,Standard Class,C0105
ORD-00029,2022-12-15,2022-12-19,Standard Class,C0226
ORD-00030,2024-08-17,2024-08-18,Standard Class,C0371
ORD-00031,2023-11-24,2023-11-26,First Class,C0028
ORD-00032,2023-01-13,2023-01-17,First Class,C0496
ORD-00033,2024-06-17,2024-06-22,Standard Class,C0483
ORD-00034,2024-07-04,2024-07-08,Standard Class,C0016
ORD-00035,2023-06-11,2023-06-13,First Class,C0277
ORD-00036,2024-01-04,2024-01-06,Second Class,C0333
ORD-00037,2022-07-25,2022-07-30,Standard Class,C0483
ORD-00038,2023-03-31,2023-04-02,Second Class,C0298
ORD-00039,2023-06-05,2023-06-08,First Class,C0054
ORD-00040,2024-10-13,2024-10-14,First Class,C0288
ORD-00041,2024-08-13,2024-08-15,Standard Class,C0114
ORD-00042,2023-12-27,2023-12-31,Standard Class,C0038
ORD-00043,2024-10-10,2024-10-14,First Class,C0454
ORD-00044,2023-05-16,2023-05-19,Standard Class,C0370
ORD-00045,2022-04-27,2022-04-29,Second Class,C0230
ORD-00046,2023-01-21,2023-01-26,Standard Class,C0166
ORD-00047,2023-08-07,2023-08-09,Standard Class,C0182
ORD-00048,2023-01-30,2023-02-02,Standard Class,C0444
ORD-00049,2024-12-23,2024-12-29,Standard Class,C0205
ORD-00050,2023-12-22,2023-12-24,First Class,C0366
ORD-00051,2022-03-13,2022-03-19,Standard Class,C0245
ORD-00052,2022-10-01,2022-10-03,First Class,C0359
ORD-00053,2022-12-04,2022-12-07,First Class,C0333
ORD-00054,2023-08-30,2023-09-02,Standard Class,C0431
ORD-00055,2022-06-15,2022-06-21,Second Class,C0396
ORD-00056,2022-01-11,2022-01-13,Standard Class,C0309
ORD-00057,2023-12-30,2024-01-02,Second Class,C0417
ORD-00058,2024-03-11,2024-03-18,Standard Class,C0412
ORD-00059,2022-04-12,2022-04-15,Standard Class,C0121
ORD-00060,2024-02-18,2024-02-21,Standard Class,C0259
ORD-00061,2022-08-02,2022-08-04,Second Class,C0210
ORD-00062,2023-02-05,2023-02-09,First Class,C0410
ORD-00063,2023-08-11,2023-08-12,Standard Class,C0310
ORD-00064,2024-06-07,2024-06-08,Standard Class,C0296
ORD-00065,2024-12-05,2024-12-08,Standard Class,C0194
ORD-00066,2023-08-15,2023-08-18,First Class,C0068
ORD-00067,2022-04-02,2022-04-08,Standard Class,C0114
ORD-00068,2023-11-04,2023-11-10,Second Class,C0220
ORD-00069,2023-12-15,2023-12-19,Standard Class,C0220
ORD-00070,2024-07-24,2024-07-29,Standard Class,C0473
ORD-00071,2022-08-30,2022-09-03,First Class,C0218
ORD-00072,2022-01-02,2022-01-04,Second Class,C0237
ORD-00073,2022-08-13,2022-08-17,Second Class,C0431
ORD-00074,2024-03-11,2024-03-13,Standard Class,C0386
ORD-00075,2023-08-12,2023-08-15,First Class,C0298
ORD-00076,2022-04-26,2022-05-01,Standard Class,C0418
ORD-00077,2024-07-06,2024-07-09,First Class,C0094
ORD-00078,2022-07-13,2022-07-18,Standard Class,C0253
ORD-00079,2024-05-20,2024-05-22,Standard Class,C0405
ORD-00080,2022-03-31,2022-04-04,Standard Class,C0492
ORD-00081,2022-05-02,2022-05-04,Standard Class,C0357
ORD-00082,2022-05-23,2022-05-27,Standard Class,C0428
ORD-00083,2024-09-20,2024-09-24,First Class,C0215
ORD-00084,2022-04-16,2022-04-19,Second Class,C0481
ORD-00085,2024-06-05,2024-06-07,Same Day,C0380
ORD-00086,2023-03-04,2023-03-05,Standard Class,C0258
ORD-00087,2022-11-13,2022-11-15,Standard Class,C0347
ORD-00088,2023-09-27,2023-10-01,First Class,C0240
ORD-00089,2022-01-09,2022-01-15,Standard Class,C0315
ORD-00090,2024-02-13,2024-02-15,Standard Class,C0214
ORD-00091,2022-08-11,2022-08-15,First Class,C0098
ORD-00092,2023-07-07,2023-07-12,Standard Class,C0016
ORD-00093,2023-12-17,2023-12-20,Standard Class,C0404
ORD-00094,2022-04-21,2022-04-25,First Class,C0154
ORD-00095,2022-09-08,2022-09-13,Standard Class,C0016
ORD-00096,2023-01-18,2023-01-20,First Class,C0198
ORD-00097,2022-01-07,2022-01-09,Standard Class,C0493
ORD-00098,2023-04-04,2023-04-05,Second Class,C0108
ORD-00099,2022-07-27,2022-08-02,Standard Class,C0023
ORD-00100,2024-06-18,2024-06-24,Second Class,C0042
ORD-00101,2022-01-22,2022-01-26,Standard Class,C0037
ORD-00102,2023-02-14,2023-02-16,First Class,C0328
ORD-00103,2024-06-13,2024-06-16,Standard Class,C0390
ORD-00104,2023-05-30,2023-06-01,Standard Class,C0165
ORD-00105,2024-03-19,2024-03-20,Second Class,C0116
ORD-00106,2024-05-23,2024-05-27,Standard Class,C0150
ORD-00107,2022-01-14,2022-01-20,Standard Class,C0006
ORD-00108,2024-08-28,2024-09-03,Standard Class,C0032
ORD-00109,2024-09-04,2024-09-08,Standard Class,C0145
ORD-00110,2024-10-10,2024-10-12,Standard Class,C0294
ORD-00111,2024-11-01,2024-11-03,Standard Class,C0401
ORD-00112,2022-03-28,2022-03-31,Standard Class,C0293
ORD-00113,2024-06-27,2024-07-01,Second Class,C0407
ORD-00114,2022-05-02,2022-05-07,Standard Class,C0177
ORD-00115,2024-01-20,2024-01-23,Standard Class,C0445
ORD-00116,2023-11-16,2023-11-19,Same Day,C0177
ORD-00117,2022-11-05,2022-11-06,First Class,C0061
ORD-00118,2023-11-26,2023-11-28,Standard Class,C0077
ORD-00119,2022-10-15,2022-10-18,Standard Class,C0416
ORD-00120,2022-11-03,2022-11-05,First Class,C0383
ORD-00121,2024-07-02,2024-07-05,Standard Class,C0086
ORD-00122,2023-10-24,2023-10-29,Standard Class,C0191
ORD-00123,2023-07-03,2023-07-06,Standard Class,C0007
ORD-00124,2022-11-08,2022-11-10,Second Class,C0406
ORD-00125,2024-05-22,2024-05-24,Standard Class,C0085
ORD-00126,2024-12-18,2024-12-21,Second Class,C0262
ORD-00127,2024-07-12,2024-07-15,Second Class,C0445
ORD-00128,2024-01-25,2024-01-28,Standard Class,C0398
ORD-00129,2022-02-04,2022-02-07,First Class,C0400
ORD-00130,2023-03-21,2023-03-24,Standard Class,C0259
ORD-00131,2022-04-03,2022-04-07,Standard Class,C0393
ORD-00132,2022-12-19,2022-12-22,Standard Class,C0047
ORD-00133,2024-06-21,2024-06-26,Standard Class,C0341
ORD-00134,2024-05-11,2024-05-14,Standard Class,C0498
ORD-00135,2022-06-08,2022-06-10,Standard Class,C0094
ORD-00136,2024-08-14,2024-08-17,Standard Class,C0478
ORD-00137,2022-01-24,2022-01-27,Standard Class,C0426
ORD-00138,2023-02-08,2023-02-14,Standard Class,C0426
ORD-00139,2024-03-15,2024-03-19,Second Class,C0224
ORD-00140,2023-05-31,2023-06-06,Standard Class,C0279
ORD-00141,2024-01-02,2024-01-08,Second Class,C0003
ORD-00142,2023-06-16,2023-06-20,Standard Class,C0129
ORD-00143,2024-08-13,2024-08-16,Standard Class,C0323
ORD-00144,2022-06-01,2022-06-04,Standard Class,C0249
ORD-00145,2024-08-04,2024-08-11,Standard Class,C0229
ORD-00146,2023-08-31,2023-09-04,Standard Class,C0327
ORD-00147,2023-02-24,2023-02-26,Standard Class,C0131
ORD-00148,2024-05-15,2024-05-19,Same Day,C0228
ORD-00149,2023-08-01,2023-08-03,Same Day,C0177
ORD-00150,2022-12-01,2022-12-04,Standard Class,C0323
ORD-00151,2024-07-20,2024-07-22,Second Class,C0311
ORD-00152,2022-10-22,2022-10-26,Standard Class,C0388
ORD-00153,2024-01-25,2024-01-30,Standard Class,C0031
ORD-00154,2022-07-05,2022-07-07,Second Class,C0066
ORD-00155,2023-09-29,2023-10-01,Standard Class,C0206
ORD-00156,2023-06-14,2023-06-16,Standard Class,C0101
ORD-00157,2022-01-21,2022-01-25,Standard Class,C0320
ORD-00158,2024-06-29,2024-07-02,Standard Class,C0031
ORD-00159,2024-05-16,2024-05-18,Standard Class,C0373
ORD-00160,2024-03-04,2024-03-06,Standard Class,C0191
ORD-00161,2022-04-10,2022-04-13,Standard Class,C0066
ORD-00162,2024-01-22,2024-01-24,Standard Class,C0415
ORD-00163,2023-04-23,2023-04-27,Second Class,C0303
ORD-00164,2024-07-28,2024-07-30,Standard Class,C0235
ORD-00165,2023-06-10,2023-06-14,Second Class,C0278
ORD-00166,2022-11-30,2022-12-02,Second Class,C0202
ORD-00167,2022-01-02,2022-01-05,Second Class,C0500
ORD-00168,2023-01-10,2023-01-12,Second Class,C0350
ORD-00169,2022-10-20,2022-10-24,Standard Class,C0225
ORD-00170,2024-04-16,2024-04-22,Standard Class,C0083
ORD-00171,2024-10-01,2024-10-07,Standard Class,C0046
ORD-00172,2023-07-07,2023-07-10,Same Day,C0089
ORD-00173,2022-11-14,2022-11-17,Standard Class,C0186
ORD-00174,2023-01-16,2023-01-21,Standard Class,C0375
ORD-00175,2022-01-14,2022-01-18,Standard Class,C0189
ORD-00176,2023-05-19,2023-05-21,Same Day,C0246
ORD-00177,2022-08-19,2022-08-24,Standard Class,C0046
ORD-00178,2022-05-10,2022-05-13,Standard Class,C0257
ORD-00179,2024-04-17,2024-04-19,Standard Class,C0352
ORD-00180,2024-06-09,2024-06-11,Same Day,C0409
ORD-00181,2022-01-28,2022-01-30,Standard Class,C0061
ORD-00182,2022-03-07,2022-03-10,Standard Class,C0105
ORD-00183,2022-09-18,2022-09-20,Second Class,C0337
ORD-00184,2023-04-05,2023-04-07,Standard Class,C0014
ORD-00185,2022-10-28,2022-10-30,First Class,C0301
ORD-00186,2024-07-07,2024-07-10,Standard Class,C0077
ORD-00187,2022-10-14,2022-10-18,Standard Class,C0230
ORD-00188,2024-10-30,2024-11-02,First Class,C0167
ORD-00189,2023-09-22,2023-09-23,Same Day,C0066
ORD-00190,2022-09-27,2022-09-29,Standard Class,C0032
ORD-00191,2023-08-15,2023-08-21,Standard Class,C0096
ORD-00192,2024-04-23,2024-04-26,First Class,C0058
ORD-00193,2024-05-11,2024-05-14,Standard Class,C0104
ORD-00194,2022-05-13,2022-05-14,First Class,C0312
ORD-00195,2024-08-29,2024-09-02,First Class,C0134
ORD-00196,2023-05-28,2023-05-31,Standard Class,C0217
ORD-00197,2022-11-09,2022-11-11,Same Day,C0067
ORD-00198,2023-07-30,2023-08-01,Standard Class,C0466
ORD-00199,2024-06-04,2024-06-07,Second Class,C0178
ORD-00200,2023-11-18,2023-11-23,Standard Class,C0374
ORD-00201,2022-06-14,2022-06-19,First Class,C0247
ORD-00202,2022-11-01,2022-11-05,Second Class,C0294
ORD-00203,2022-06-05,2022-06-09,Second Class,C0235
ORD-00204,2023-09-12,2023-09-14,First Class,C0131
ORD-00205,2024-08-14,2024-08-17,Standard Class,C0112
ORD-00206,2022-11-30,2022-12-04,Standard Class,C0389
ORD-00207,2024-08-26,2024-08-28,First Class,C0408
ORD-00208,2023-05-26,2023-05-31,Second Class,C0054
ORD-00209,2024-11-09,2024-11-11,First Class,C0290
ORD-00210,2022-10-09,2022-10-12,First Class,C0239
ORD-00211,2024-03-07,2024-03-11,Standard Class,C0240
ORD-00212,2024-10-21,2024-10-25,Standard Class,C0295
ORD-00213,2022-04-29,2022-05-03,Standard Class,C0112
ORD-00214,2024-11-24,2024-11-26,Second Class,C0088
ORD-00215,2022-07-17,2022-07-22,Standard Class,C0228
ORD-00216,2023-04-30,2023-05-03,Second Class,C0476
ORD-00217,2024-12-18,2024-12-21,Standard Class,C0304
ORD-00218,2024-04-16,2024-04-23,Standard Class,C0305
ORD-00219,2024-10-05,2024-10-09,Standard Class,C0290
ORD-00220,2023-11-22,2023-11-24,Standard Class,C0208
ORD-00221,2024-11-01,2024-11-05,Second Class,C0356
ORD-00222,2023-05-05,2023-05-07,Standard Class,C0391
ORD-00223,2022-10-03,2022-10-04,Standard Class,C0274
ORD-00224,2023-11-24,2023-11-27,Standard Class,C0070
ORD-00225,2022-08-30,2022-09-06,Second Class,C0370
ORD-00226,2022-05-06,2022-05-08,First Class,C0220
ORD-00227,2022-08-05,2022-08-09,Standard Class,C0231
ORD-00228,2024-11-28,2024-11-30,Second Class,C0290
ORD-00229,2023-05-10,2023-05-14,Standard Class,C0307
ORD-00230,2023-03-03,2023-03-06,Standard Class,C0361
ORD-00231,2024-07-07,2024-07-11,Second Class,C0349
ORD-00232,2022-05-31,2022-06-02,Standard Class,C0255
ORD-00233,2023-01-19,2023-01-23,Second Class,C0452
ORD-00234,2022-11-04,2022-11-11,Standard Class,C0142
ORD-00235,2024-01-16,2024-01-20,Same Day,C0069
ORD-00236,2024-06-10,2024-06-13,Standard Class,C0089
ORD-00237,2023-01-10,2023-01-16,Standard Class,C0359
ORD-00238,2024-10-28,2024-10-29,First Class,C0136
ORD-00239,2022-05-09,2022-05-13,Standard Class,C0143
ORD-00240,2024-10-11,2024-10-16,Standard Class,C0339
ORD-00241,2023-10-31,2023-11-02,Standard Class,C0187
ORD-00242,2023-06-01,2023-06-04,Standard Class,C0011
ORD-00243,2022-03-27,2022-03-29,Standard Class,C0148
ORD-00244,2022-11-07,2022-11-10,Standard Class,C0439
ORD-00245,2023-03-03,2023-03-07,Second Class,C0292
ORD-00246,2022-04-24,2022-04-27,Standard Class,C0338
ORD-00247,2022-10-30,2022-11-02,Second Class,C0398
ORD-00248,2024-01-14,2024-01-16,Standard Class,C0442
ORD-00249,2023-08-11,2023-08-14,Standard Class,C0038
ORD-00250,2024-09-13,2024-09-15,Standard Class,C0345
ORD-00251,2022-12-11,2022-12-16,Standard Class,C0208
ORD-00252,2024-03-24,2024-03-25,Standard Class,C0210
ORD-00253,2024-03-11,2024-03-16,Standard Class,C0001
ORD-00254,2024-10-21,2024-10-24,Standard Class,C0360
ORD-00255,2024-12-12,2024-12-15,Standard Class,C0065
ORD-00256,2024-12-28,2025-01-01,Standard Class,C0001
ORD-00257,2022-12-27,2022-12-30,Standard Class,C0243
ORD-00258,2024-10-06,2024-10-09,Second Class,C0469
ORD-00259,2023-12-05,2023-12-07,Standard Class,C0381
ORD-00260,2023-07-29,2023-08-01,Standard Class,C0316
ORD-00261,2023-11-19,2023-11-21,Standard Class,C0025
ORD-00262,2024-02-20,2024-02-21,Standard Class,C0347
ORD-00263,2023-08-08,2023-08-11,Standard Class,C0394
ORD-00264,2023-08-12,2023-08-14,First Class,C0050
ORD-00265,2023-05-04,2023-05-06,Second Class,C0396
ORD-00266,2024-08-28,2024-08-30,Second Class,C0348
ORD-00267,2023-05-09,2023-05-11,First Class,C0241
ORD-00268,2022-01-19,2022-01-21,Standard Class,C0032
ORD-00269,2023-02-01,2023-02-08,Standard Class,C0033
ORD-00270,2024-09-27,2024-09-28,Second Class,C0200
ORD-00271,2024-04-30,2024-05-04,Standard Class,C0234
ORD-00272,2024-04-01,2024-04-03,Standard Class,C0026
ORD-00273,2023-03-31,2023-04-06,Second Class,C0042
ORD-00274,2023-12-26,2023-12-28,Second Class,C0434
ORD-00275,2024-12-24,2024-12-30,Standard Class,C0061
ORD-00276,2023-12-12,2023-12-16,Standard Class,C0041
ORD-00277,2022-05-23,2022-05-24,Second Class,C0441
ORD-00278,2024-07-05,2024-07-10,First Class,C0130
ORD-00279,2024-04-07,2024-04-10,Second Class,C0355
ORD-00280,2023-08-28,2023-08-30,Same Day,C0354
ORD-00281,2022-11-01,2022-11-05,Standard Class,C0198
ORD-00282,2024-01-06,2024-01-12,Standard Class,C0287
ORD-00283,2022-10-18,2022-10-21,Standard Class,C0151
ORD-00284,2022-04-12,2022-04-15,Standard Class,C0204
ORD-00285,2024-05-16,2024-05-20,First Class,C0182
ORD-00286,2024-08-25,2024-08-29,Same Day,C0371
ORD-00287,2024-08-31,2024-09-05,Standard Class,C0412
ORD-00288,2024-04-21,2024-04-25,Standard Class,C0207
ORD-00289,2024-08-19,2024-08-21,Standard Class,C0147
ORD-00290,2024-07-30,2024-08-05,First Class,C0204
ORD-00291,2024-10-23,2024-10-25,Standard Class,C0498
ORD-00292,2022-03-26,2022-03-28,Standard Class,C0048
ORD-00293,2022-11-24,2022-11-27,Standard Class,C0258
ORD-00294,2024-03-26,2024-03-29,Standard Class,C0139
ORD-00295,2023-03-30,2023-03-31,First Class,C0172
ORD-00296,2023-09-21,2023-09-25,Standard Class,C0101
ORD-00297,2023-10-27,2023-10-30,Standard Class,C0187
ORD-00298,2022-01-12,2022-01-15,Standard Class,C0384
ORD-00299,2022-10-31,2022-11-05,Standard Class,C0315
ORD-00300,2024-09-01,2024-09-04,Second Class,C0376
ORD-00301,2024-02-22,2024-02-23,Standard Class,C0294
ORD-00302,2022-02-12,2022-02-14,Standard Class,C0409
ORD-00303,2024-08-01,2024-08-07,First Class,C0363
ORD-00304,2022-12-09,2022-12-11,Standard Class,C0021
ORD-00305,2023-05-13,2023-05-16,Second Class,C0298
ORD-00306,2022-12-30,2023-01-02,Standard Class,C0420
ORD-00307,2024-06-09,2024-06-12,Standard Class,C0393
ORD-00308,2023-03-03,2023-03-04,Second Class,C0396
ORD-00309,2024-10-01,2024-10-04,First Class,C0010
ORD-00310,2022-01-21,2022-01-24,Standard Class,C0187
ORD-00311,2023-02-11,2023-02-18,Standard Class,C0494
ORD-00312,2023-09-11,2023-09-13,Standard Class,C0133
ORD-00313,2024-10-11,2024-10-14,Standard Class,C0033
ORD-00314,2022-12-02,2022-12-05,Standard Class,C0069
ORD-00315,2023-02-03,2023-02-06,Second Class,C0080
ORD-00316,2024-03-03,2024-03-07,Standard Class,C0191
ORD-00317,2023-12-16,2023-12-18,Standard Class,C0101
ORD-00318,2022-02-20,2022-02-22,Standard Class,C0485
ORD-00319,2022-11-20,2022-11-24,Standard Class,C0285
ORD-00320,2024-02-28,2024-03-02,Second Class,C0402
ORD-00321,2022-05-21,2022-05-24,Standard Class,C0221
ORD-00322,2023-04-15,2023-04-17,Standard Class,C0390
ORD-00323,2024-02-26,2024-02-28,Same Day,C0053
ORD-00324,2024-08-21,2024-08-22,Standard Class,C0466
ORD-00325,2024-10-04,2024-10-06,Standard Class,C0160
ORD-00326,2023-01-08,2023-01-11,Standard Class,C0380
ORD-00327,2023-05-09,2023-05-14,Same Day,C0042
ORD-00328,2024-01-21,2024-01-23,Same Day,C0047
ORD-00329,2022-10-18,2022-10-21,Standard Class,C0159
ORD-00330,2022-04-16,2022-04-18,Standard Class,C0446
ORD-00331,2023-11-01,2023-11-04,First Class,C0184
ORD-00332,2022-01-02,2022-01-03,Standard Class,C0246
ORD-00333,2023-08-12,2023-08-18,Standard Class,C0011
ORD-00334,2023-10-06,2023-10-10,First Class,C0154
ORD-00335,2022-03-31,2022-04-07,Standard Class,C0220
ORD-00336,2022-12-16,2022-12-21,Standard Class,C0155
ORD-00337,2024-11-28,2024-12-01,First Class,C0339
ORD-00338,2024-06-27,2024-06-30,Standard Class,C0441
ORD-00339,2022-06-08,2022-06-10,Standard Class,C0365
ORD-00340,2024-08-16,2024-08-19,Standard Class,C0283
ORD-00341,2022-11-08,2022-11-14,Standard Class,C0187
ORD-00342,2023-03-21,2023-03-23,Standard Class,C0062
ORD-00343,2022-10-25,2022-10-30,Standard Class,C0148
ORD-00344,2024-08-09,2024-08-12,Second Class,C0387
ORD-00345,2022-02-05,2022-02-10,First Class,C0144
ORD-00346,2023-07-13,2023-07-19,Standard Class,C0103
ORD-00347,2024-06-09,2024-06-13,Second Class,C0300
ORD-00348,2022-05-21,2022-05-25,Second Class,C0093
ORD-00349,2024-06-05,2024-06-08,Second Class,C0463
ORD-00350,2023-12-27,2024-01-01,Standard Class,C0286
ORD-00351,2024-11-15,2024-11-21,First Class,C0424
ORD-00352,2023-06-05,2023-06-09,Standard Class,C0119
ORD-00353,2022-01-10,2022-01-14,Standard Class,C0497
ORD-00354,2024-09-10,2024-09-14,Standard Class,C0449
ORD-00355,2023-01-13,2023-01-18,Second Class,C0029
ORD-00356,2023-11-13,2023-11-16,Standard Class,C0030
ORD-00357,2023-08-07,2023-08-12,Standard Class,C0360
ORD-00358,2022-06-01,2022-06-04,Second Class,C0366
ORD-00359,2023-12-21,2023-12-23,First Class,C0288
ORD-00360,2024-12-08,2024-12-11,Second Class,C0138
ORD-00361,2024-05-08,2024-05-11,Standard Class,C0475
ORD-00362,2022-02-19,2022-02-21,Standard Class,C0051
ORD-00363,2023-10-26,2023-10-28,Second Class,C0392
ORD-00364,2023-06-15,2023-06-18,Standard Class,C0435
ORD-00365,2024-12-19,2024-12-21,Second Class,C0292
ORD-00366,2024-05-06,2024-05-09,Standard Class,C0234
ORD-00367,2022-05-26,2022-05-30,First Class,C0055
ORD-00368,2024-07-03,2024-07-09,Standard Class,C0419
ORD-00369,2024-09-19,2024-09-23,Standard Class,C0292
ORD-00370,2022-08-30,2022-09-06,First Class,C0240
ORD-00371,2023-08-04,2023-08-08,Standard Class,C0312
ORD-00372,2023-11-18,2023-11-20,Standard Class,C0036
ORD-00373,2023-04-28,2023-05-02,First Class,C0089
ORD-00374,2023-11-04,2023-11-08,Standard Class,C0212
ORD-00375,2023-09-23,2023-09-26,Standard Class,C0445
ORD-00376,2023-10-23,2023-10-24,Standard Class,C0318
ORD-00377,2023-10-24,2023-10-28,Standard Class,C0500
ORD-00378,2024-03-15,2024-03-16,Standard Class,C0365
ORD-00379,2023-02-23,2023-02-27,Second Class,C0245
ORD-00380,2024-09-14,2024-09-16,Second Class,C0465
ORD-00381,2023-10-12,2023-10-15,Standard Class,C0087
ORD-00382,2024-08-26,2024-08-29,Standard Class,C0409
ORD-00383,2023-08-13,2023-08-14,First Class,C0240
ORD-00384,2023-05-24,2023-05-27,Same Day,C0320
ORD-00385,2023-03-17,2023-03-21,Standard Class,C0188
ORD-00386,2024-07-09,2024-07-14,First Class,C0057
ORD-00387,2024-02-09,2024-02-14,Second Class,C0113
ORD-00388,2022-09-20,2022-09-23,Standard Class,C0223
ORD-00389,2023-09-29,2023-10-03,Standard Class,C0070
ORD-00390,2023-04-04,2023-04-07,Standard Class,C0227
ORD-00391,2024-09-25,2024-09-28,First Class,C0256
ORD-00392,2023-12-01,2023-12-03,Second Class,C0180
ORD-00393,2022-10-29,2022-11-01,Second Class,C0184
ORD-00394,2023-07-08,2023-07-11,Standard Class,C0191
ORD-00395,2022-10-15,2022-10-17,Second Class,C0452
ORD-00396,2023-09-13,2023-09-17,Second Class,C0232
ORD-00397,2024-10-02,2024-10-06,First Class,C0276
ORD-00398,2022-02-05,2022-02-08,Standard Class,C0233
ORD-00399,2024-01-14,2024-01-16,Second Class,C0054
ORD-00400,2022-12-19,2022-12-22,Standard Class,C0257
ORD-00401,2022-03-14,2022-03-17,Second Class,C0493
ORD-00402,2023-10-10,2023-10-14,Second Class,C0090
ORD-00403,2024-12-29,2025-01-01,Standard Class,C0226
ORD-00404,2023-03-01,2023-03-05,Second Class,C0247
ORD-00405,2024-09-25,2024-09-30,Standard Class,C0394
ORD-00406,2023-12-09,2023-12-11,First Class,C0151
ORD-00407,2023-07-15,2023-07-22,Standard Class,C0435
ORD-00408,2024-04-07,2024-04-10,Second Class,C0113
ORD-00409,2024-08-13,2024-08-15,First Class,C0408
ORD-00410,2023-06-01,2023-06-04,Standard Class,C0269
ORD-00411,2023-03-04,2023-03-06,Standard Class,C0157
ORD-00412,2022-06-09,2022-06-11,Standard Class,C0442
ORD-00413,2022-05-29,2022-06-01,Standard Class,C0366
ORD-00414,2024-02-15,2024-02-19,Standard Class,C0347
ORD-00415,2022-03-08,2022-03-14,Second Class,C0351
ORD-00416,2024-10-10,2024-10-14,First Class,C0299
ORD-00417,2023-01-16,2023-01-18,First Class,C0394
ORD-00418,2022-02-27,2022-03-03,Standard Class,C0159
ORD-00419,2022-12-08,2022-12-12,Second Class,C0487
ORD-00420,2023-12-28,2024-01-02,First Class,C0330
ORD-00421,2024-02-09,2024-02-14,Standard Class,C0472
ORD-00422,2023-09-06,2023-09-11,Standard Class,C0225
ORD-00423,2022-12-20,2022-12-23,Standard Class,C0014
ORD-00424,2022-04-26,2022-04-30,First Class,C0355
ORD-00425,2023-10-24,2023-10-26,Standard Class,C0109
ORD-00426,2023-03-29,2023-04-05,Second Class,C0418
ORD-00427,2022-10-14,2022-10-16,Standard Class,C0401
ORD-00428,2024-10-13,2024-10-14,Same Day,C0405
ORD-00429,2022-11-07,2022-11-09,Standard Class,C0096
ORD-00430,2022-07-27,2022-07-31,Second Class,C0195
ORD-00431,2023-09-10,2023-09-13,Standard Class,C0058
ORD-00432,2023-03-22,2023-03-25,Standard Class,C0463
ORD-00433,2023-11-01,2023-11-07,Second Class,C0392
ORD-00434,2023-09-25,2023-10-01,Same Day,C0352
ORD-00435,2022-02-24,2022-02-27,Standard Class,C0294
ORD-00436,2024-06-30,2024-07-02,Standard Class,C0154
ORD-00437,2024-11-01,2024-11-06,Standard Class,C0064
ORD-00438,2023-10-19,2023-10-25,Standard Class,C0158
ORD-00439,2024-09-06,2024-09-09,Standard Class,C0265
ORD-00440,2023-05-30,2023-06-03,Second Class,C0121
ORD-00441,2022-08-25,2022-08-27,First Class,C0288
ORD-00442,2022-12-14,2022-12-19,Standard Class,C0011
ORD-00443,2023-09-19,2023-09-23,Standard Class,C0214
ORD-00444,2023-09-22,2023-09-25,Standard Class,C0162
ORD-00445,2022-12-30,2023-01-01,Standard Class,C0105
ORD-00446,2022-11-17,2022-11-23,Standard Class,C0402
ORD-00447,2022-10-13,2022-10-17,Standard Class,C0147
ORD-00448,2022-05-29,2022-05-31,Standard Class,C0182
ORD-00449,2023-02-10,2023-02-14,Standard Class,C0338
ORD-00450,2024-09-04,2024-09-08,Standard Class,C0037
ORD-00451,2023-04-01,2023-04-04,Standard Class,C0082
ORD-00452,2024-03-10,2024-03-14,Standard Class,C0012
ORD-00453,2024-10-09,2024-10-12,First Class,C0004
ORD-00454,2024-02-23,2024-02-29,Second Class,C0495
ORD-00455,2023-04-05,2023-04-07,First Class,C0043
ORD-00456,2024-01-08,2024-01-10,Standard Class,C0411
ORD-00457,2023-05-24,2023-05-26,Standard Class,C0051
ORD-00458,2023-04-26,2023-04-30,Standard Class,C0261
ORD-00459,2022-04-24,2022-04-28,Standard Class,C0134
ORD-00460,2024-01-19,2024-01-24,Second Class,C0461
ORD-00461,2022-12-27,2022-12-31,Standard Class,C0087
ORD-00462,2022-12-07,2022-12-10,Standard Class,C0362
ORD-00463,2024-02-09,2024-02-16,Standard Class,C0056
ORD-00464,2024-01-31,2024-02-02,Standard Class,C0217
ORD-00465,2024-08-26,2024-08-31,Same Day,C0366
ORD-00466,2023-03-25,2023-03-28,Standard Class,C0068
ORD-00467,2024-04-14,2024-04-18,Second Class,C0500
ORD-00468,2022-11-07,2022-11-11,Standard Class,C0352
ORD-00469,2022-09-19,2022-09-23,Same Day,C0044
ORD-00470,2023-02-10,2023-02-12,Standard Class,C0143
ORD-00471,2022-05-23,2022-05-26,Second Class,C0346
ORD-00472,2022-12-08,2022-12-11,Standard Class,C0042
ORD-00473,2022-09-01,2022-09-06,Second Class,C0139
ORD-00474,2023-05-05,2023-05-08,Standard Class,C0073
ORD-00475,2022-01-12,2022-01-18,Standard Class,C0267
ORD-00476,2023-07-15,2023-07-18,First Class,C0194
ORD-00477,2022-02-11,2022-02-14,Same Day,C0493
ORD-00478,2023-11-09,2023-11-13,Standard Class,C0155
ORD-00479,2023-08-17,2023-08-20,First Class,C0246
ORD-00480,2022-05-14,2022-05-20,Standard Class,C0314
ORD-00481,2024-12-26,2024-12-30,First Class,C0218
ORD-00482,2024-10-27,2024-10-30,Second Class,C0456
ORD-00483,2024-08-05,2024-08-06,Standard Class,C0384
ORD-00484,2022-03-14,2022-03-17,First Class,C0253
ORD-00485,2023-02-03,2023-02-05,First Class,C0277
ORD-00486,2023-08-01,2023-08-05,Standard Class,C0277
ORD-00487,2024-05-08,2024-05-10,Second Class,C0072
ORD-00488,2022-05-10,2022-05-12,Standard Class,C0129
ORD-00489,2024-07-19,2024-07-21,First Class,C0358
ORD-00490,2022-09-23,2022-09-25,Second Class,C0186
ORD-00491,2024-03-03,2024-03-06,Standard Class,C0013
ORD-00492,2022-09-10,2022-09-15,Second Class,C0329
ORD-00493,2024-04-01,2024-04-05,Standard Class,C0220
ORD-00494,2022-06-13,2022-06-17,Standard Class,C0006
ORD-00495,2022-04-05,2022-04-09,Standard Class,C0239
ORD-00496,2024-04-12,2024-04-14,Standard Class,C0471
ORD-00497,2022-12-02,2022-12-07,Second Class,C0112
ORD-00498,2024-04-01,2024-04-03,Standard Class,C0228
ORD-00499,2022-08-26,2022-08-29,Standard Class,C0442
ORD-00500,2023-01-16,2023-01-19,Second Class,C0017
ORD-00501,2024-06-17,2024-06-19,Standard Class,C0073
ORD-00502,2023-04-28,2023-05-02,Standard Class,C0012
ORD-00503,2024-06-20,2024-06-23,Standard Class,C0086
ORD-00504,2024-11-14,2024-11-18,Second Class,C0499
ORD-00505,2023-04-27,2023-04-30,Standard Class,C0180
ORD-00506,2024-07-05,2024-07-07,Standard Class,C0122
ORD-00507,2024-09-20,2024-09-24,Standard Class,C0204
ORD-00508,2024-08-21,2024-08-23,First Class,C0070
ORD-00509,2023-06-21,2023-06-24,Standard Class,C0108
ORD-00510,2024-11-01,2024-11-03,Same Day,C0201
ORD-00511,2022-05-08,2022-05-12,Second Class,C0052
ORD-00512,2022-04-02,2022-04-06,First Class,C0037
ORD-00513,2023-06-27,2023-06-30,Standard Class,C0117
ORD-00514,2024-04-25,2024-05-01,Standard Class,C0259
ORD-00515,2024-09-15,2024-09-20,First Class,C0482
ORD-00516,2023-03-23,2023-03-27,Standard Class,C0264
ORD-00517,2023-01-25,2023-01-29,Standard Class,C0394
ORD-00518,2023-11-03,2023-11-05,Standard Class,C0303
ORD-00519,2022-02-12,2022-02-16,Same Day,C0425
ORD-00520,2022-09-11,2022-09-13,Second Class,C0064
ORD-00521,2024-12-19,2024-12-21,Standard Class,C0042
ORD-00522,2023-10-25,2023-11-01,Second Class,C0043
ORD-00523,2023-04-12,2023-04-16,Standard Class,C0125
ORD-00524,2022-10-14,2022-10-17,Second Class,C0393
ORD-00525,2024-10-07,2024-10-09,Standard Class,C0270
ORD-00526,2024-02-17,2024-02-21,First Class,C0485
ORD-00527,2022-12-11,2022-12-12,Standard Class,C0347
ORD-00528,2023-10-04,2023-10-06,Standard Class,C0233
ORD-00529,2023-01-17,2023-01-18,Standard Class,C0480
ORD-00530,2023-11-21,2023-11-24,Standard Class,C0132
ORD-00531,2024-12-15,2024-12-19,Second Class,C0002
ORD-00532,2023-04-02,2023-04-04,Standard Class,C0115
ORD-00533,2024-09-09,2024-09-13,Standard Class,C0481
ORD-00534,2022-03-24,2022-03-26,Standard Class,C0469
ORD-00535,2022-05-29,2022-06-02,Standard Class,C0001
ORD-00536,2022-07-09,2022-07-16,Standard Class,C0492
ORD-00537,2024-06-01,2024-06-05,Standard Class,C0331
ORD-00538,2022-09-20,2022-09-25,Standard Class,C0065
ORD-00539,2023-02-04,2023-02-10,Standard Class,C0430
ORD-00540,2024-02-03,2024-02-06,Standard Class,C0443
ORD-00541,2023-09-01,2023-09-05,First Class,C0459
ORD-00542,2024-02-24,2024-02-29,Second Class,C0125
ORD-00543,2022-04-11,2022-04-14,Standard Class,C0256
ORD-00544,2024-03-30,2024-04-01,Second Class,C0391
ORD-00545,2024-03-30,2024-04-05,First Class,C0322
ORD-00546,2023-02-24,2023-02-28,Standard Class,C0143
ORD-00547,2022-05-04,2022-05-06,First Class,C0328
ORD-00548,2023-02-26,2023-03-01,Standard Class,C0246
ORD-00549,2024-12-22,2024-12-26,First Class,C0116
ORD-00550,2024-02-07,2024-02-10,Standard Class,C0377
ORD-00551,2023-04-28,2023-05-02,Standard Class,C0303
ORD-00552,2023-06-03,2023-06-07,Standard Class,C0090
ORD-00553,2022-06-04,2022-06-08,Same Day,C0296
ORD-00554,2022-04-02,2022-04-05,Second Class,C0042
ORD-00555,2024-09-08,2024-09-12,Standard Class,C0435
ORD-00556,2023-03-31,2023-04-04,Standard Class,C0035
ORD-00557,2023-08-21,2023-08-25,Standard Class,C0500
ORD-00558,2023-05-25,2023-05-28,Standard Class,C0494
ORD-00559,2023-01-21,2023-01-24,Standard Class,C0489
ORD-00560,2023-02-09,2023-02-16,Standard Class,C0041
ORD-00561,2022-09-03,2022-09-05,First Class,C0341
ORD-00562,2024-01-12,2024-01-14,Second Class,C0124
ORD-00563,2023-10-23,2023-10-26,Standard Class,C0057
ORD-00564,2023-10-12,2023-10-17,Standard Class,C0294
ORD-00565,2024-06-19,2024-06-21,First Class,C0456
ORD-00566,2022-03-06,2022-03-08,Second Class,C0235
ORD-00567,2024-11-02,2024-11-04,Second Class,C0096
ORD-00568,2022-08-01,2022-08-05,Same Day,C0392
ORD-00569,2022-08-30,2022-09-01,Second Class,C0492
ORD-00570,2023-05-08,2023-05-11,Standard Class,C0458
ORD-00571,2022-12-04,2022-12-07,Standard Class,C0319
ORD-00572,2022-06-22,2022-06-27,Same Day,C0343
ORD-00573,2023-11-03,2023-11-06,Standard Class,C0132
ORD-00574,2022-06-13,2022-06-15,Standard Class,C0176
ORD-00575,2023-04-10,2023-04-13,Standard Class,C0052
ORD-00576,2024-09-21,2024-09-27,Second Class,C0038
ORD-00577,2023-05-12,2023-05-16,Same Day,C0478
ORD-00578,2023-12-01,2023-12-08,Standard Class,C0489
ORD-00579,2023-01-30,2023-02-04,Standard Class,C0343
ORD-00580,2023-12-04,2023-12-05,First Class,C0005
ORD-00581,2022-11-04,2022-11-08,Standard Class,C0213
ORD-00582,2022-07-02,2022-07-04,Standard Class,C0120
ORD-00583,2023-09-21,2023-09-24,First Class,C0326
ORD-00584,2023-05-25,2023-05-27,Standard Class,C0369
ORD-00585,2023-06-30,2023-07-03,Standard Class,C0209
ORD-00586,2023-09-16,2023-09-22,Second Class,C0217
ORD-00587,2023-08-17,2023-08-19,Standard Class,C0024
ORD-00588,2024-01-14,2024-01-19,First Class,C0342
ORD-00589,2023-07-08,2023-07-09,Standard Class,C0205
ORD-00590,2022-01-21,2022-01-23,Standard Class,C0401
ORD-00591,2023-07-08,2023-07-13,Standard Class,C0462
ORD-00592,2023-02-01,2023-02-05,Standard Class,C0226
ORD-00593,2023-09-17,2023-09-21,First Class,C0218
ORD-00594,2022-04-15,2022-04-17,Second Class,C0211
ORD-00595,2022-07-11,2022-07-14,First Class,C0026
ORD-00596,2022-01-17,2022-01-21,Standard Class,C0252
ORD-00597,2023-01-28,2023-02-01,Second Class,C0003
ORD-00598,2023-03-01,2023-03-04,Standard Class,C0002
ORD-00599,2022-05-09,2022-05-15,First Class,C0092
ORD-00600,2023-07-26,2023-07-30,Second Class,C0002
ORD-00601,2022-01-29,2022-02-04,Standard Class,C0150
ORD-00602,2024-10-30,2024-11-03,Standard Class,C0071
ORD-00603,2022-08-30,2022-09-03,Standard Class,C0004
ORD-00604,2022-08-20,2022-08-22,Standard Class,C0497
ORD-00605,2024-02-28,2024-03-02,Same Day,C0038
ORD-00606,2023-12-16,2023-12-21,Standard Class,C0359
ORD-00607,2024-01-29,2024-01-31,Standard Class,C0468
ORD-00608,2024-03-12,2024-03-14,Standard Class,C0070
ORD-00609,2024-02-15,2024-02-18,Second Class,C0201
ORD-00610,2023-12-27,2023-12-29,Standard Class,C0308
ORD-00611,2022-07-19,2022-07-25,Standard Class,C0252
ORD-00612,2024-08-02,2024-08-07,Standard Class,C0287
ORD-00613,2022-03-20,2022-03-23,Second Class,C0410
ORD-00614,2024-08-13,2024-08-15,Standard Class,C0292
ORD-00615,2024-05-05,2024-05-09,Second Class,C0154
ORD-00616,2023-04-12,2023-04-16,Standard Class,C0412
ORD-00617,2023-08-04,2023-08-11,Standard Class,C0133
ORD-00618,2024-07-28,2024-07-31,Standard Class,C0371
ORD-00619,2023-03-25,2023-03-28,Standard Class,C0074
ORD-00620,2022-03-28,2022-03-31,Standard Class,C0274
ORD-00621,2022-04-11,2022-04-18,Standard Class,C0271
ORD-00622,2024-10-28,2024-11-01,Second Class,C0185
ORD-00623,2024-04-24,2024-04-28,Standard Class,C0353
ORD-00624,2022-03-28,2022-03-30,Standard Class,C0005
ORD-00625,2022-02-12,2022-02-16,First Class,C0293
ORD-00626,2023-02-12,2023-02-16,Standard Class,C0360
ORD-00627,2023-10-26,2023-10-29,Second Class,C0086
ORD-00628,2024-11-06,2024-11-09,First Class,C0214
ORD-00629,2022-05-28,2022-05-30,Standard Class,C0406
ORD-00630,2022-10-04,2022-10-06,Second Class,C0436
ORD-00631,2022-08-20,2022-08-21,Standard Class,C0015
ORD-00632,2023-01-01,2023-01-03,Standard Class,C0273
ORD-00633,2023-03-12,2023-03-15,Standard Class,C0051
ORD-00634,2023-02-03,2023-02-04,Standard Class,C0253
ORD-00635,2023-05-14,2023-05-16,Standard Class,C0045
ORD-00636,2023-06-24,2023-06-29,Standard Class,C0191
ORD-00637,2023-07-17,2023-07-20,Standard Class,C0122
ORD-00638,2023-03-18,2023-03-22,Standard Class,C0412
ORD-00639,2024-02-12,2024-02-15,Standard Class,C0187
ORD-00640,2022-12-16,2022-12-20,Standard Class,C0214
ORD-00641,2023-06-04,2023-06-06,Standard Class,C0149
ORD-00642,2022-05-18,2022-05-23,Standard Class,C0170
ORD-00643,2024-09-18,2024-09-20,Standard Class,C0209
ORD-00644,2023-01-03,2023-01-07,Standard Class,C0453
ORD-00645,2022-12-26,2022-12-29,First Class,C0082
ORD-00646,2024-07-09,2024-07-13,First Class,C0401
ORD-00647,2022-11-25,2022-11-28,Standard Class,C0196
ORD-00648,2024-08-19,2024-08-22,Second Class,C0246
ORD-00649,2023-04-08,2023-04-10,Standard Class,C0391
ORD-00650,2024-08-03,2024-08-07,Standard Class,C0345
ORD-00651,2024-08-20,2024-08-27,First Class,C0357
ORD-00652,2024-04-15,2024-04-20,Standard Class,C0040
ORD-00653,2022-06-18,2022-06-20,First Class,C0168
ORD-00654,2022-08-05,2022-08-08,Standard Class,C0043
ORD-00655,2023-01-13,2023-01-19,Standard Class,C0329
ORD-00656,2022-04-29,2022-05-02,Standard Class,C0211
ORD-00657,2022-07-09,2022-07-13,Standard Class,C0179
ORD-00658,2024-02-06,2024-02-12,Standard Class,C0457
ORD-00659,2023-01-05,2023-01-10,Standard Class,C0023
ORD-00660,2022-05-29,2022-06-01,Second Class,C0095
ORD-00661,2023-10-14,2023-10-17,Standard Class,C0160
ORD-00662,2024-02-09,2024-02-12,Standard Class,C0244
ORD-00663,2023-01-09,2023-01-13,Standard Class,C0415
ORD-00664,2024-02-20,2024-02-22,First Class,C0017
ORD-00665,2022-06-09,2022-06-11,Standard Class,C0112
ORD-00666,2022-12-17,2022-12-20,Standard Class,C0103
ORD-00667,2024-06-10,2024-06-12,Same Day,C0314
ORD-00668,2023-06-07,2023-06-11,Standard Class,C0086
ORD-00669,2023-06-06,2023-06-10,Standard Class,C0035
ORD-00670,2024-02-22,2024-02-25,First Class,C0030
ORD-00671,2022-09-30,2022-10-03,Second Class,C0192
ORD-00672,2024-07-24,2024-07-30,Standard Class,C0437
ORD-00673,2022-07-02,2022-07-03,Standard Class,C0179
ORD-00674,2023-05-03,2023-05-07,Second Class,C0104
ORD-00675,2024-04-25,2024-05-01,Standard Class,C0165
ORD-00676,2022-05-04,2022-05-07,First Class,C0474
ORD-00677,2024-09-11,2024-09-14,Standard Class,C0122
ORD-00678,2024-02-29,2024-03-06,Standard Class,C0134
ORD-00679,2023-02-18,2023-02-20,Standard Class,C0290
ORD-00680,2023-11-17,2023-11-20,Second Class,C0312
ORD-00681,2022-04-23,2022-04-26,First Class,C0224
ORD-00682,2024-06-06,2024-06-08,Second Class,C0025
ORD-00683,2022-05-02,2022-05-07,First Class,C0371
ORD-00684,2022-02-08,2022-02-13,Standard Class,C0013
ORD-00685,2023-05-12,2023-05-16,Standard Class,C0319
ORD-00686,2024-02-19,2024-02-21,First Class,C0230
ORD-00687,2024-07-31,2024-08-02,First Class,C0102
ORD-00688,2022-05-29,2022-06-02,First Class,C0450
ORD-00689,2024-10-18,2024-10-20,Second Class,C0378
ORD-00690,2023-10-23,2023-10-27,Standard Class,C0376
ORD-00691,2022-10-29,2022-11-01,Standard Class,C0389
ORD-00692,2022-08-26,2022-08-30,First Class,C0203
ORD-00693,2023-10-09,2023-10-12,Standard Class,C0267
ORD-00694,2023-10-25,2023-10-28,Standard Class,C0472
ORD-00695,2022-08-24,2022-08-26,Second Class,C0462
ORD-00696,2022-07-22,2022-07-25,Standard Class,C0365
ORD-00697,2022-09-13,2022-09-16,First Class,C0222
ORD-00698,2023-08-21,2023-08-25,Standard Class,C0104
ORD-00699,2023-10-24,2023-10-28,Second Class,C0111
ORD-00700,2022-08-23,2022-08-27,Second Class,C0428
ORD-00701,2023-06-18,2023-06-25,Standard Class,C0483
ORD-00702,2024-05-09,2024-05-11,Standard Class,C0469
ORD-00703,2024-02-09,2024-02-11,Standard Class,C0069
ORD-00704,2023-06-25,2023-06-28,Standard Class,C0358
ORD-00705,2022-08-01,2022-08-05,Standard Class,C0258
ORD-00706,2023-04-08,2023-04-11,Standard Class,C0168
ORD-00707,2023-03-12,2023-03-17,Standard Class,C0293
ORD-00708,2022-10-10,2022-10-13,Standard Class,C0374
ORD-00709,2022-03-29,2022-04-04,Standard Class,C0049
ORD-00710,2024-12-03,2024-12-09,Second Class,C0250
ORD-00711,2023-04-06,2023-04-08,Standard Class,C0482
ORD-00712,2022-10-05,2022-10-08,First Class,C0331
ORD-00713,2023-02-25,2023-03-01,Second Class,C0420
ORD-00714,2023-11-27,2023-11-29,Second Class,C0075
ORD-00715,2023-05-30,2023-06-02,First Class,C0201
ORD-00716,2023-12-04,2023-12-08,Standard Class,C0454
ORD-00717,2022-01-19,2022-01-21,First Class,C0034
ORD-00718,2022-01-23,2022-01-27,Standard Class,C0314
ORD-00719,2023-02-17,2023-02-21,First Class,C0111
ORD-00720,2024-11-19,2024-11-21,First Class,C0421
ORD-00721,2022-04-18,2022-04-21,Standard Class,C0352
ORD-00722,2022-05-16,2022-05-18,Standard Class,C0316
ORD-00723,2022-12-28,2023-01-01,Standard Class,C0396
ORD-00724,2022-05-09,2022-05-11,Second Class,C0237
ORD-00725,2023-05-30,2023-06-04,Standard Class,C0032
ORD-00726,2023-03-25,2023-03-28,Standard Class,C0209
ORD-00727,2024-05-23,2024-05-25,Standard Class,C0132
ORD-00728,2023-04-18,2023-04-21,Standard Class,C0106
ORD-00729,2024-10-30,2024-11-02,Same Day,C0033
ORD-00730,2022-10-29,2022-11-01,Second Class,C0043
ORD-00731,2022-08-19,2022-08-22,Standard Class,C0368
ORD-00732,2024-07-11,2024-07-14,Standard Class,C0107
ORD-00733,2024-12-25,2024-12-27,Standard Class,C0265
ORD-00734,2024-07-25,2024-07-27,Standard Class,C0226
ORD-00735,2022-04-22,2022-04-26,First Class,C0487
ORD-00736,2024-11-02,2024-11-05,Standard Class,C0179
ORD-00737,2023-05-15,2023-05-18,Standard Class,C0222
ORD-00738,2024-07-20,2024-07-25,First Class,C0370
ORD-00739,2023-08-21,2023-08-24,First Class,C0125
ORD-00740,2022-08-22,2022-08-26,Standard Class,C0276
ORD-00741,2023-08-25,2023-08-28,Standard Class,C0167
ORD-00742,2022-11-10,2022-11-12,Standard Class,C0151
ORD-00743,2023-07-20,2023-07-26,Second Class,C0041
ORD-00744,2024-11-01,2024-11-04,Same Day,C0300
ORD-00745,2022-07-28,2022-08-01,Standard Class,C0381
ORD-00746,2024-11-03,2024-11-05,Standard Class,C0035
ORD-00747,2024-11-09,2024-11-13,First Class,C0407
ORD-00748,2023-08-10,2023-08-15,Second Class,C0314
ORD-00749,2024-10-11,2024-10-12,Same Day,C0304
ORD-00750,2024-12-29,2025-01-03,Standard Class,C0231
ORD-00751,2023-11-29,2023-12-02,Standard Class,C0215
ORD-00752,2022-05-12,2022-05-16,Standard Class,C0314
ORD-00753,2024-11-09,2024-11-12,Standard Class,C0101
ORD-00754,2023-06-20,2023-06-25,Standard Class,C0057
ORD-00755,2024-10-10,2024-10-11,Standard Class,C0215
ORD-00756,2022-08-15,2022-08-17,Standard Class,C0423
ORD-00757,2024-04-01,2024-04-06,First Class,C0156
ORD-00758,2024-05-20,2024-05-24,Standard Class,C0064
ORD-00759,2023-02-09,2023-02-10,Second Class,C0062
ORD-00760,2022-07-21,2022-07-24,Standard Class,C0339
ORD-00761,2022-02-07,2022-02-10,First Class,C0369
ORD-00762,2024-07-30,2024-08-02,Standard Class,C0368
ORD-00763,2022-07-07,2022-07-09,Second Class,C0062
ORD-00764,2024-12-16,2024-12-20,Standard Class,C0094
ORD-00765,2024-07-29,2024-07-31,Standard Class,C0469
ORD-00766,2024-11-09,2024-11-13,Second Class,C0472
ORD-00767,2022-09-30,2022-10-05,Standard Class,C0341
ORD-00768,2023-08-06,2023-08-09,Standard Class,C0026
ORD-00769,2023-05-31,2023-06-02,First Class,C0435
ORD-00770,2023-06-10,2023-06-12,First Class,C0121
ORD-00771,2022-12-02,2022-12-05,Standard Class,C0050
ORD-00772,2023-11-29,2023-12-03,Standard Class,C0371
ORD-00773,2024-12-14,2024-12-17,Standard Class,C0252
ORD-00774,2023-05-15,2023-05-19,Standard Class,C0036
ORD-00775,2024-06-18,2024-06-21,Same Day,C0410
ORD-00776,2024-02-05,2024-02-08,Standard Class,C0289
ORD-00777,2023-06-20,2023-06-21,Standard Class,C0379
ORD-00778,2022-06-11,2022-06-12,Same Day,C0100
ORD-00779,2023-08-17,2023-08-19,Standard Class,C0324
ORD-00780,2022-06-08,2022-06-11,Second Class,C0329
ORD-00781,2022-03-01,2022-03-06,Standard Class,C0136
ORD-00782,2024-07-03,2024-07-07,Standard Class,C0194
ORD-00783,2022-07-30,2022-08-01,Standard Class,C0221
ORD-00784,2023-02-10,2023-02-12,Standard Class,C0279
ORD-00785,2023-10-26,2023-10-28,Standard Class,C0326
ORD-00786,2023-06-26,2023-06-29,Standard Class,C0055
ORD-00787,2024-09-24,2024-09-27,Standard Class,C0427
ORD-00788,2024-07-15,2024-07-18,Standard Class,C0484
ORD-00789,2024-05-17,2024-05-19,Standard Class,C0110
ORD-00790,2022-01-19,2022-01-21,Standard Class,C0149
ORD-00791,2023-03-08,2023-03-09,Standard Class,C0406
ORD-00792,2024-01-10,2024-01-12,Second Class,C0265
ORD-00793,2022-07-02,2022-07-06,Standard Class,C0162
ORD-00794,2022-04-23,2022-04-25,Standard Class,C0187
ORD-00795,2023-04-26,2023-04-29,Second Class,C0410
ORD-00796,2024-04-10,2024-04-13,Standard Class,C0129
ORD-00797,2024-02-02,2024-02-07,Second Class,C0484
ORD-00798,2023-04-21,2023-04-26,Second Class,C0108
ORD-00799,2024-02-02,2024-02-06,Standard Class,C0389
ORD-00800,2024-08-28,2024-08-29,Standard Class,C0425
ORD-00801,2024-10-16,2024-10-19,Same Day,C0447
ORD-00802,2022-06-10,2022-06-14,Standard Class,C0406
ORD-00803,2023-02-05,2023-02-06,First Class,C0068
ORD-00804,2022-07-17,2022-07-20,Standard Class,C0432
ORD-00805,2023-10-22,2023-10-27,Standard Class,C0066
ORD-00806,2024-12-06,2024-12-09,Standard Class,C0144
ORD-00807,2023-02-03,2023-02-04,Standard Class,C0464
ORD-00808,2022-03-19,2022-03-20,Standard Class,C0053
ORD-00809,2022-05-04,2022-05-07,Second Class,C0128
ORD-00810,2022-03-16,2022-03-18,First Class,C0470
ORD-00811,2022-05-17,2022-05-21,First Class,C0491
ORD-00812,2023-08-25,2023-08-29,Standard Class,C0321
ORD-00813,2024-04-16,2024-04-18,First Class,C0207
ORD-00814,2023-05-15,2023-05-20,First Class,C0320
ORD-00815,2022-05-18,2022-05-21,First Class,C0216
ORD-00816,2022-02-19,2022-02-21,Standard Class,C0068
ORD-00817,2024-08-30,2024-09-03,Second Class,C0447
ORD-00818,2022-09-11,2022-09-15,Standard Class,C0062
ORD-00819,2023-12-11,2023-12-15,Standard Class,C0210
ORD-00820,2023-07-17,2023-07-22,Same Day,C0337
ORD-00821,2024-01-27,2024-01-31,Standard Class,C0327
ORD-00822,2023-07-01,2023-07-06,Standard Class,C0370
ORD-00823,2024-07-10,2024-07-13,First Class,C0429
ORD-00824,2023-08-04,2023-08-08,Standard Class,C0052
ORD-00825,2022-02-18,2022-02-25,First Class,C0116
ORD-00826,2024-07-05,2024-07-09,Second Class,C0381
ORD-00827,2023-12-05,2023-12-07,Standard Class,C0458
ORD-00828,2022-09-18,2022-09-21,Standard Class,C0383
ORD-00829,2022-12-22,2022-12-25,Second Class,C0065
ORD-00830,2023-09-30,2023-10-02,Standard Class,C0130
ORD-00831,2024-01-13,2024-01-19,First Class,C0177
ORD-00832,2024-10-06,2024-10-08,First Class,C0278
ORD-00833,2024-07-19,2024-07-21,Standard Class,C0480
ORD-00834,2023-10-03,2023-10-09,Standard Class,C0413
ORD-00835,2024-03-02,2024-03-05,First Class,C0163
ORD-00836,2023-09-04,2023-09-06,Standard Class,C0465
ORD-00837,2024-03-19,2024-03-22,Standard Class,C0332
ORD-00838,2023-11-17,2023-11-21,First Class,C0152
ORD-00839,2022-07-07,2022-07-09,First Class,C0350
ORD-00840,2024-09-11,2024-09-18,Second Class,C0236
ORD-00841,2023-07-02,2023-07-05,Standard Class,C0158
ORD-00842,2023-12-26,2023-12-29,Second Class,C0468
ORD-00843,2024-07-14,2024-07-17,Second Class,C0426
ORD-00844,2024-05-25,2024-05-29,First Class,C0327
ORD-00845,2023-09-10,2023-09-12,Same Day,C0106
ORD-00846,2023-02-18,2023-02-20,Standard Class,C0306
ORD-00847,2024-06-21,2024-06-24,Second Class,C0255
ORD-00848,2022-06-12,2022-06-17,Same Day,C0358
ORD-00849,2022-09-27,2022-09-28,Standard Class,C0455
ORD-00850,2023-09-24,2023-09-28,Standard Class,C0444
ORD-00851,2024-06-24,2024-06-29,First Class,C0113
ORD-00852,2022-07-24,2022-07-26,Standard Class,C0030
ORD-00853,2023-08-05,2023-08-06,Standard Class,C0012
ORD-00854,2024-04-20,2024-04-23,Standard Class,C0177
ORD-00855,2023-08-19,2023-08-22,Standard Class,C0479
ORD-00856,2022-09-07,2022-09-09,Standard Class,C0338
ORD-00857,2024-05-24,2024-05-27,Standard Class,C0046
ORD-00858,2022-07-15,2022-07-18,Same Day,C0171
ORD-00859,2023-11-21,2023-11-24,Second Class,C0130
ORD-00860,2024-12-29,2024-12-31,Second Class,C0245
ORD-00861,2023-10-01,2023-10-04,Standard Class,C0353
ORD-00862,2023-11-03,2023-11-07,Second Class,C0203
ORD-00863,2024-08-01,2024-08-07,Second Class,C0226
ORD-00864,2022-07-18,2022-07-23,Second Class,C0080
ORD-00865,2023-05-07,2023-05-10,Standard Class,C0310
ORD-00866,2024-06-14,2024-06-17,Standard Class,C0035
ORD-00867,2022-05-22,2022-05-25,First Class,C0052
ORD-00868,2022-06-14,2022-06-16,Second Class,C0161
ORD-00869,2022-11-10,2022-11-12,Second Class,C0469
ORD-00870,2022-01-21,2022-01-25,Standard Class,C0084
ORD-00871,2024-09-10,2024-09-12,Standard Class,C0328
ORD-00872,2022-11-01,2022-11-03,Second Class,C0435
ORD-00873,2023-01-06,2023-01-13,Standard Class,C0026
ORD-00874,2024-05-02,2024-05-04,Second Class,C0225
ORD-00875,2023-01-19,2023-01-21,Same Day,C0446
ORD-00876,2023-03-21,2023-03-23,Second Class,C0317
ORD-00877,2023-03-01,2023-03-04,Standard Class,C0154
ORD-00878,2022-06-10,2022-06-14,Standard Class,C0293
ORD-00879,2023-09-21,2023-09-24,Second Class,C0414
ORD-00880,2024-06-13,2024-06-16,First Class,C0095
ORD-00881,2023-05-05,2023-05-09,Standard Class,C0225
ORD-00882,2024-10-13,2024-10-18,Standard Class,C0267
ORD-00883,2022-11-23,2022-11-29,Standard Class,C0437
ORD-00884,2023-08-21,2023-08-26,Second Class,C0041
ORD-00885,2024-10-11,2024-10-14,Second Class,C0133
ORD-00886,2022-10-16,2022-10-18,Same Day,C0066
ORD-00887,2023-08-16,2023-08-18,Standard Class,C0397
ORD-00888,2023-07-27,2023-07-29,Second Class,C0447
ORD-00889,2022-01-28,2022-02-01,Standard Class,C0210
ORD-00890,2024-08-11,2024-08-16,Standard Class,C0474
ORD-00891,2022-02-12,2022-02-15,First Class,C0153
ORD-00892,2023-02-27,2023-03-01,Standard Class,C0172
ORD-00893,2022-06-26,2022-06-29,Standard Class,C0398
ORD-00894,2023-06-13,2023-06-19,Second Class,C0325
ORD-00895,2024-08-23,2024-08-26,Standard Class,C0059
ORD-00896,2022-07-17,2022-07-22,Standard Class,C0184
ORD-00897,2023-09-02,2023-09-07,Standard Class,C0490
ORD-00898,2024-04-21,2024-04-27,Standard Class,C0180
ORD-00899,2024-05-02,2024-05-06,First Class,C0322
ORD-00900,2022-01-22,2022-01-26,Standard Class,C0324
ORD-00901,2024-12-16,2024-12-18,First Class,C0012
ORD-00902,2024-12-25,2024-12-27,Standard Class,C0459
ORD-00903,2024-04-21,2024-04-24,Standard Class,C0068
ORD-00904,2022-04-08,2022-04-10,Standard Class,C0427
ORD-00905,2023-03-11,2023-03-17,First Class,C0329
ORD-00906,2023-09-29,2023-10-01,Standard Class,C0202
ORD-00907,2023-08-11,2023-08-16,Second Class,C0475
ORD-00908,2022-12-10,2022-12-13,Standard Class,C0006
ORD-00909,2023-07-25,2023-07-28,Same Day,C0015
ORD-00910,2023-09-03,2023-09-09,First Class,C0042
ORD-00911,2022-08-31,2022-09-03,Second Class,C0031
ORD-00912,2023-07-15,2023-07-18,First Class,C0470
ORD-00913,2024-08-17,2024-08-19,Second Class,C0181
ORD-00914,2022-02-01,2022-02-05,First Class,C0262
ORD-00915,2023-01-26,2023-01-28,Standard Class,C0289
ORD-00916,2022-10-04,2022-10-07,Standard Class,C0413
ORD-00917,2023-06-16,2023-06-19,Second Class,C0021
ORD-00918,2023-01-18,2023-01-22,Standard Class,C0380
ORD-00919,2024-12-27,2024-12-31,Standard Class,C0182
ORD-00920,2024-06-02,2024-06-05,Standard Class,C0184
ORD-00921,2022-08-02,2022-08-05,Standard Class,C0244
ORD-00922,2023-01-11,2023-01-16,Second Class,C0350
ORD-00923,2024-01-14,2024-01-17,Standard Class,C0149
ORD-00924,2022-08-01,2022-08-04,Same Day,C0256
ORD-00925,2022-03-20,2022-03-23,First Class,C0100
ORD-00926,2023-09-20,2023-09-25,First Class,C0055
ORD-00927,2023-08-27,2023-08-30,Standard Class,C0186
ORD-00928,2024-02-21,2024-02-24,Standard Class,C0320
ORD-00929,2024-09-27,2024-10-01,Same Day,C0086
ORD-00930,2023-11-11,2023-11-15,First Class,C0174
ORD-00931,2022-02-27,2022-03-01,Second Class,C0468
ORD-00932,2024-11-15,2024-11-18,Standard Class,C0022
ORD-00933,2024-05-30,2024-06-03,Standard Class,C0244
ORD-00934,2023-03-23,2023-03-30,Second Class,C0060
ORD-00935,2022-03-07,2022-03-11,Standard Class,C0104
ORD-00936,2024-12-03,2024-12-06,Second Class,C0139
ORD-00937,2024-10-08,2024-10-10,First Class,C0303
ORD-00938,2022-08-15,2022-08-20,Second Class,C0159
ORD-00939,2024-02-13,2024-02-18,Standard Class,C0499
ORD-00940,2023-11-10,2023-11-12,Standard Class,C0232
ORD-00941,2023-08-24,2023-08-26,Same Day,C0077
ORD-00942,2023-01-14,2023-01-18,Second Class,C0018
ORD-00943,2023-12-10,2023-12-13,Second Class,C0022
ORD-00944,2022-11-03,2022-11-06,Second Class,C0184
ORD-00945,2024-02-18,2024-02-20,Second Class,C0145
ORD-00946,2023-05-19,2023-05-21,Second Class,C0038
ORD-00947,2022-09-25,2022-09-28,Standard Class,C0281
ORD-00948,2022-01-08,2022-01-12,Standard Class,C0288
ORD-00949,2023-05-23,2023-05-26,Standard Class,C0143
ORD-00950,2023-04-21,2023-04-24,Standard Class,C0013
ORD-00951,2022-06-13,2022-06-15,Standard Class,C0186
ORD-00952,2023-04-30,2023-05-03,Standard Class,C0474
ORD-00953,2024-12-31,2025-01-02,First Class,C0434
ORD-00954,2023-07-21,2023-07-24,Standard Class,C0267
ORD-00955,2024-06-23,2024-06-27,Standard Class,C0269
ORD-00956,2023-07-13,2023-07-14,Standard Class,C0097
ORD-00957,2022-08-26,2022-08-27,Second Class,C0434
ORD-00958,2023-07-08,2023-07-10,Standard Class,C0357
ORD-00959,2024-04-07,2024-04-10,Standard Class,C0294
ORD-00960,2023-04-13,2023-04-18,Standard Class,C0001
ORD-00961,2023-01-21,2023-01-22,First Class,C0295
ORD-00962,2024-02-14,2024-02-20,Same Day,C0027
ORD-00963,2024-04-27,2024-04-29,Same Day,C0036
ORD-00964,2023-01-22,2023-01-27,Standard Class,C0160
ORD-00965,2024-05-26,2024-05-29,Second Class,C0425
ORD-00966,2022-09-16,2022-09-20,Standard Class,C0399
ORD-00967,2022-10-10,2022-10-13,Standard Class,C0031
ORD-00968,2022-02-09,2022-02-12,Standard Class,C0127
ORD-00969,2023-05-01,2023-05-06,Standard Class,C0262
ORD-00970,2024-07-17,2024-07-21,Second Class,C0345
ORD-00971,2022-08-08,2022-08-11,Standard Class,C0497
ORD-00972,2024-10-11,2024-10-13,Standard Class,C0436
ORD-00973,2024-10-20,2024-10-22,Standard Class,C0210
ORD-00974,2023-09-05,2023-09-10,Standard Class,C0150
ORD-00975,2024-07-16,2024-07-19,First Class,C0031
ORD-00976,2023-11-19,2023-11-22,Second Class,C0100
ORD-00977,2023-09-05,2023-09-09,Second Class,C0329
ORD-00978,2022-09-17,2022-09-22,Standard Class,C0302
ORD-00979,2024-09-16,2024-09-20,Standard Class,C0451
ORD-00980,2024-08-23,2024-08-27,Standard Class,C0353
ORD-00981,2023-01-01,2023-01-05,Same Day,C0219
ORD-00982,2023-06-28,2023-07-01,Same Day,C0253
ORD-00983,2023-10-11,2023-10-13,Second Class,C0171
ORD-00984,2024-03-24,2024-03-29,Standard Class,C0257
ORD-00985,2024-11-05,2024-11-08,Standard Class,C0428
ORD-00986,2023-07-29,2023-08-04,Standard Class,C0057
ORD-00987,2024-10-09,2024-10-11,First Class,C0009
ORD-00988,2023-11-01,2023-11-03,Second Class,C0005
ORD-00989,2022-09-26,2022-10-02,First Class,C0335
ORD-00990,2024-07-12,2024-07-16,Second Class,C0114
ORD-00991,2022-09-04,2022-09-07,Standard Class,C0265
ORD-00992,2022-05-11,2022-05-15,Standard Class,C0173
ORD-00993,2022-12-19,2022-12-23,Standard Class,C0220
ORD-00994,2022-07-15,2022-07-18,Standard Class,C0205
ORD-00995,2024-07-18,2024-07-20,Standard Class,C0024
ORD-00996,2024-10-18,2024-10-23,Second Class,C0493
ORD-00997,2023-10-07,2023-10-12,Second Class,C0458
ORD-00998,2022-08-15,2022-08-17,Standard Class,C0170
ORD-00999,2023-12-02,2023-12-07,Standard Class,C0406
ORD-01000,2022-09-22,2022-09-27,Standard Class,C0103
ORD-01001,2023-10-08,2023-10-11,Second Class,C0060
ORD-01002,2022-07-30,2022-08-03,Standard Class,C0086
ORD-01003,2024-07-31,2024-08-03,Standard Class,C0255
ORD-01004,2023-04-02,2023-04-04,First Class,C0165
ORD-01005,2023-12-26,2023-12-30,Standard Class,C0372
ORD-01006,2024-09-08,2024-09-13,Standard Class,C0167
ORD-01007,2023-08-11,2023-08-15,Second Class,C0084
ORD-01008,2023-04-21,2023-04-24,First Class,C0458
ORD-01009,2024-09-12,2024-09-14,Second Class,C0202
ORD-01010,2022-06-05,2022-06-07,Standard Class,C0090
ORD-01011,2022-07-09,2022-07-12,Standard Class,C0089
ORD-01012,2024-09-07,2024-09-08,Second Class,C0437
ORD-01013,2023-06-30,2023-07-03,Standard Class,C0120
ORD-01014,2022-02-10,2022-02-13,Second Class,C0156
ORD-01015,2022-11-03,2022-11-07,First Class,C0461
ORD-01016,2024-07-31,2024-08-03,First Class,C0399
ORD-01017,2022-12-04,2022-12-07,Standard Class,C0188
ORD-01018,2024-08-10,2024-08-13,Standard Class,C0188
ORD-01019,2022-10-06,2022-10-07,Standard Class,C0262
ORD-01020,2024-06-14,2024-06-16,Second Class,C0052
ORD-01021,2022-09-30,2022-10-02,Standard Class,C0140
ORD-01022,2024-04-16,2024-04-21,Standard Class,C0019
ORD-01023,2023-09-12,2023-09-14,Standard Class,C0480
ORD-01024,2024-05-11,2024-05-15,Standard Class,C0075
ORD-01025,2024-07-19,2024-07-26,Standard Class,C0230
ORD-01026,2022-10-16,2022-10-20,Standard Class,C0481
ORD-01027,2023-12-25,2023-12-27,Second Class,C0130
ORD-01028,2024-06-11,2024-06-17,Standard Class,C0055
ORD-01029,2022-09-29,2022-10-01,Standard Class,C0271
ORD-01030,2024-12-25,2024-12-28,First Class,C0448
ORD-01031,2023-04-28,2023-05-03,First Class,C0100
ORD-01032,2024-07-24,2024-07-28,Standard Class,C0069
ORD-01033,2022-09-05,2022-09-08,Standard Class,C0399
ORD-01034,2022-06-05,2022-06-07,Second Class,C0299
ORD-01035,2024-12-06,2024-12-09,Standard Class,C0458
ORD-01036,2023-03-30,2023-04-02,Standard Class,C0017
ORD-01037,2022-07-20,2022-07-23,Standard Class,C0354
ORD-01038,2022-05-04,2022-05-10,Standard Class,C0116
ORD-01039,2022-01-01,2022-01-07,Standard Class,C0152
ORD-01040,2024-08-25,2024-08-30,First Class,C0330
ORD-01041,2024-05-04,2024-05-07,Second Class,C0116
ORD-01042,2023-10-02,2023-10-06,Standard Class,C0030
ORD-01043,2022-07-10,2022-07-16,Standard Class,C0323
ORD-01044,2023-05-31,2023-06-05,Second Class,C0051
ORD-01045,2023-03-18,2023-03-21,Standard Class,C0060
ORD-01046,2022-05-23,2022-05-25,Standard Class,C0229
ORD-01047,2023-06-17,2023-06-19,Second Class,C0259
ORD-01048,2022-08-15,2022-08-18,First Class,C0360
ORD-01049,2024-08-06,2024-08-10,Standard Class,C0005
ORD-01050,2023-04-05,2023-04-10,First Class,C0028
ORD-01051,2023-07-05,2023-07-07,Standard Class,C0254
ORD-01052,2023-01-28,2023-01-30,Standard Class,C0364
ORD-01053,2024-04-24,2024-04-27,Standard Class,C0462
ORD-01054,2022-07-29,2022-08-01,Second Class,C0231
ORD-01055,2023-10-08,2023-10-10,First Class,C0395
ORD-01056,2022-08-07,2022-08-11,Second Class,C0456
ORD-01057,2023-02-11,2023-02-14,Standard Class,C0357
ORD-01058,2024-06-06,2024-06-10,Standard Class,C0200
ORD-01059,2023-07-12,2023-07-15,Standard Class,C0332
ORD-01060,2023-07-04,2023-07-07,Standard Class,C0271
ORD-01061,2022-05-22,2022-05-25,Standard Class,C0339
ORD-01062,2023-09-04,2023-09-09,Same Day,C0304
ORD-01063,2023-05-16,2023-05-17,Second Class,C0383
ORD-01064,2024-04-19,2024-04-24,Standard Class,C0046
ORD-01065,2023-12-03,2023-12-06,Standard Class,C0028
ORD-01066,2023-08-19,2023-08-24,Standard Class,C0007
ORD-01067,2022-10-08,2022-10-13,Second Class,C0232
ORD-01068,2023-02-28,2023-03-03,First Class,C0199
ORD-01069,2024-05-05,2024-05-09,Second Class,C0094
ORD-01070,2022-09-27,2022-09-29,Standard Class,C0082
ORD-01071,2022-06-03,2022-06-08,Standard Class,C0088
ORD-01072,2023-09-06,2023-09-09,Same Day,C0390
ORD-01073,2023-10-24,2023-10-27,Same Day,C0186
ORD-01074,2022-03-24,2022-03-28,Standard Class,C0243
ORD-01075,2024-08-04,2024-08-09,Standard Class,C0068
ORD-01076,2024-06-17,2024-06-19,Standard Class,C0311
ORD-01077,2022-10-11,2022-10-15,First Class,C0451
ORD-01078,2024-09-06,2024-09-09,Second Class,C0433
ORD-01079,2022-06-22,2022-06-25,Second Class,C0374
ORD-01080,2024-12-22,2024-12-26,Standard Class,C0435
ORD-01081,2024-02-02,2024-02-05,Standard Class,C0187
ORD-01082,2023-09-25,2023-09-28,Standard Class,C0239
ORD-01083,2024-02-26,2024-03-02,First Class,C0390
ORD-01084,2024-07-31,2024-08-02,Standard Class,C0218
ORD-01085,2024-10-08,2024-10-12,Second Class,C0108
ORD-01086,2023-02-02,2023-02-04,Standard Class,C0307
ORD-01087,2024-07-22,2024-07-23,First Class,C0038
ORD-01088,2023-11-07,2023-11-09,First Class,C0395
ORD-01089,2024-07-24,2024-07-28,Standard Class,C0436
ORD-01090,2023-04-10,2023-04-14,First Class,C0349
ORD-01091,2022-10-13,2022-10-14,Standard Class,C0276
ORD-01092,2022-09-22,2022-09-23,Standard Class,C0010
ORD-01093,2022-11-16,2022-11-22,Standard Class,C0026
ORD-01094,2023-11-04,2023-11-06,First Class,C0048
ORD-01095,2024-03-30,2024-04-04,First Class,C0347
ORD-01096,2022-03-30,2022-04-01,Standard Class,C0370
ORD-01097,2024-03-31,2024-04-04,Second Class,C0014
ORD-01098,2024-09-27,2024-09-30,Second Class,C0100
ORD-01099,2022-11-30,2022-12-05,First Class,C0187
ORD-01100,2022-08-10,2022-08-14,Standard Class,C0012
ORD-01101,2022-02-10,2022-02-13,Standard Class,C0372
ORD-01102,2022-03-09,2022-03-11,Second Class,C0379
ORD-01103,2024-09-14,2024-09-18,Standard Class,C0279
ORD-01104,2023-05-29,2023-06-02,Standard Class,C0341
ORD-01105,2023-11-26,2023-11-27,Second Class,C0328
ORD-01106,2024-11-05,2024-11-06,Standard Class,C0167
ORD-01107,2023-04-22,2023-04-27,Same Day,C0122
ORD-01108,2024-12-21,2024-12-23,Standard Class,C0393
ORD-01109,2024-05-30,2024-06-03,Same Day,C0472
ORD-01110,2023-03-08,2023-03-11,Standard Class,C0095
ORD-01111,2022-09-25,2022-09-30,Standard Class,C0025
ORD-01112,2024-11-24,2024-11-30,Standard Class,C0017
ORD-01113,2024-02-18,2024-02-25,Second Class,C0426
ORD-01114,2023-05-09,2023-05-11,Second Class,C0029
ORD-01115,2023-10-23,2023-10-28,Standard Class,C0444
ORD-01116,2024-10-09,2024-10-11,Standard Class,C0323
ORD-01117,2024-11-24,2024-11-27,Second Class,C0341
ORD-01118,2024-09-03,2024-09-06,Standard Class,C0313
ORD-01119,2023-04-27,2023-04-28,Second Class,C0072
ORD-01120,2023-12-29,2024-01-04,Standard Class,C0270
ORD-01121,2023-04-25,2023-04-27,Second Class,C0250
ORD-01122,2024-12-24,2024-12-28,Second Class,C0295
ORD-01123,2024-10-28,2024-11-01,Same Day,C0144
ORD-01124,2022-12-09,2022-12-13,Second Class,C0274
ORD-01125,2022-11-28,2022-11-30,Standard Class,C0223
ORD-01126,2023-03-14,2023-03-17,Standard Class,C0075
ORD-01127,2022-06-23,2022-06-28,Second Class,C0102
ORD-01128,2023-07-13,2023-07-16,Standard Class,C0020
ORD-01129,2023-06-11,2023-06-14,First Class,C0117
ORD-01130,2023-10-21,2023-10-23,Second Class,C0174
ORD-01131,2022-01-26,2022-01-29,Standard Class,C0373
ORD-01132,2024-03-30,2024-04-04,Standard Class,C0173
ORD-01133,2023-08-28,2023-08-31,Standard Class,C0004
ORD-01134,2023-02-10,2023-02-13,Standard Class,C0340
ORD-01135,2022-08-20,2022-08-23,Standard Class,C0479
ORD-01136,2023-06-17,2023-06-20,Standard Class,C0148
ORD-01137,2023-05-20,2023-05-21,Standard Class,C0395
ORD-01138,2022-06-28,2022-06-30,Standard Class,C0114
ORD-01139,2022-05-12,2022-05-15,Standard Class,C0321
ORD-01140,2022-12-14,2022-12-18,Standard Class,C0492
ORD-01141,2023-06-24,2023-06-27,Standard Class,C0402
ORD-01142,2024-02-11,2024-02-14,Second Class,C0167
ORD-01143,2022-03-17,2022-03-20,Standard Class,C0300
ORD-01144,2023-08-02,2023-08-04,Standard Class,C0481
ORD-01145,2024-05-03,2024-05-09,Second Class,C0118
ORD-01146,2022-07-13,2022-07-16,Same Day,C0100
ORD-01147,2022-12-13,2022-12-14,Standard Class,C0274
ORD-01148,2024-08-08,2024-08-09,Standard Class,C0175
ORD-01149,2022-08-02,2022-08-09,Standard Class,C0159
ORD-01150,2023-07-27,2023-07-29,Standard Class,C0384
ORD-01151,2024-02-19,2024-02-24,First Class,C0227
ORD-01152,2022-09-19,2022-09-21,Second Class,C0423
ORD-01153,2023-12-31,2024-01-06,Second Class,C0038
ORD-01154,2022-10-10,2022-10-15,Standard Class,C0463
ORD-01155,2022-12-28,2022-12-31,Second Class,C0431
ORD-01156,2023-03-17,2023-03-18,Standard Class,C0198
ORD-01157,2022-04-03,2022-04-05,Standard Class,C0136
ORD-01158,2024-01-23,2024-01-26,Standard Class,C0104
ORD-01159,2024-05-16,2024-05-19,Standard Class,C0470
ORD-01160,2022-05-22,2022-05-24,Standard Class,C0193
ORD-01161,2024-01-19,2024-01-20,First Class,C0250
ORD-01162,2023-10-15,2023-10-18,Standard Class,C0013
ORD-01163,2023-12-02,2023-12-05,Standard Class,C0055
ORD-01164,2024-09-24,2024-09-26,Standard Class,C0344
ORD-01165,2022-02-18,2022-02-19,Standard Class,C0085
ORD-01166,2024-05-30,2024-06-06,Second Class,C0109
ORD-01167,2023-07-09,2023-07-12,Second Class,C0043
ORD-01168,2023-02-08,2023-02-12,Second Class,C0388
ORD-01169,2024-06-10,2024-06-13,Standard Class,C0071
ORD-01170,2024-05-14,2024-05-15,Second Class,C0444
ORD-01171,2023-08-25,2023-08-28,First Class,C0268
ORD-01172,2022-12-07,2022-12-10,Standard Class,C0059
ORD-01173,2023-12-05,2023-12-10,Standard Class,C0461
ORD-01174,2022-11-14,2022-11-18,First Class,C0438
ORD-01175,2023-09-10,2023-09-12,Standard Class,C0044
ORD-01176,2023-01-17,2023-01-23,Standard Class,C0272
ORD-01177,2022-08-21,2022-08-24,Standard Class,C0390
ORD-01178,2024-03-27,2024-04-03,Standard Class,C0014
ORD-01179,2023-07-07,2023-07-14,Standard Class,C0371
ORD-01180,2024-05-05,2024-05-07,Standard Class,C0112
ORD-01181,2024-03-29,2024-04-01,Second Class,C0379
ORD-01182,2022-07-02,2022-07-05,Standard Class,C0314
ORD-01183,2024-11-30,2024-12-04,First Class,C0415
ORD-01184,2023-02-01,2023-02-04,Standard Class,C0228
ORD-01185,2024-02-18,2024-02-24,Same Day,C0485
ORD-01186,2024-06-25,2024-06-29,Same Day,C0169
ORD-01187,2022-05-07,2022-05-09,Second Class,C0376
ORD-01188,2022-01-01,2022-01-03,First Class,C0291
ORD-01189,2022-01-19,2022-01-23,Second Class,C0246
ORD-01190,2023-08-07,2023-08-09,First Class,C0266
ORD-01191,2023-04-01,2023-04-05,Standard Class,C0337
ORD-01192,2024-08-14,2024-08-17,Standard Class,C0243
ORD-01193,2023-03-21,2023-03-24,Second Class,C0490
ORD-01194,2023-08-25,2023-08-26,Standard Class,C0158
ORD-01195,2022-04-13,2022-04-17,First Class,C0300
ORD-01196,2024-09-14,2024-09-16,First Class,C0439
ORD-01197,2023-06-04,2023-06-08,Standard Class,C0327
ORD-01198,2024-05-08,2024-05-11,First Class,C0018
ORD-01199,2022-06-23,2022-06-27,Standard Class,C0083
ORD-01200,2024-10-01,2024-10-04,Standard Class,C0335
ORD-01201,2023-03-07,2023-03-09,Standard Class,C0231
ORD-01202,2023-12-28,2024-01-01,Standard Class,C0492
ORD-01203,2024-04-29,2024-05-01,Standard Class,C0342
ORD-01204,2024-09-16,2024-09-19,Standard Class,C0253
ORD-01205,2023-10-01,2023-10-03,Standard Class,C0167
ORD-01206,2023-02-24,2023-02-28,Second Class,C0042
ORD-01207,2023-08-17,2023-08-23,Second Class,C0249
ORD-01208,2023-04-30,2023-05-03,Standard Class,C0248
ORD-01209,2023-02-16,2023-02-19,Standard Class,C0438
ORD-01210,2024-07-24,2024-07-28,First Class,C0380
ORD-01211,2022-11-28,2022-11-29,First Class,C0286
ORD-01212,2023-10-17,2023-10-23,Standard Class,C0020
ORD-01213,2022-02-10,2022-02-12,Standard Class,C0382
ORD-01214,2024-08-16,2024-08-23,First Class,C0352
ORD-01215,2022-04-15,2022-04-19,Second Class,C0381
ORD-01216,2022-07-21,2022-07-25,Standard Class,C0042
ORD-01217,2023-03-26,2023-03-30,Standard Class,C0345
ORD-01218,2024-06-28,2024-07-01,Standard Class,C0087
ORD-01219,2022-07-29,2022-08-01,Second Class,C0261
ORD-01220,2023-07-17,2023-07-18,Standard Class,C0306
ORD-01221,2023-12-14,2023-12-18,Standard Class,C0297
ORD-01222,2024-02-10,2024-02-14,Standard Class,C0350
ORD-01223,2023-03-30,2023-04-04,Same Day,C0240
ORD-01224,2023-10-29,2023-11-01,Second Class,C0167
ORD-01225,2023-09-21,2023-09-23,Second Class,C0313
ORD-01226,2023-01-22,2023-01-25,Second Class,C0219
ORD-01227,2022-10-23,2022-10-27,Standard Class,C0441
ORD-01228,2022-09-15,2022-09-17,First Class,C0490
ORD-01229,2022-09-25,2022-09-27,Standard Class,C0421
ORD-01230,2023-02-23,2023-02-28,First Class,C0391
ORD-01231,2022-08-23,2022-08-26,Standard Class,C0133
ORD-01232,2024-09-12,2024-09-15,Standard Class,C0207
ORD-01233,2023-07-28,2023-07-31,Standard Class,C0051
ORD-01234,2022-02-18,2022-02-22,Second Class,C0106
ORD-01235,2022-08-11,2022-08-13,First Class,C0392
ORD-01236,2024-07-09,2024-07-13,Standard Class,C0184
ORD-01237,2022-10-04,2022-10-06,Standard Class,C0201
ORD-01238,2023-02-24,2023-03-01,First Class,C0011
ORD-01239,2023-09-03,2023-09-06,Standard Class,C0254
ORD-01240,2023-01-10,2023-01-13,First Class,C0150
ORD-01241,2022-03-14,2022-03-18,Second Class,C0354
ORD-01242,2024-11-19,2024-11-23,Standard Class,C0355
ORD-01243,2022-07-14,2022-07-16,Standard Class,C0461
ORD-01244,2024-04-26,2024-04-30,Standard Class,C0395
ORD-01245,2024-11-30,2024-12-02,Standard Class,C0444
ORD-01246,2024-12-22,2024-12-28,Standard Class,C0096
ORD-01247,2022-01-23,2022-01-28,Standard Class,C0106
ORD-01248,2022-12-26,2022-12-29,Standard Class,C0143
ORD-01249,2023-07-14,2023-07-19,Second Class,C0166
ORD-01250,2023-11-03,2023-11-06,First Class,C0001
ORD-01251,2023-11-10,2023-11-12,Standard Class,C0046
ORD-01252,2023-03-16,2023-03-22,Standard Class,C0242
ORD-01253,2024-07-21,2024-07-25,Standard Class,C0344
ORD-01254,2022-01-07,2022-01-10,Standard Class,C0427
ORD-01255,2023-02-25,2023-02-28,First Class,C0488
ORD-01256,2024-04-12,2024-04-15,Standard Class,C0278
ORD-01257,2023-07-13,2023-07-20,First Class,C0003
ORD-01258,2024-07-02,2024-07-04,Standard Class,C0142
ORD-01259,2024-10-03,2024-10-06,Second Class,C0386
ORD-01260,2022-05-06,2022-05-09,Standard Class,C0061
ORD-01261,2023-01-30,2023-02-02,First Class,C0416
ORD-01262,2024-03-27,2024-03-30,First Class,C0496
ORD-01263,2024-05-30,2024-06-01,Second Class,C0294
ORD-01264,2023-07-30,2023-08-01,First Class,C0225
ORD-01265,2022-11-21,2022-11-23,Standard Class,C0302
ORD-01266,2024-07-18,2024-07-24,First Class,C0170
ORD-01267,2024-04-12,2024-04-14,Standard Class,C0134
ORD-01268,2024-11-20,2024-11-24,Standard Class,C0041
ORD-01269,2024-04-16,2024-04-20,Standard Class,C0231
ORD-01270,2024-07-14,2024-07-19,Same Day,C0409
ORD-01271,2023-03-19,2023-03-24,First Class,C0226
ORD-01272,2022-03-16,2022-03-18,First Class,C0139
ORD-01273,2023-07-11,2023-07-13,First Class,C0110
ORD-01274,2022-12-29,2023-01-01,Standard Class,C0485
ORD-01275,2023-03-24,2023-03-26,First Class,C0297
ORD-01276,2022-09-19,2022-09-23,Same Day,C0455
ORD-01277,2022-05-05,2022-05-09,Standard Class,C0057
ORD-01278,2024-06-29,2024-07-04,Standard Class,C0430
ORD-01279,2022-09-02,2022-09-04,Second Class,C0123
ORD-01280,2023-06-26,2023-07-02,Same Day,C0240
ORD-01281,2023-04-30,2023-05-02,First Class,C0086
ORD-01282,2022-05-02,2022-05-05,First Class,C0176
ORD-01283,2022-05-05,2022-05-08,First Class,C0063
ORD-01284,2022-06-19,2022-06-23,First Class,C0039
ORD-01285,2022-05-04,2022-05-07,Second Class,C0138
ORD-01286,2024-11-24,2024-11-30,Second Class,C0469
ORD-01287,2023-10-08,2023-10-14,Standard Class,C0454
ORD-01288,2024-02-25,2024-03-01,Second Class,C0241
ORD-01289,2022-07-20,2022-07-22,Standard Class,C0449
ORD-01290,2023-01-04,2023-01-09,First Class,C0226
ORD-01291,2024-03-07,2024-03-11,Standard Class,C0443
ORD-01292,2022-03-18,2022-03-20,Standard Class,C0206
ORD-01293,2022-02-28,2022-03-02,Standard Class,C0164
ORD-01294,2023-03-07,2023-03-09,Second Class,C0027
ORD-01295,2023-09-30,2023-10-01,Standard Class,C0457
ORD-01296,2022-04-19,2022-04-22,Standard Class,C0183
ORD-01297,2024-10-04,2024-10-11,Standard Class,C0198
ORD-01298,2022-03-09,2022-03-12,Standard Class,C0479
ORD-01299,2024-12-28,2024-12-31,Standard Class,C0337
ORD-01300,2022-11-01,2022-11-07,Standard Class,C0437
ORD-01301,2023-11-05,2023-11-07,Standard Class,C0107
ORD-01302,2022-12-31,2023-01-05,Standard Class,C0444
ORD-01303,2024-03-31,2024-04-03,Standard Class,C0189
ORD-01304,2022-12-09,2022-12-12,Standard Class,C0036
ORD-01305,2024-08-04,2024-08-07,First Class,C0085
ORD-01306,2024-06-17,2024-06-20,Standard Class,C0155
ORD-01307,2024-02-01,2024-02-03,Standard Class,C0169
ORD-01308,2022-12-07,2022-12-11,Standard Class,C0284
ORD-01309,2024-07-30,2024-08-01,Standard Class,C0272
ORD-01310,2023-01-18,2023-01-23,Standard Class,C0035
ORD-01311,2024-09-30,2024-10-03,Standard Class,C0420
ORD-01312,2022-10-27,2022-10-29,Second Class,C0184
ORD-01313,2022-05-19,2022-05-23,Second Class,C0099
ORD-01314,2022-12-25,2022-12-27,Standard Class,C0237
ORD-01315,2024-04-15,2024-04-19,Second Class,C0403
ORD-01316,2023-04-28,2023-05-04,Standard Class,C0441
ORD-01317,2024-06-27,2024-07-01,First Class,C0469
ORD-01318,2024-05-15,2024-05-16,Standard Class,C0122
ORD-01319,2022-05-19,2022-05-22,Second Class,C0417
ORD-01320,2024-09-22,2024-09-26,Standard Class,C0023
ORD-01321,2023-03-11,2023-03-16,First Class,C0375
ORD-01322,2023-05-24,2023-05-26,Standard Class,C0063
ORD-01323,2022-09-30,2022-10-03,Standard Class,C0326
ORD-01324,2022-04-14,2022-04-17,Second Class,C0480
ORD-01325,2024-02-01,2024-02-03,Standard Class,C0150
ORD-01326,2024-02-26,2024-02-29,Second Class,C0195
ORD-01327,2022-06-14,2022-06-17,Second Class,C0483
ORD-01328,2024-09-25,2024-09-30,Standard Class,C0080
ORD-01329,2023-06-04,2023-06-10,Standard Class,C0490
ORD-01330,2023-06-01,2023-06-05,Standard Class,C0315
ORD-01331,2023-10-19,2023-10-22,Second Class,C0153
ORD-01332,2023-09-05,2023-09-07,Standard Class,C0017
ORD-01333,2022-06-13,2022-06-20,Standard Class,C0039
ORD-01334,2022-03-05,2022-03-12,Same Day,C0333
ORD-01335,2022-09-24,2022-09-30,Standard Class,C0348
ORD-01336,2022-09-03,2022-09-07,Same Day,C0459
ORD-01337,2023-01-30,2023-02-02,Second Class,C0202
ORD-01338,2023-04-21,2023-04-26,Standard Class,C0423
ORD-01339,2024-09-03,2024-09-06,Standard Class,C0280
ORD-01340,2024-11-09,2024-11-12,Second Class,C0422
ORD-01341,2023-07-12,2023-07-16,Standard Class,C0088
ORD-01342,2024-10-14,2024-10-16,Standard Class,C0481
ORD-01343,2024-06-01,2024-06-02,Standard Class,C0465
ORD-01344,2022-05-27,2022-05-30,Second Class,C0441
ORD-01345,2023-10-28,2023-10-31,Second Class,C0300
ORD-01346,2023-09-12,2023-09-17,Standard Class,C0292
ORD-01347,2024-03-30,2024-04-01,Standard Class,C0355
ORD-01348,2024-05-13,2024-05-15,First Class,C0070
ORD-01349,2023-08-05,2023-08-07,Same Day,C0378
ORD-01350,2024-10-19,2024-10-20,Standard Class,C0124
ORD-01351,2023-11-26,2023-11-28,Standard Class,C0080
ORD-01352,2023-02-11,2023-02-15,First Class,C0045
ORD-01353,2023-02-03,2023-02-06,First Class,C0476
ORD-01354,2023-12-16,2023-12-20,Second Class,C0233
ORD-01355,2023-12-05,2023-12-12,First Class,C0480
ORD-01356,2024-01-31,2024-02-04,Second Class,C0154
ORD-01357,2023-05-14,2023-05-16,Standard Class,C0395
ORD-01358,2024-08-31,2024-09-02,Second Class,C0180
ORD-01359,2022-03-23,2022-03-28,Second Class,C0409
ORD-01360,2023-08-27,2023-08-30,Same Day,C0031
ORD-01361,2024-02-11,2024-02-16,Standard Class,C0085
ORD-01362,2024-06-21,2024-06-26,Standard Class,C0045
ORD-01363,2022-12-31,2023-01-06,Second Class,C0371
ORD-01364,2022-06-12,2022-06-18,Standard Class,C0323
ORD-01365,2024-12-07,2024-12-10,Standard Class,C0332
ORD-01366,2023-05-26,2023-05-29,First Class,C0243
ORD-01367,2022-04-26,2022-05-02,Standard Class,C0040
ORD-01368,2024-07-29,2024-08-01,Second Class,C0430
ORD-01369,2022-12-03,2022-12-05,First Class,C0182
ORD-01370,2024-05-30,2024-06-03,Standard Class,C0297
ORD-01371,2024-01-07,2024-01-10,Same Day,C0473
ORD-01372,2024-04-19,2024-04-24,Second Class,C0376
ORD-01373,2022-05-27,2022-05-31,Standard Class,C0081
ORD-01374,2023-03-19,2023-03-22,Standard Class,C0038
ORD-01375,2024-04-16,2024-04-22,Same Day,C0356
ORD-01376,2024-11-02,2024-11-07,Standard Class,C0420
ORD-01377,2024-07-31,2024-08-04,Standard Class,C0467
ORD-01378,2022-10-14,2022-10-16,Standard Class,C0428
ORD-01379,2023-12-21,2023-12-24,Standard Class,C0057
ORD-01380,2023-04-25,2023-04-29,Standard Class,C0322
ORD-01381,2022-01-22,2022-01-24,Same Day,C0465
ORD-01382,2023-11-14,2023-11-16,First Class,C0030
ORD-01383,2024-06-24,2024-06-28,Standard Class,C0495
ORD-01384,2022-11-16,2022-11-19,Standard Class,C0266
ORD-01385,2022-05-06,2022-05-09,Second Class,C0227
ORD-01386,2022-10-04,2022-10-06,Standard Class,C0317
ORD-01387,2022-07-13,2022-07-16,First Class,C0447
ORD-01388,2023-11-27,2023-12-01,First Class,C0500
ORD-01389,2022-02-26,2022-02-28,First Class,C0292
ORD-01390,2022-01-19,2022-01-20,Standard Class,C0054
ORD-01391,2022-09-21,2022-09-25,Standard Class,C0097
ORD-01392,2024-03-04,2024-03-11,Standard Class,C0449
ORD-01393,2022-04-23,2022-04-27,Standard Class,C0466
ORD-01394,2023-06-26,2023-06-28,Standard Class,C0004
ORD-01395,2023-10-09,2023-10-12,First Class,C0439
ORD-01396,2023-08-02,2023-08-07,First Class,C0310
ORD-01397,2024-12-24,2024-12-26,Same Day,C0367
ORD-01398,2022-01-25,2022-01-29,First Class,C0091
ORD-01399,2022-01-01,2022-01-04,Standard Class,C0089
ORD-01400,2024-06-29,2024-07-01,Second Class,C0320
ORD-01401,2022-05-21,2022-05-26,Standard Class,C0375
ORD-01402,2023-10-10,2023-10-14,Standard Class,C0092
ORD-01403,2022-07-07,2022-07-11,Standard Class,C0150
ORD-01404,2022-07-20,2022-07-22,Second Class,C0234
ORD-01405,2022-09-14,2022-09-16,Second Class,C0409
ORD-01406,2023-07-01,2023-07-04,Standard Class,C0337
ORD-01407,2022-07-13,2022-07-16,Standard Class,C0059
ORD-01408,2023-12-04,2023-12-06,Standard Class,C0185
ORD-01409,2024-03-12,2024-03-14,Standard Class,C0438
ORD-01410,2024-07-30,2024-08-01,Standard Class,C0044
ORD-01411,2023-02-18,2023-02-25,Second Class,C0180
ORD-01412,2024-06-28,2024-07-02,First Class,C0076
ORD-01413,2022-07-07,2022-07-13,Standard Class,C0144
ORD-01414,2022-02-14,2022-02-16,Second Class,C0101
ORD-01415,2022-03-24,2022-03-30,Standard Class,C0381
ORD-01416,2022-12-24,2022-12-26,Same Day,C0272
ORD-01417,2024-12-25,2024-12-28,Standard Class,C0465
ORD-01418,2024-07-24,2024-07-29,First Class,C0055
ORD-01419,2023-01-10,2023-01-13,First Class,C0189
ORD-01420,2022-06-11,2022-06-14,First Class,C0351
ORD-01421,2022-11-18,2022-11-20,Standard Class,C0335
ORD-01422,2023-03-26,2023-03-28,Second Class,C0077
ORD-01423,2024-11-02,2024-11-06,Standard Class,C0296
ORD-01424,2022-07-03,2022-07-07,Standard Class,C0219
ORD-01425,2022-04-21,2022-04-25,Standard Class,C0277
ORD-01426,2023-05-23,2023-05-26,First Class,C0066
ORD-01427,2022-10-22,2022-10-26,First Class,C0136
ORD-01428,2024-06-22,2024-06-23,Standard Class,C0234
ORD-01429,2024-08-31,2024-09-02,Standard Class,C0199
ORD-01430,2023-09-24,2023-10-01,Same Day,C0266
ORD-01431,2024-11-16,2024-11-18,Standard Class,C0441
ORD-01432,2024-01-03,2024-01-07,Standard Class,C0388
ORD-01433,2022-11-17,2022-11-19,Standard Class,C0043
ORD-01434,2024-07-01,2024-07-05,Second Class,C0361
ORD-01435,2023-03-13,2023-03-17,Standard Class,C0228
ORD-01436,2024-02-20,2024-02-22,Second Class,C0227
ORD-01437,2024-12-12,2024-12-14,Standard Class,C0063
ORD-01438,2023-12-27,2023-12-31,Standard Class,C0171
ORD-01439,2022-01-31,2022-02-03,Standard Class,C0451
ORD-01440,2022-12-03,2022-12-05,Standard Class,C0250
ORD-01441,2022-07-02,2022-07-06,Standard Class,C0338
ORD-01442,2024-11-12,2024-11-14,Standard Class,C0250
ORD-01443,2023-06-28,2023-07-03,First Class,C0307
ORD-01444,2024-10-30,2024-11-02,Standard Class,C0238
ORD-01445,2023-10-22,2023-10-24,Second Class,C0056
ORD-01446,2022-06-09,2022-06-13,Same Day,C0171
ORD-01447,2024-11-03,2024-11-06,First Class,C0408
ORD-01448,2023-02-16,2023-02-18,Same Day,C0480
ORD-01449,2024-10-08,2024-10-11,Standard Class,C0034
ORD-01450,2022-02-22,2022-02-24,Standard Class,C0315
ORD-01451,2023-02-12,2023-02-14,First Class,C0130
ORD-01452,2024-04-26,2024-04-28,First Class,C0130
ORD-01453,2024-11-11,2024-11-14,First Class,C0394
ORD-01454,2024-11-19,2024-11-21,Second Class,C0151
ORD-01455,2023-12-04,2023-12-08,Second Class,C0143
ORD-01456,2022-09-17,2022-09-21,Standard Class,C0118
ORD-01457,2024-12-18,2024-12-21,Second Class,C0204
ORD-01458,2024-02-15,2024-02-19,Standard Class,C0384
ORD-01459,2024-11-01,2024-11-06,Standard Class,C0235
ORD-01460,2024-04-29,2024-05-02,Standard Class,C0017
ORD-01461,2022-12-20,2022-12-24,Standard Class,C0082
ORD-01462,2024-05-22,2024-05-24,Standard Class,C0014
ORD-01463,2024-09-17,2024-09-22,First Class,C0081
ORD-01464,2024-10-14,2024-10-15,First Class,C0207
ORD-01465,2022-10-21,2022-10-24,Second Class,C0204
ORD-01466,2022-07-28,2022-08-01,Standard Class,C0379
ORD-01467,2024-03-28,2024-03-30,Same Day,C0272
ORD-01468,2023-01-25,2023-01-27,Standard Class,C0032
ORD-01469,2022-11-21,2022-11-24,Second Class,C0023
ORD-01470,2024-07-28,2024-07-31,Standard Class,C0102
ORD-01471,2024-06-07,2024-06-11,Standard Class,C0162
ORD-01472,2023-10-30,2023-11-04,Standard Class,C0098
ORD-01473,2023-09-25,2023-09-27,Second Class,C0144
ORD-01474,2023-07-31,2023-08-01,Standard Class,C0418
ORD-01475,2022-05-17,2022-05-21,Standard Class,C0104
ORD-01476,2023-03-04,2023-03-07,Standard Class,C0382
ORD-01477,2023-09-04,2023-09-08,Standard Class,C0455
ORD-01478,2024-06-29,2024-07-01,Second Class,C0417
ORD-01479,2024-03-29,2024-04-01,Standard Class,C0324
ORD-01480,2022-05-21,2022-05-24,Standard Class,C0171
ORD-01481,2022-06-26,2022-06-29,Standard Class,C0064
ORD-01482,2022-07-17,2022-07-20,Standard Class,C0244
ORD-01483,2023-09-16,2023-09-19,Standard Class,C0071
ORD-01484,2023-11-22,2023-11-25,Second Class,C0274
ORD-01485,2023-02-05,2023-02-07,Standard Class,C0452
ORD-01486,2023-04-16,2023-04-18,Standard Class,C0369
ORD-01487,2022-08-06,2022-08-09,Standard Class,C0125
ORD-01488,2024-07-17,2024-07-20,Standard Class,C0383
ORD-01489,2023-09-24,2023-09-27,Standard Class,C0317
ORD-01490,2024-08-08,2024-08-11,Standard Class,C0331
ORD-01491,2024-06-24,2024-06-28,Standard Class,C0107
ORD-01492,2022-06-24,2022-06-29,Standard Class,C0148
ORD-01493,2022-01-23,2022-01-25,First Class,C0395
ORD-01494,2022-08-23,2022-08-25,Second Class,C0463
ORD-01495,2024-11-02,2024-11-04,Second Class,C0430
ORD-01496,2024-07-17,2024-07-21,Standard Class,C0192
ORD-01497,2023-06-07,2023-06-10,Second Class,C0337
ORD-01498,2023-03-07,2023-03-09,First Class,C0226
ORD-01499,2024-03-03,2024-03-07,Second Class,C0242
ORD-01500,2023-06-17,2023-06-19,Standard Class,C0496
ORD-01501,2024-09-05,2024-09-08,Standard Class,C0460
ORD-01502,2024-03-20,2024-03-23,Standard Class,C0362
ORD-01503,2024-07-01,2024-07-05,Standard Class,C0284
ORD-01504,2024-05-20,2024-05-22,Standard Class,C0432
ORD-01505,2023-06-24,2023-06-29,First Class,C0163
ORD-01506,2024-10-20,2024-10-24,Second Class,C0008
ORD-01507,2022-08-15,2022-08-17,Standard Class,C0347
ORD-01508,2024-05-22,2024-05-24,Standard Class,C0406
ORD-01509,2024-06-10,2024-06-13,Standard Class,C0377
ORD-01510,2024-11-02,2024-11-07,Standard Class,C0152
ORD-01511,2022-07-29,2022-08-03,Standard Class,C0322
ORD-01512,2024-01-11,2024-01-14,Standard Class,C0095
ORD-01513,2023-02-01,2023-02-06,Standard Class,C0214
ORD-01514,2022-01-31,2022-02-01,Same Day,C0064
ORD-01515,2024-06-16,2024-06-17,Standard Class,C0065
ORD-01516,2023-10-11,2023-10-17,Standard Class,C0381
ORD-01517,2022-11-25,2022-11-29,Standard Class,C0270
ORD-01518,2024-08-09,2024-08-12,Standard Class,C0025
ORD-01519,2023-09-13,2023-09-17,Standard Class,C0484
ORD-01520,2022-06-11,2022-06-17,Second Class,C0100
ORD-01521,2024-02-15,2024-02-19,Standard Class,C0105
ORD-01522,2022-10-01,2022-10-06,Standard Class,C0131
ORD-01523,2024-10-23,2024-10-27,First Class,C0389
ORD-01524,2024-11-17,2024-11-19,Standard Class,C0321
ORD-01525,2022-11-22,2022-11-27,Standard Class,C0438
ORD-01526,2024-07-28,2024-07-30,Standard Class,C0019
ORD-01527,2023-06-24,2023-06-29,Second Class,C0225
ORD-01528,2023-05-03,2023-05-06,Standard Class,C0106
ORD-01529,2024-04-01,2024-04-05,Standard Class,C0054
ORD-01530,2024-12-24,2024-12-27,Second Class,C0478
ORD-01531,2022-12-22,2022-12-24,Standard Class,C0460
ORD-01532,2022-08-23,2022-08-25,Standard Class,C0394
ORD-01533,2022-08-15,2022-08-22,Standard Class,C0226
ORD-01534,2022-02-18,2022-02-24,Second Class,C0400
ORD-01535,2022-04-28,2022-05-01,First Class,C0360
ORD-01536,2022-02-23,2022-03-02,Same Day,C0430
ORD-01537,2023-07-19,2023-07-24,First Class,C0413
ORD-01538,2024-12-03,2024-12-07,Second Class,C0015
ORD-01539,2022-02-22,2022-02-23,Second Class,C0048
ORD-01540,2023-07-12,2023-07-18,Second Class,C0139
ORD-01541,2024-05-17,2024-05-20,Standard Class,C0492
ORD-01542,2023-02-02,2023-02-07,Standard Class,C0034
ORD-01543,2023-11-06,2023-11-11,Standard Class,C0420
ORD-01544,2023-01-22,2023-01-27,Standard Class,C0414
ORD-01545,2022-04-21,2022-04-25,Second Class,C0355
ORD-01546,2023-09-06,2023-09-08,Standard Class,C0457
ORD-01547,2022-01-17,2022-01-20,Standard Class,C0210
ORD-01548,2024-06-02,2024-06-05,Standard Class,C0019
ORD-01549,2023-06-25,2023-06-26,First Class,C0487
ORD-01550,2022-06-20,2022-06-23,Second Class,C0196
ORD-01551,2023-02-13,2023-02-17,Standard Class,C0326
ORD-01552,2024-01-10,2024-01-15,Standard Class,C0115
ORD-01553,2024-05-07,2024-05-09,Standard Class,C0417
ORD-01554,2022-08-18,2022-08-21,Standard Class,C0352
ORD-01555,2022-04-29,2022-04-30,Standard Class,C0464
ORD-01556,2024-02-23,2024-02-25,Second Class,C0075
ORD-01557,2023-04-10,2023-04-12,Standard Class,C0150
ORD-01558,2022-04-14,2022-04-18,Standard Class,C0036
ORD-01559,2023-11-29,2023-12-01,Standard Class,C0242
ORD-01560,2022-06-24,2022-06-28,Standard Class,C0151
ORD-01561,2024-01-15,2024-01-17,Standard Class,C0063
ORD-01562,2023-10-27,2023-11-01,Standard Class,C0154
ORD-01563,2022-02-02,2022-02-07,Standard Class,C0188
ORD-01564,2022-02-24,2022-03-02,First Class,C0223
ORD-01565,2023-06-03,2023-06-08,Standard Class,C0093
ORD-01566,2024-01-26,2024-02-01,Standard Class,C0005
ORD-01567,2022-01-12,2022-01-17,Standard Class,C0438
ORD-01568,2023-12-21,2023-12-25,Second Class,C0166
ORD-01569,2023-07-09,2023-07-11,Standard Class,C0446
ORD-01570,2023-01-08,2023-01-10,Second Class,C0025
ORD-01571,2023-04-29,2023-05-01,First Class,C0098
ORD-01572,2024-08-30,2024-09-03,Standard Class,C0268
ORD-01573,2023-09-15,2023-09-18,Second Class,C0150
ORD-01574,2022-11-03,2022-11-08,First Class,C0393
ORD-01575,2023-04-02,2023-04-08,Standard Class,C0252
ORD-01576,2022-06-09,2022-06-12,Second Class,C0084
ORD-01577,2022-11-27,2022-11-30,Standard Class,C0285
ORD-01578,2024-02-15,2024-02-22,Standard Class,C0172
ORD-01579,2022-08-13,2022-08-15,Second Class,C0221
ORD-01580,2024-09-09,2024-09-13,Second Class,C0109
ORD-01581,2023-12-30,2024-01-01,First Class,C0027
ORD-01582,2024-12-04,2024-12-08,Standard Class,C0246
ORD-01583,2024-12-18,2024-12-20,Standard Class,C0055
ORD-01584,2023-10-06,2023-10-11,Standard Class,C0465
ORD-01585,2023-09-08,2023-09-11,Standard Class,C0133
ORD-01586,2022-07-14,2022-07-16,Standard Class,C0052
ORD-01587,2023-05-04,2023-05-06,Standard Class,C0493
ORD-01588,2022-06-06,2022-06-09,Standard Class,C0253
ORD-01589,2023-09-02,2023-09-08,Standard Class,C0269
ORD-01590,2023-02-16,2023-02-20,Standard Class,C0298
ORD-01591,2023-04-16,2023-04-19,Same Day,C0399
ORD-01592,2023-05-31,2023-06-03,Second Class,C0079
ORD-01593,2023-01-28,2023-01-31,Standard Class,C0018
ORD-01594,2023-09-23,2023-09-27,First Class,C0306
ORD-01595,2023-08-31,2023-09-04,Second Class,C0258
ORD-01596,2024-09-06,2024-09-09,First Class,C0343
ORD-01597,2023-03-10,2023-03-14,Standard Class,C0107
ORD-01598,2023-06-24,2023-06-28,Standard Class,C0397
ORD-01599,2022-10-05,2022-10-11,First Class,C0491
ORD-01600,2022-08-21,2022-08-27,Standard Class,C0452
ORD-01601,2022-12-28,2023-01-01,First Class,C0047
ORD-01602,2022-01-26,2022-01-30,First Class,C0246
ORD-01603,2024-11-14,2024-11-16,Same Day,C0089
ORD-01604,2023-05-22,2023-05-27,Standard Class,C0203
ORD-01605,2022-09-24,2022-09-27,Standard Class,C0434
ORD-01606,2023-04-06,2023-04-08,Standard Class,C0240
ORD-01607,2023-04-01,2023-04-04,Same Day,C0490
ORD-01608,2024-12-27,2025-01-01,Standard Class,C0268
ORD-01609,2024-10-03,2024-10-05,Standard Class,C0013
ORD-01610,2024-05-12,2024-05-15,Standard Class,C0137
ORD-01611,2023-05-06,2023-05-09,Standard Class,C0315
ORD-01612,2024-12-08,2024-12-09,Standard Class,C0173
ORD-01613,2023-07-18,2023-07-20,Standard Class,C0230
ORD-01614,2022-08-04,2022-08-09,First Class,C0198
ORD-01615,2023-07-13,2023-07-18,Standard Class,C0491
ORD-01616,2022-06-08,2022-06-10,First Class,C0243
ORD-01617,2023-05-04,2023-05-09,Second Class,C0043
ORD-01618,2023-11-17,2023-11-21,Second Class,C0330
ORD-01619,2024-03-04,2024-03-07,Second Class,C0279
ORD-01620,2022-01-05,2022-01-09,Standard Class,C0079
ORD-01621,2022-12-27,2023-01-02,Standard Class,C0429
ORD-01622,2023-04-04,2023-04-07,Second Class,C0279
ORD-01623,2022-09-05,2022-09-07,Standard Class,C0232
ORD-01624,2024-08-03,2024-08-09,Standard Class,C0101
ORD-01625,2023-02-26,2023-03-02,Standard Class,C0162
ORD-01626,2022-01-15,2022-01-17,Second Class,C0144
ORD-01627,2024-01-06,2024-01-09,Standard Class,C0447
ORD-01628,2022-10-04,2022-10-07,Standard Class,C0109
ORD-01629,2023-03-29,2023-04-03,Standard Class,C0435
ORD-01630,2023-08-21,2023-08-24,Same Day,C0233
ORD-01631,2023-03-22,2023-03-24,Standard Class,C0111
ORD-01632,2022-07-29,2022-08-02,Second Class,C0416
ORD-01633,2023-12-15,2023-12-18,Standard Class,C0422
ORD-01634,2022-10-29,2022-10-31,Second Class,C0232
ORD-01635,2022-01-03,2022-01-06,Standard Class,C0440
ORD-01636,2024-09-16,2024-09-21,Second Class,C0238
ORD-01637,2023-06-04,2023-06-05,Standard Class,C0197
ORD-01638,2023-05-08,2023-05-12,Standard Class,C0273
ORD-01639,2023-09-12,2023-09-15,Second Class,C0086
ORD-01640,2022-11-27,2022-11-29,Second Class,C0295
ORD-01641,2022-11-29,2022-12-02,Second Class,C0041
ORD-01642,2022-02-19,2022-02-22,First Class,C0048
ORD-01643,2024-05-12,2024-05-17,Standard Class,C0466
ORD-01644,2022-09-29,2022-10-01,First Class,C0412
ORD-01645,2023-08-03,2023-08-07,Standard Class,C0077
ORD-01646,2023-07-14,2023-07-16,Second Class,C0178
ORD-01647,2023-11-27,2023-12-03,Standard Class,C0490
ORD-01648,2023-03-22,2023-03-26,Standard Class,C0257
ORD-01649,2024-10-13,2024-10-17,Standard Class,C0117
ORD-01650,2022-12-23,2022-12-25,Standard Class,C0434
ORD-01651,2022-10-01,2022-10-04,Standard Class,C0019
ORD-01652,2024-11-08,2024-11-10,Standard Class,C0482
ORD-01653,2022-11-07,2022-11-13,Standard Class,C0059
ORD-01654,2024-05-19,2024-05-22,Standard Class,C0196
ORD-01655,2024-06-04,2024-06-08,Standard Class,C0107
ORD-01656,2022-06-03,2022-06-07,Standard Class,C0451
ORD-01657,2023-09-12,2023-09-15,Standard Class,C0425
ORD-01658,2024-06-01,2024-06-05,Standard Class,C0394
ORD-01659,2024-03-07,2024-03-11,First Class,C0284
ORD-01660,2022-05-05,2022-05-09,First Class,C0034
ORD-01661,2023-09-11,2023-09-14,Standard Class,C0295
ORD-01662,2022-09-02,2022-09-05,Second Class,C0495
ORD-01663,2024-04-27,2024-04-29,Second Class,C0251
ORD-01664,2023-03-26,2023-03-31,Standard Class,C0126
ORD-01665,2024-07-18,2024-07-22,Second Class,C0339
ORD-01666,2023-06-04,2023-06-07,Standard Class,C0106
ORD-01667,2022-12-28,2023-01-03,Standard Class,C0440
ORD-01668,2022-01-08,2022-01-09,Standard Class,C0180
ORD-01669,2023-04-23,2023-04-28,Standard Class,C0110
ORD-01670,2023-05-10,2023-05-17,Second Class,C0228
ORD-01671,2024-04-12,2024-04-17,Standard Class,C0121
ORD-01672,2024-11-28,2024-12-03,Standard Class,C0107
ORD-01673,2023-08-16,2023-08-19,Standard Class,C0131
ORD-01674,2022-07-06,2022-07-08,Second Class,C0023
ORD-01675,2024-01-24,2024-01-28,First Class,C0145
ORD-01676,2022-04-03,2022-04-06,Second Class,C0327
ORD-01677,2022-03-27,2022-03-29,Standard Class,C0154
ORD-01678,2024-12-03,2024-12-07,Standard Class,C0107
ORD-01679,2022-05-17,2022-05-20,Standard Class,C0146
ORD-01680,2023-02-25,2023-03-03,Standard Class,C0252
ORD-01681,2022-03-15,2022-03-20,Standard Class,C0494
ORD-01682,2022-06-20,2022-06-25,Standard Class,C0302
ORD-01683,2022-06-19,2022-06-23,Standard Class,C0070
ORD-01684,2024-05-21,2024-05-26,First Class,C0031
ORD-01685,2022-11-18,2022-11-23,Second Class,C0093
ORD-01686,2023-04-01,2023-04-05,Standard Class,C0137
ORD-01687,2024-08-01,2024-08-03,Standard Class,C0374
ORD-01688,2024-02-29,2024-03-05,Standard Class,C0163
ORD-01689,2023-09-05,2023-09-10,Second Class,C0081
ORD-01690,2024-06-07,2024-06-10,Second Class,C0316
ORD-01691,2022-12-15,2022-12-16,Same Day,C0076
ORD-01692,2022-01-10,2022-01-14,Standard Class,C0063
ORD-01693,2024-01-10,2024-01-12,First Class,C0100
ORD-01694,2023-10-29,2023-11-04,Standard Class,C0436
ORD-01695,2023-06-30,2023-07-06,First Class,C0048
ORD-01696,2022-05-09,2022-05-11,Second Class,C0445
ORD-01697,2023-08-24,2023-08-28,Second Class,C0408
ORD-01698,2023-08-28,2023-08-30,Standard Class,C0074
ORD-01699,2022-11-23,2022-11-27,Second Class,C0314
ORD-01700,2024-09-06,2024-09-09,Standard Class,C0192
ORD-01701,2023-02-08,2023-02-12,Standard Class,C0030
ORD-01702,2023-09-21,2023-09-24,Standard Class,C0157
ORD-01703,2023-12-19,2023-12-21,Standard Class,C0487
ORD-01704,2024-11-06,2024-11-09,Standard Class,C0266
ORD-01705,2022-10-01,2022-10-03,Standard Class,C0256
ORD-01706,2023-11-16,2023-11-19,Standard Class,C0039
ORD-01707,2022-04-26,2022-04-27,Standard Class,C0055
ORD-01708,2024-05-10,2024-05-13,Standard Class,C0028
ORD-01709,2023-11-24,2023-11-29,Standard Class,C0402
ORD-01710,2022-11-20,2022-11-25,Standard Class,C0425
ORD-01711,2024-08-18,2024-08-23,Standard Class,C0118
ORD-01712,2022-04-24,2022-04-30,Standard Class,C0370
ORD-01713,2024-12-17,2024-12-19,First Class,C0209
ORD-01714,2022-06-03,2022-06-05,Standard Class,C0075
ORD-01715,2022-11-11,2022-11-14,Second Class,C0065
ORD-01716,2024-11-30,2024-12-05,Standard Class,C0337
ORD-01717,2022-04-15,2022-04-22,Same Day,C0356
ORD-01718,2022-12-20,2022-12-21,Standard Class,C0100
ORD-01719,2024-10-12,2024-10-15,Standard Class,C0046
ORD-01720,2024-01-03,2024-01-05,Standard Class,C0316
ORD-01721,2023-12-10,2023-12-14,Standard Class,C0393
ORD-01722,2023-10-13,2023-10-17,Second Class,C0429
ORD-01723,2024-04-03,2024-04-05,Standard Class,C0444
ORD-01724,2024-08-04,2024-08-07,Standard Class,C0156
ORD-01725,2023-10-23,2023-10-27,First Class,C0240
ORD-01726,2022-04-09,2022-04-13,Standard Class,C0353
ORD-01727,2023-08-11,2023-08-12,Standard Class,C0259
ORD-01728,2022-10-09,2022-10-14,Standard Class,C0435
ORD-01729,2023-02-07,2023-02-10,Standard Class,C0136
ORD-01730,2023-12-01,2023-12-06,First Class,C0370
ORD-01731,2022-07-18,2022-07-23,First Class,C0198
ORD-01732,2022-11-23,2022-11-25,First Class,C0187
ORD-01733,2022-06-03,2022-06-05,First Class,C0116
ORD-01734,2023-07-06,2023-07-10,Standard Class,C0445
ORD-01735,2023-02-09,2023-02-11,Standard Class,C0058
ORD-01736,2023-04-07,2023-04-12,Standard Class,C0070
ORD-01737,2022-05-12,2022-05-16,Second Class,C0093
ORD-01738,2024-03-01,2024-03-06,First Class,C0229
ORD-01739,2024-05-23,2024-05-25,Standard Class,C0396
ORD-01740,2022-03-25,2022-03-28,Standard Class,C0137
ORD-01741,2024-01-24,2024-01-28,First Class,C0105
ORD-01742,2023-09-20,2023-09-21,Standard Class,C0305
ORD-01743,2022-08-09,2022-08-13,First Class,C0339
ORD-01744,2023-07-07,2023-07-12,Standard Class,C0017
ORD-01745,2022-04-22,2022-04-25,Standard Class,C0054
ORD-01746,2023-09-07,2023-09-11,Standard Class,C0112
ORD-01747,2024-07-12,2024-07-14,Second Class,C0172
ORD-01748,2023-04-20,2023-04-23,Standard Class,C0416
ORD-01749,2024-04-15,2024-04-22,Standard Class,C0419
ORD-01750,2022-09-28,2022-10-05,First Class,C0462
ORD-01751,2023-02-25,2023-02-28,Second Class,C0305
ORD-01752,2023-12-08,2023-12-14,Second Class,C0438
ORD-01753,2022-02-09,2022-02-12,Standard Class,C0144
ORD-01754,2022-07-08,2022-07-10,First Class,C0085
ORD-01755,2024-09-20,2024-09-22,Standard Class,C0012
ORD-01756,2023-06-20,2023-06-26,Standard Class,C0252
ORD-01757,2024-10-24,2024-10-26,Standard Class,C0216
ORD-01758,2022-10-17,2022-10-20,Standard Class,C0126
ORD-01759,2023-03-09,2023-03-12,First Class,C0098
ORD-01760,2023-04-16,2023-04-20,Standard Class,C0392
ORD-01761,2023-09-20,2023-09-23,Standard Class,C0492
ORD-01762,2022-10-06,2022-10-08,First Class,C0405
ORD-01763,2024-05-26,2024-05-28,Second Class,C0304
ORD-01764,2023-08-04,2023-08-08,Second Class,C0392
ORD-01765,2024-05-12,2024-05-16,Standard Class,C0028
ORD-01766,2022-09-11,2022-09-14,Second Class,C0336
ORD-01767,2022-06-30,2022-07-04,Standard Class,C0266
ORD-01768,2023-11-12,2023-11-14,Same Day,C0052
ORD-01769,2024-04-04,2024-04-09,Standard Class,C0143
ORD-01770,2023-12-01,2023-12-04,Second Class,C0132
ORD-01771,2023-07-20,2023-07-22,Standard Class,C0346
ORD-01772,2023-11-11,2023-11-14,Standard Class,C0207
ORD-01773,2023-01-26,2023-01-31,Standard Class,C0484
ORD-01774,2022-07-31,2022-08-05,Standard Class,C0480
ORD-01775,2023-01-19,2023-01-21,Standard Class,C0062
ORD-01776,2022-12-08,2022-12-12,Second Class,C0363
ORD-01777,2024-04-23,2024-04-25,Standard Class,C0486
ORD-01778,2024-11-27,2024-11-28,Second Class,C0132
ORD-01779,2023-02-24,2023-02-27,Standard Class,C0041
ORD-01780,2024-01-21,2024-01-25,Standard Class,C0201
ORD-01781,2022-11-02,2022-11-06,Second Class,C0099
ORD-01782,2023-12-03,2023-12-06,Second Class,C0311
ORD-01783,2024-05-18,2024-05-19,Standard Class,C0284
ORD-01784,2023-06-21,2023-06-24,Standard Class,C0357
ORD-01785,2022-07-25,2022-07-26,Second Class,C0047
ORD-01786,2023-05-11,2023-05-13,Standard Class,C0137
ORD-01787,2024-12-06,2024-12-09,Standard Class,C0130
ORD-01788,2023-05-19,2023-05-22,Second Class,C0195
ORD-01789,2024-11-11,2024-11-13,Standard Class,C0117
ORD-01790,2022-08-01,2022-08-04,Standard Class,C0364
ORD-01791,2022-11-06,2022-11-08,First Class,C0432
ORD-01792,2023-10-23,2023-10-25,Second Class,C0069
ORD-01793,2024-01-23,2024-01-27,Standard Class,C0458
ORD-01794,2022-09-29,2022-10-01,Standard Class,C0028
ORD-01795,2024-07-26,2024-07-30,Standard Class,C0335
ORD-01796,2022-02-01,2022-02-03,First Class,C0014
ORD-01797,2023-03-19,2023-03-22,Second Class,C0046
ORD-01798,2022-06-11,2022-06-13,Standard Class,C0471
ORD-01799,2024-02-06,2024-02-08,Standard Class,C0397
ORD-01800,2022-09-11,2022-09-14,Standard Class,C0016
ORD-01801,2023-06-05,2023-06-11,Standard Class,C0478
ORD-01802,2024-09-03,2024-09-05,Second Class,C0424
ORD-01803,2022-01-10,2022-01-13,Standard Class,C0456
ORD-01804,2023-12-27,2023-12-31,Standard Class,C0209
ORD-01805,2023-05-20,2023-05-23,Standard Class,C0158
ORD-01806,2024-02-24,2024-02-29,Standard Class,C0337
ORD-01807,2023-03-12,2023-03-14,Standard Class,C0227
ORD-01808,2022-06-02,2022-06-08,Standard Class,C0449
ORD-01809,2024-07-05,2024-07-08,Second Class,C0241
ORD-01810,2024-05-18,2024-05-21,Same Day,C0058
ORD-01811,2024-01-23,2024-01-28,First Class,C0472
ORD-01812,2023-07-17,2023-07-20,Standard Class,C0304
ORD-01813,2023-05-04,2023-05-07,Second Class,C0305
ORD-01814,2024-06-13,2024-06-17,Same Day,C0345
ORD-01815,2022-04-14,2022-04-17,Standard Class,C0130
ORD-01816,2024-10-21,2024-10-23,Standard Class,C0217
ORD-01817,2024-10-03,2024-10-07,Standard Class,C0014
ORD-01818,2023-02-11,2023-02-13,Standard Class,C0359
ORD-01819,2022-06-16,2022-06-21,Second Class,C0377
ORD-01820,2023-05-24,2023-05-31,Standard Class,C0243
ORD-01821,2022-11-09,2022-11-12,Standard Class,C0481
ORD-01822,2024-02-02,2024-02-05,Standard Class,C0145
ORD-01823,2023-11-12,2023-11-13,Standard Class,C0379
ORD-01824,2023-04-22,2023-04-23,Standard Class,C0415
ORD-01825,2022-03-14,2022-03-20,Standard Class,C0394
ORD-01826,2023-08-05,2023-08-07,Standard Class,C0326
ORD-01827,2022-09-19,2022-09-22,First Class,C0103
ORD-01828,2022-09-02,2022-09-07,First Class,C0217
ORD-01829,2023-07-15,2023-07-20,First Class,C0358
ORD-01830,2022-06-24,2022-06-27,Second Class,C0421
ORD-01831,2022-04-19,2022-04-22,Second Class,C0064
ORD-01832,2022-07-02,2022-07-06,Second Class,C0158
ORD-01833,2022-07-11,2022-07-17,Second Class,C0162
ORD-01834,2022-03-06,2022-03-10,Second Class,C0018
ORD-01835,2024-08-20,2024-08-23,Standard Class,C0216
ORD-01836,2024-05-13,2024-05-14,Standard Class,C0319
ORD-01837,2023-01-04,2023-01-06,Second Class,C0049
ORD-01838,2024-04-30,2024-05-03,Standard Class,C0056
ORD-01839,2022-02-12,2022-02-18,Standard Class,C0347
ORD-01840,2023-05-03,2023-05-08,Standard Class,C0058
ORD-01841,2022-03-19,2022-03-26,Standard Class,C0155
ORD-01842,2024-04-05,2024-04-08,Same Day,C0055
ORD-01843,2023-11-05,2023-11-09,Standard Class,C0487
ORD-01844,2023-12-02,2023-12-07,Standard Class,C0341
ORD-01845,2024-01-29,2024-02-02,Standard Class,C0019
ORD-01846,2023-12-29,2024-01-01,First Class,C0487
ORD-01847,2024-07-13,2024-07-16,Standard Class,C0151
ORD-01848,2024-06-20,2024-06-25,Second Class,C0359
ORD-01849,2024-06-07,2024-06-09,First Class,C0368
ORD-01850,2024-09-19,2024-09-25,Standard Class,C0108
ORD-01851,2022-12-05,2022-12-07,Standard Class,C0047
ORD-01852,2022-07-12,2022-07-16,Standard Class,C0207
ORD-01853,2022-10-10,2022-10-14,Second Class,C0363
ORD-01854,2023-01-25,2023-01-29,Second Class,C0450
ORD-01855,2024-09-26,2024-09-29,Standard Class,C0483
ORD-01856,2023-06-09,2023-06-15,Standard Class,C0435
ORD-01857,2023-10-21,2023-10-25,Standard Class,C0340
ORD-01858,2023-12-17,2023-12-19,Second Class,C0412
ORD-01859,2024-06-09,2024-06-13,Standard Class,C0128
ORD-01860,2023-03-28,2023-03-30,Standard Class,C0185
ORD-01861,2023-03-04,2023-03-06,Standard Class,C0058
ORD-01862,2024-11-11,2024-11-14,Second Class,C0143
ORD-01863,2024-06-01,2024-06-06,Second Class,C0400
ORD-01864,2022-11-09,2022-11-12,Standard Class,C0097
ORD-01865,2024-04-19,2024-04-23,Second Class,C0047
ORD-01866,2023-06-03,2023-06-06,Standard Class,C0191
ORD-01867,2023-01-10,2023-01-12,Same Day,C0140
ORD-01868,2023-03-27,2023-04-02,Standard Class,C0103
ORD-01869,2024-10-11,2024-10-15,Second Class,C0231
ORD-01870,2023-08-18,2023-08-24,Standard Class,C0427
ORD-01871,2023-05-15,2023-05-17,Standard Class,C0340
ORD-01872,2023-04-09,2023-04-11,Second Class,C0413
ORD-01873,2022-04-23,2022-04-28,Standard Class,C0491
ORD-01874,2024-11-01,2024-11-05,Standard Class,C0049
ORD-01875,2022-11-27,2022-11-29,Standard Class,C0387
ORD-01876,2022-05-20,2022-05-22,Standard Class,C0112
ORD-01877,2024-06-20,2024-06-25,Standard Class,C0453
ORD-01878,2023-06-01,2023-06-04,Standard Class,C0316
ORD-01879,2023-07-23,2023-07-27,Second Class,C0322
ORD-01880,2024-04-25,2024-04-28,Second Class,C0087
ORD-01881,2024-12-28,2024-12-31,Standard Class,C0382
ORD-01882,2022-04-28,2022-05-05,Standard Class,C0474
ORD-01883,2024-06-06,2024-06-08,First Class,C0282
ORD-01884,2024-12-18,2024-12-21,Standard Class,C0327
ORD-01885,2024-11-22,2024-11-27,Standard Class,C0252
ORD-01886,2022-02-19,2022-02-21,Second Class,C0074
ORD-01887,2022-01-19,2022-01-22,Second Class,C0453
ORD-01888,2023-12-27,2023-12-31,Standard Class,C0047
ORD-01889,2022-07-16,2022-07-19,Standard Class,C0076
ORD-01890,2023-07-13,2023-07-16,Standard Class,C0096
ORD-01891,2023-03-28,2023-03-31,Same Day,C0426
ORD-01892,2022-10-16,2022-10-19,Standard Class,C0031
ORD-01893,2023-01-26,2023-01-30,Same Day,C0022
ORD-01894,2022-08-03,2022-08-07,Standard Class,C0017
ORD-01895,2022-08-03,2022-08-05,Standard Class,C0212
ORD-01896,2022-05-08,2022-05-12,Standard Class,C0148
ORD-01897,2024-01-30,2024-02-05,Second Class,C0235
ORD-01898,2023-02-08,2023-02-11,Standard Class,C0392
ORD-01899,2024-11-18,2024-11-22,Standard Class,C0495
ORD-01900,2022-12-04,2022-12-07,First Class,C0354
ORD-01901,2024-04-10,2024-04-15,Same Day,C0305
ORD-01902,2023-12-15,2023-12-21,Standard Class,C0087
ORD-01903,2022-12-27,2022-12-29,Standard Class,C0038
ORD-01904,2023-07-23,2023-07-26,Second Class,C0053
ORD-01905,2022-08-06,2022-08-09,Second Class,C0028
ORD-01906,2022-07-21,2022-07-24,Standard Class,C0077
ORD-01907,2022-01-17,2022-01-19,First Class,C0413
ORD-01908,2022-11-18,2022-11-23,Standard Class,C0200
ORD-01909,2023-06-02,2023-06-03,Second Class,C0395
ORD-01910,2023-11-12,2023-11-15,Standard Class,C0431
ORD-01911,2023-03-01,2023-03-05,Standard Class,C0173
ORD-01912,2024-10-15,2024-10-17,Standard Class,C0274
ORD-01913,2023-01-22,2023-01-28,Second Class,C0050
ORD-01914,2024-02-17,2024-02-22,Same Day,C0345
ORD-01915,2022-04-08,2022-04-11,Standard Class,C0177
ORD-01916,2022-07-27,2022-07-30,Standard Class,C0406
ORD-01917,2023-08-09,2023-08-11,Standard Class,C0301
ORD-01918,2022-06-15,2022-06-19,First Class,C0445
ORD-01919,2022-01-22,2022-01-24,Same Day,C0227
ORD-01920,2022-06-03,2022-06-07,Second Class,C0127
ORD-01921,2022-08-07,2022-08-12,Standard Class,C0349
ORD-01922,2023-10-31,2023-11-02,Same Day,C0021
ORD-01923,2022-08-18,2022-08-23,Standard Class,C0199
ORD-01924,2022-01-20,2022-01-21,Standard Class,C0189
ORD-01925,2023-07-07,2023-07-13,Standard Class,C0332
ORD-01926,2024-08-07,2024-08-09,Standard Class,C0420
ORD-01927,2022-05-28,2022-06-01,First Class,C0152
ORD-01928,2023-02-07,2023-02-09,Second Class,C0160
ORD-01929,2023-08-19,2023-08-24,Standard Class,C0347
ORD-01930,2023-01-02,2023-01-05,Standard Class,C0480
ORD-01931,2024-03-12,2024-03-14,Standard Class,C0443
ORD-01932,2024-07-06,2024-07-09,Standard Class,C0096
ORD-01933,2022-03-14,2022-03-17,Standard Class,C0352
ORD-01934,2023-04-26,2023-04-30,Standard Class,C0474
ORD-01935,2023-07-14,2023-07-19,Second Class,C0075
ORD-01936,2024-01-15,2024-01-18,First Class,C0366
ORD-01937,2022-04-10,2022-04-12,First Class,C0082
ORD-01938,2024-12-18,2024-12-19,Same Day,C0128
ORD-01939,2023-05-23,2023-05-26,Second Class,C0359
ORD-01940,2022-09-15,2022-09-18,Standard Class,C0133
ORD-01941,2023-02-17,2023-02-20,First Class,C0400
ORD-01942,2024-12-24,2024-12-26,Standard Class,C0139
ORD-01943,2023-08-18,2023-08-21,Second Class,C0246
ORD-01944,2022-09-23,2022-09-30,Standard Class,C0291
ORD-01945,2024-03-31,2024-04-02,First Class,C0112
ORD-01946,2023-10-24,2023-10-27,Standard Class,C0203
ORD-01947,2024-08-04,2024-08-08,Standard Class,C0170
ORD-01948,2023-07-14,2023-07-18,Standard Class,C0087
ORD-01949,2024-07-05,2024-07-08,Standard Class,C0119
ORD-01950,2024-06-09,2024-06-13,Same Day,C0098
ORD-01951,2024-05-17,2024-05-22,Standard Class,C0240
ORD-01952,2023-09-02,2023-09-03,Standard Class,C0337
ORD-01953,2023-02-18,2023-02-21,First Class,C0138
ORD-01954,2022-01-25,2022-01-27,Second Class,C0082
ORD-01955,2022-10-11,2022-10-14,Standard Class,C0236
ORD-01956,2024-05-30,2024-06-02,Standard Class,C0136
ORD-01957,2022-10-28,2022-11-01,Standard Class,C0282
ORD-01958,2024-12-27,2024-12-29,First Class,C0003
ORD-01959,2024-10-27,2024-10-30,Second Class,C0059
ORD-01960,2024-03-27,2024-03-30,Same Day,C0116
ORD-01961,2022-03-24,2022-03-27,Standard Class,C0472
ORD-01962,2022-02-15,2022-02-19,Standard Class,C0131
ORD-01963,2023-09-10,2023-09-13,Standard Class,C0422
ORD-01964,2024-07-16,2024-07-22,Second Class,C0386
ORD-01965,2022-09-19,2022-09-22,Standard Class,C0483
ORD-01966,2022-06-25,2022-06-28,Standard Class,C0401
ORD-01967,2023-10-19,2023-10-24,Standard Class,C0201
ORD-01968,2024-04-21,2024-04-23,Standard Class,C0292
ORD-01969,2023-01-05,2023-01-07,Second Class,C0342
ORD-01970,2022-02-23,2022-02-27,Standard Class,C0479
ORD-01971,2023-11-21,2023-11-24,Standard Class,C0098
ORD-01972,2023-01-02,2023-01-07,Standard Class,C0216
ORD-01973,2023-10-06,2023-10-13,First Class,C0124
ORD-01974,2023-01-14,2023-01-17,Standard Class,C0073
ORD-01975,2022-03-14,2022-03-17,Standard Class,C0366
ORD-01976,2024-07-03,2024-07-06,Standard Class,C0378
ORD-01977,2024-05-09,2024-05-12,Standard Class,C0491
ORD-01978,2022-02-12,2022-02-16,First Class,C0130
ORD-01979,2023-01-12,2023-01-16,Standard Class,C0469
ORD-01980,2024-11-30,2024-12-03,First Class,C0418
ORD-01981,2022-06-19,2022-06-20,Standard Class,C0027
ORD-01982,2022-07-31,2022-08-03,First Class,C0165
ORD-01983,2022-02-08,2022-02-10,Second Class,C0455
ORD-01984,2023-01-04,2023-01-09,Standard Class,C0406
ORD-01985,2024-01-27,2024-01-29,Second Class,C0068
ORD-01986,2022-05-31,2022-06-05,Standard Class,C0014
ORD-01987,2024-12-06,2024-12-10,Standard Class,C0098
ORD-01988,2024-10-20,2024-10-24,Standard Class,C0279
ORD-01989,2024-01-07,2024-01-10,Standard Class,C0428
ORD-01990,2022-03-10,2022-03-14,Second Class,C0490
ORD-01991,2022-10-26,2022-10-30,Standard Class,C0473
ORD-01992,2024-08-01,2024-08-05,First Class,C0449
ORD-01993,2024-03-12,2024-03-15,Standard Class,C0371
ORD-01994,2022-10-23,2022-10-26,Standard Class,C0247
ORD-01995,2022-07-22,2022-07-26,First Class,C0112
ORD-01996,2022-03-02,2022-03-04,Second Class,C0207
ORD-01997,2024-08-03,2024-08-06,Second Class,C0352
ORD-01998,2024-08-20,2024-08-27,Second Class,C0334
ORD-01999,2022-11-27,2022-11-28,First Class,C0233
ORD-02000,2022-12-04,2022-12-07,Standard Class,C0061
ORD-02001,2023-10-01,2023-10-04,Second Class,C0085
ORD-02002,2022-10-02,2022-10-06,Standard Class,C0183
ORD-02003,2022-11-15,2022-11-17,Standard Class,C0239
ORD-02004,2023-08-12,2023-08-16,Standard Class,C0250
ORD-02005,2023-05-19,2023-05-21,Standard Class,C0071
ORD-02006,2023-01-22,2023-01-24,Standard Class,C0228
ORD-02007,2024-05-19,2024-05-23,First Class,C0085
ORD-02008,2024-04-12,2024-04-15,Second Class,C0306
ORD-02009,2024-10-11,2024-10-18,Standard Class,C0488
ORD-02010,2023-08-26,2023-08-27,Standard Class,C0396
ORD-02011,2023-11-22,2023-11-25,Standard Class,C0463
ORD-02012,2023-05-09,2023-05-11,Standard Class,C0271
ORD-02013,2023-05-05,2023-05-08,Second Class,C0401
ORD-02014,2023-12-22,2023-12-29,Standard Class,C0290
ORD-02015,2023-05-24,2023-05-29,Standard Class,C0236
ORD-02016,2023-01-25,2023-01-26,First Class,C0291
ORD-02017,2022-10-22,2022-10-25,Second Class,C0039
ORD-02018,2024-03-06,2024-03-10,Second Class,C0486
ORD-02019,2024-05-14,2024-05-16,Second Class,C0206
ORD-02020,2023-07-03,2023-07-05,Standard Class,C0183
ORD-02021,2023-10-11,2023-10-17,Standard Class,C0187
ORD-02022,2023-07-22,2023-07-28,First Class,C0133
ORD-02023,2024-05-02,2024-05-09,Second Class,C0030
ORD-02024,2024-02-09,2024-02-13,Standard Class,C0388
ORD-02025,2023-03-21,2023-03-25,Standard Class,C0255
ORD-02026,2022-12-29,2023-01-01,Second Class,C0143
ORD-02027,2022-05-03,2022-05-05,Standard Class,C0103
ORD-02028,2024-01-12,2024-01-14,Standard Class,C0419
ORD-02029,2023-11-11,2023-11-15,Standard Class,C0493
ORD-02030,2023-02-24,2023-02-28,Standard Class,C0074
ORD-02031,2022-04-02,2022-04-07,Standard Class,C0055
ORD-02032,2022-03-04,2022-03-10,Standard Class,C0450
ORD-02033,2023-05-27,2023-06-01,Second Class,C0236
ORD-02034,2024-02-11,2024-02-18,Standard Class,C0060
ORD-02035,2022-09-13,2022-09-15,Standard Class,C0024
ORD-02036,2022-05-15,2022-05-19,Standard Class,C0476
ORD-02037,2024-05-24,2024-05-27,Same Day,C0022
ORD-02038,2024-04-01,2024-04-03,Standard Class,C0428
ORD-02039,2022-03-29,2022-04-05,Standard Class,C0032
ORD-02040,2024-09-14,2024-09-19,Second Class,C0351
ORD-02041,2024-04-02,2024-04-04,Standard Class,C0339
ORD-02042,2024-10-23,2024-10-24,Standard Class,C0435
ORD-02043,2024-08-31,2024-09-04,Standard Class,C0469
ORD-02044,2024-07-22,2024-07-26,Same Day,C0003
ORD-02045,2022-05-01,2022-05-07,First Class,C0070
ORD-02046,2024-11-27,2024-11-29,First Class,C0160
ORD-02047,2024-10-04,2024-10-06,Standard Class,C0386
ORD-02048,2024-07-13,2024-07-15,First Class,C0088
ORD-02049,2023-10-07,2023-10-08,Standard Class,C0365
ORD-02050,2023-12-15,2023-12-16,Second Class,C0059
ORD-02051,2024-05-09,2024-05-15,Second Class,C0252
ORD-02052,2022-01-21,2022-01-24,Standard Class,C0219
ORD-02053,2022-08-30,2022-09-02,Second Class,C0201
ORD-02054,2023-03-31,2023-04-01,Standard Class,C0077
ORD-02055,2024-08-20,2024-08-22,Standard Class,C0255
ORD-02056,2023-09-13,2023-09-18,First Class,C0247
ORD-02057,2022-10-30,2022-11-03,Standard Class,C0270
ORD-02058,2024-03-13,2024-03-17,Standard Class,C0307
ORD-02059,2024-08-21,2024-08-24,Standard Class,C0139
ORD-02060,2022-03-10,2022-03-13,First Class,C0078
ORD-02061,2022-07-15,2022-07-18,Standard Class,C0080
ORD-02062,2022-05-20,2022-05-23,Standard Class,C0010
ORD-02063,2022-10-10,2022-10-15,First Class,C0468
ORD-02064,2022-11-08,2022-11-10,Standard Class,C0336
ORD-02065,2024-01-16,2024-01-20,Standard Class,C0124
ORD-02066,2022-10-04,2022-10-06,Second Class,C0186
ORD-02067,2022-03-02,2022-03-06,Standard Class,C0034
ORD-02068,2022-02-21,2022-02-27,First Class,C0121
ORD-02069,2022-06-02,2022-06-06,Standard Class,C0080
ORD-02070,2023-06-28,2023-07-01,First Class,C0206
ORD-02071,2023-07-21,2023-07-27,First Class,C0053
ORD-02072,2023-09-14,2023-09-18,Standard Class,C0156
ORD-02073,2022-11-10,2022-11-12,Standard Class,C0274
ORD-02074,2024-03-17,2024-03-19,Same Day,C0410
ORD-02075,2024-04-27,2024-05-01,Standard Class,C0358
ORD-02076,2022-04-07,2022-04-11,Standard Class,C0135
ORD-02077,2024-05-30,2024-06-02,Second Class,C0429
ORD-02078,2024-04-08,2024-04-11,Second Class,C0098
ORD-02079,2022-05-17,2022-05-24,First Class,C0495
ORD-02080,2024-10-26,2024-10-28,Standard Class,C0241
ORD-02081,2024-10-07,2024-10-10,Standard Class,C0045
ORD-02082,2022-04-19,2022-04-21,First Class,C0199
ORD-02083,2023-07-01,2023-07-06,First Class,C0481
ORD-02084,2024-11-28,2024-11-30,Second Class,C0291
ORD-02085,2023-10-24,2023-10-28,Same Day,C0436
ORD-02086,2023-03-01,2023-03-03,Second Class,C0114
ORD-02087,2023-09-22,2023-09-26,Standard Class,C0487
ORD-02088,2022-09-18,2022-09-23,First Class,C0277
ORD-02089,2022-03-28,2022-03-31,Standard Class,C0241
ORD-02090,2023-04-10,2023-04-13,Standard Class,C0156
ORD-02091,2022-03-17,2022-03-20,Standard Class,C0352
ORD-02092,2023-04-16,2023-04-19,Second Class,C0044
ORD-02093,2023-02-18,2023-02-23,Same Day,C0080
ORD-02094,2024-04-04,2024-04-06,Standard Class,C0312
ORD-02095,2024-06-13,2024-06-17,Standard Class,C0138
ORD-02096,2023-12-27,2023-12-29,Standard Class,C0151
ORD-02097,2023-04-02,2023-04-04,First Class,C0432
ORD-02098,2023-10-15,2023-10-18,Second Class,C0436
ORD-02099,2023-11-03,2023-11-06,Standard Class,C0242
ORD-02100,2023-05-10,2023-05-13,Second Class,C0143
ORD-02101,2024-12-04,2024-12-08,Standard Class,C0311
ORD-02102,2023-08-20,2023-08-22,Standard Class,C0299
ORD-02103,2023-03-26,2023-03-27,Standard Class,C0050
ORD-02104,2023-04-30,2023-05-04,First Class,C0262
ORD-02105,2023-10-08,2023-10-13,Standard Class,C0161
ORD-02106,2023-09-12,2023-09-14,Second Class,C0062
ORD-02107,2024-11-07,2024-11-11,Standard Class,C0055
ORD-02108,2023-10-24,2023-10-27,Standard Class,C0423
ORD-02109,2024-01-28,2024-02-01,Standard Class,C0396
ORD-02110,2022-10-16,2022-10-21,Standard Class,C0372
ORD-02111,2023-12-22,2023-12-27,Standard Class,C0484
ORD-02112,2023-09-30,2023-10-04,Second Class,C0031
ORD-02113,2022-08-23,2022-08-25,Standard Class,C0330
ORD-02114,2023-02-20,2023-02-25,Second Class,C0437
ORD-02115,2024-07-26,2024-07-29,Standard Class,C0290
ORD-02116,2023-05-14,2023-05-16,Standard Class,C0169
ORD-02117,2024-08-31,2024-09-03,Standard Class,C0266
ORD-02118,2023-09-26,2023-10-02,Same Day,C0308
ORD-02119,2024-10-16,2024-10-21,Standard Class,C0459
ORD-02120,2022-04-25,2022-04-27,Standard Class,C0185
ORD-02121,2024-07-20,2024-07-24,First Class,C0334
ORD-02122,2023-11-05,2023-11-10,Standard Class,C0003
ORD-02123,2024-10-31,2024-11-02,First Class,C0441
ORD-02124,2022-07-25,2022-07-28,Standard Class,C0161
ORD-02125,2022-09-04,2022-09-08,Second Class,C0391
ORD-02126,2024-01-28,2024-01-31,Standard Class,C0260
ORD-02127,2022-05-27,2022-05-29,First Class,C0423
ORD-02128,2022-04-28,2022-05-02,Standard Class,C0048
ORD-02129,2023-02-16,2023-02-22,Standard Class,C0254
ORD-02130,2022-12-29,2023-01-02,Standard Class,C0074
ORD-02131,2022-05-17,2022-05-21,Standard Class,C0335
ORD-02132,2024-08-15,2024-08-18,Second Class,C0400
ORD-02133,2022-01-19,2022-01-21,Standard Class,C0166
ORD-02134,2022-07-14,2022-07-18,Standard Class,C0260
ORD-02135,2022-11-26,2022-11-29,Standard Class,C0004
ORD-02136,2022-06-24,2022-06-29,Standard Class,C0376
ORD-02137,2024-09-28,2024-09-30,Standard Class,C0119
ORD-02138,2023-03-25,2023-03-28,Standard Class,C0484
ORD-02139,2024-08-03,2024-08-06,Second Class,C0411
ORD-02140,2022-05-21,2022-05-27,Same Day,C0470
ORD-02141,2024-01-28,2024-01-30,Standard Class,C0470
ORD-02142,2024-07-18,2024-07-19,Second Class,C0273
ORD-02143,2022-04-03,2022-04-05,Standard Class,C0493
ORD-02144,2022-08-27,2022-09-01,Standard Class,C0226
ORD-02145,2022-07-24,2022-07-26,Standard Class,C0352
ORD-02146,2023-07-14,2023-07-16,Standard Class,C0500
ORD-02147,2022-09-02,2022-09-04,Standard Class,C0070
ORD-02148,2024-04-11,2024-04-15,First Class,C0182
ORD-02149,2024-07-13,2024-07-15,First Class,C0353
ORD-02150,2022-10-22,2022-10-25,Standard Class,C0264
ORD-02151,2023-10-02,2023-10-04,Standard Class,C0370
ORD-02152,2024-05-05,2024-05-08,Same Day,C0181
ORD-02153,2022-01-17,2022-01-21,Standard Class,C0484
ORD-02154,2022-03-12,2022-03-15,Second Class,C0005
ORD-02155,2022-11-01,2022-11-07,Standard Class,C0197
ORD-02156,2024-10-27,2024-11-02,Standard Class,C0047
ORD-02157,2024-03-27,2024-03-30,Standard Class,C0458
ORD-02158,2024-03-31,2024-04-04,First Class,C0040
ORD-02159,2022-07-12,2022-07-16,First Class,C0122
ORD-02160,2023-06-13,2023-06-18,Standard Class,C0135
ORD-02161,2022-06-20,2022-06-23,First Class,C0140
ORD-02162,2022-09-08,2022-09-11,Standard Class,C0350
ORD-02163,2023-06-25,2023-06-28,Standard Class,C0153
ORD-02164,2023-02-20,2023-02-25,Second Class,C0028
ORD-02165,2024-03-04,2024-03-06,Standard Class,C0427
ORD-02166,2022-01-25,2022-01-27,Standard Class,C0077
ORD-02167,2023-10-30,2023-11-02,Standard Class,C0175
ORD-02168,2023-09-24,2023-09-26,Same Day,C0049
ORD-02169,2023-05-20,2023-05-23,First Class,C0342
ORD-02170,2022-12-02,2022-12-04,First Class,C0310
ORD-02171,2023-03-01,2023-03-04,Standard Class,C0274
ORD-02172,2023-05-14,2023-05-20,Second Class,C0027
ORD-02173,2024-08-04,2024-08-07,Standard Class,C0328
ORD-02174,2023-09-22,2023-09-26,Same Day,C0390
ORD-02175,2023-12-19,2023-12-21,Standard Class,C0459
ORD-02176,2022-12-05,2022-12-07,Standard Class,C0221
ORD-02177,2023-10-21,2023-10-26,Standard Class,C0122
ORD-02178,2024-08-19,2024-08-23,First Class,C0361
ORD-02179,2023-03-05,2023-03-08,Second Class,C0069
ORD-02180,2024-06-17,2024-06-23,Standard Class,C0071
ORD-02181,2022-05-19,2022-05-25,Standard Class,C0150
ORD-02182,2024-07-30,2024-08-05,First Class,C0187
ORD-02183,2023-06-26,2023-06-29,Standard Class,C0431
ORD-02184,2022-02-26,2022-02-28,First Class,C0373
ORD-02185,2023-10-20,2023-10-24,First Class,C0246
ORD-02186,2023-03-11,2023-03-15,Standard Class,C0196
ORD-02187,2023-01-19,2023-01-21,Standard Class,C0032
ORD-02188,2023-07-14,2023-07-18,Standard Class,C0467
ORD-02189,2022-07-13,2022-07-14,Standard Class,C0109
ORD-02190,2023-06-18,2023-06-21,Standard Class,C0353
ORD-02191,2023-06-02,2023-06-05,Second Class,C0001
ORD-02192,2023-12-17,2023-12-21,Standard Class,C0182
ORD-02193,2024-01-21,2024-01-24,Standard Class,C0174
ORD-02194,2022-07-04,2022-07-09,Second Class,C0169
ORD-02195,2022-10-19,2022-10-22,Second Class,C0248
ORD-02196,2024-01-02,2024-01-06,First Class,C0108
ORD-02197,2022-04-26,2022-05-03,Standard Class,C0370
ORD-02198,2024-04-04,2024-04-08,Second Class,C0297
ORD-02199,2024-12-08,2024-12-15,First Class,C0264
ORD-02200,2023-11-16,2023-11-17,Standard Class,C0416
ORD-02201,2022-03-23,2022-03-26,Standard Class,C0030
ORD-02202,2024-04-13,2024-04-15,Standard Class,C0302
ORD-02203,2022-11-29,2022-12-01,First Class,C0476
ORD-02204,2023-07-11,2023-07-16,Standard Class,C0361
ORD-02205,2022-12-01,2022-12-02,First Class,C0436
ORD-02206,2023-06-16,2023-06-19,First Class,C0352
ORD-02207,2022-08-09,2022-08-12,Standard Class,C0473
ORD-02208,2023-09-27,2023-09-30,Standard Class,C0482
ORD-02209,2022-11-19,2022-11-22,Standard Class,C0317
ORD-02210,2022-01-03,2022-01-07,Standard Class,C0225
ORD-02211,2022-07-25,2022-07-27,Second Class,C0397
ORD-02212,2022-02-09,2022-02-12,Second Class,C0089
ORD-02213,2022-02-28,2022-03-04,Standard Class,C0234
ORD-02214,2024-08-08,2024-08-12,First Class,C0168
ORD-02215,2023-07-28,2023-07-31,Standard Class,C0231
ORD-02216,2023-10-06,2023-10-11,Standard Class,C0126
ORD-02217,2024-04-22,2024-04-25,Standard Class,C0061
ORD-02218,2023-09-11,2023-09-14,Standard Class,C0120
ORD-02219,2022-04-06,2022-04-07,Same Day,C0428
ORD-02220,2024-06-16,2024-06-19,Second Class,C0497
ORD-02221,2024-12-21,2024-12-25,Standard Class,C0190
ORD-02222,2023-07-15,2023-07-17,Standard Class,C0121
ORD-02223,2024-06-23,2024-06-26,Standard Class,C0428
ORD-02224,2022-12-14,2022-12-18,Standard Class,C0048
ORD-02225,2023-11-02,2023-11-05,Second Class,C0202
ORD-02226,2022-11-13,2022-11-15,First Class,C0059
ORD-02227,2023-12-20,2023-12-24,First Class,C0185
ORD-02228,2024-12-07,2024-12-09,Standard Class,C0223
ORD-02229,2022-09-07,2022-09-12,Standard Class,C0492
ORD-02230,2022-11-10,2022-11-12,Standard Class,C0011
ORD-02231,2024-03-17,2024-03-21,Standard Class,C0281
ORD-02232,2023-04-30,2023-05-03,Standard Class,C0189
ORD-02233,2022-02-13,2022-02-18,Standard Class,C0302
ORD-02234,2023-07-25,2023-07-27,Standard Class,C0310
ORD-02235,2023-08-06,2023-08-10,Second Class,C0500
ORD-02236,2024-06-13,2024-06-16,Second Class,C0237
ORD-02237,2022-08-08,2022-08-11,Standard Class,C0034
ORD-02238,2024-07-13,2024-07-16,Second Class,C0340
ORD-02239,2023-02-05,2023-02-09,Standard Class,C0135
ORD-02240,2023-12-28,2024-01-03,Standard Class,C0481
ORD-02241,2024-09-17,2024-09-19,First Class,C0062
ORD-02242,2024-06-17,2024-06-18,Standard Class,C0313
ORD-02243,2024-05-07,2024-05-12,First Class,C0227
ORD-02244,2024-03-14,2024-03-16,Standard Class,C0093
ORD-02245,2023-05-05,2023-05-12,Standard Class,C0116
ORD-02246,2024-07-26,2024-07-30,Standard Class,C0332
ORD-02247,2024-04-23,2024-04-27,Second Class,C0133
ORD-02248,2022-09-24,2022-09-26,First Class,C0332
ORD-02249,2022-02-23,2022-02-25,Second Class,C0477
ORD-02250,2023-06-12,2023-06-16,Second Class,C0419
ORD-02251,2023-09-08,2023-09-14,Standard Class,C0468
ORD-02252,2024-12-18,2024-12-25,Standard Class,C0293
ORD-02253,2024-11-29,2024-12-01,Second Class,C0444
ORD-02254,2024-08-12,2024-08-14,Standard Class,C0193
ORD-02255,2023-01-21,2023-01-23,Same Day,C0400
ORD-02256,2024-01-04,2024-01-09,Standard Class,C0030
ORD-02257,2023-12-17,2023-12-19,Standard Class,C0457
ORD-02258,2023-10-12,2023-10-13,Standard Class,C0298
ORD-02259,2022-10-27,2022-10-29,First Class,C0061
ORD-02260,2023-01-30,2023-02-02,First Class,C0458
ORD-02261,2023-08-16,2023-08-23,Standard Class,C0461
ORD-02262,2023-05-29,2023-06-01,Standard Class,C0304
ORD-02263,2023-01-31,2023-02-02,Standard Class,C0446
ORD-02264,2023-01-06,2023-01-09,Standard Class,C0340
ORD-02265,2024-05-07,2024-05-10,Same Day,C0349
ORD-02266,2024-03-01,2024-03-02,Standard Class,C0448
ORD-02267,2023-10-20,2023-10-22,Standard Class,C0441
ORD-02268,2024-01-06,2024-01-10,Standard Class,C0324
ORD-02269,2023-01-19,2023-01-21,Standard Class,C0302
ORD-02270,2022-03-03,2022-03-05,First Class,C0369
ORD-02271,2023-05-20,2023-05-23,Standard Class,C0028
ORD-02272,2022-08-27,2022-08-31,Standard Class,C0485
ORD-02273,2022-07-14,2022-07-17,Same Day,C0077
ORD-02274,2023-11-09,2023-11-13,Standard Class,C0121
ORD-02275,2022-03-02,2022-03-05,Second Class,C0003
ORD-02276,2024-09-16,2024-09-20,Standard Class,C0037
ORD-02277,2023-11-16,2023-11-17,Standard Class,C0432
ORD-02278,2022-06-05,2022-06-11,Standard Class,C0147
ORD-02279,2024-07-11,2024-07-13,Standard Class,C0092
ORD-02280,2024-05-17,2024-05-20,Standard Class,C0339
ORD-02281,2024-06-21,2024-06-25,Standard Class,C0273
ORD-02282,2024-09-25,2024-09-28,Standard Class,C0466
ORD-02283,2024-09-01,2024-09-07,Standard Class,C0466
ORD-02284,2023-01-23,2023-01-26,Second Class,C0377
ORD-02285,2024-06-05,2024-06-10,First Class,C0087
ORD-02286,2024-04-17,2024-04-22,Standard Class,C0040
ORD-02287,2022-12-06,2022-12-13,Standard Class,C0178
ORD-02288,2022-07-23,2022-07-29,First Class,C0329
ORD-02289,2022-06-10,2022-06-15,Second Class,C0285
ORD-02290,2023-01-27,2023-01-31,Standard Class,C0435
ORD-02291,2024-02-08,2024-02-11,Standard Class,C0042
ORD-02292,2023-07-29,2023-07-31,Standard Class,C0285
ORD-02293,2023-06-18,2023-06-22,Standard Class,C0066
ORD-02294,2024-12-29,2025-01-05,First Class,C0124
ORD-02295,2024-06-11,2024-06-15,Second Class,C0145
ORD-02296,2023-02-09,2023-02-15,Second Class,C0120
ORD-02297,2023-08-31,2023-09-05,Standard Class,C0109
ORD-02298,2024-04-07,2024-04-09,Standard Class,C0415
ORD-02299,2023-11-21,2023-11-23,First Class,C0092
ORD-02300,2024-06-20,2024-06-23,Standard Class,C0491
ORD-02301,2022-02-25,2022-02-27,Standard Class,C0368
ORD-02302,2023-01-01,2023-01-04,Standard Class,C0308
ORD-02303,2023-03-31,2023-04-07,Standard Class,C0423
ORD-02304,2022-04-14,2022-04-18,Standard Class,C0060
ORD-02305,2022-03-18,2022-03-21,Standard Class,C0350
ORD-02306,2022-08-18,2022-08-19,First Class,C0227
ORD-02307,2022-11-27,2022-11-30,Second Class,C0240
ORD-02308,2024-06-11,2024-06-14,Standard Class,C0435
ORD-02309,2023-11-19,2023-11-22,Second Class,C0212
ORD-02310,2022-01-27,2022-01-29,Standard Class,C0400
ORD-02311,2022-10-26,2022-10-29,Standard Class,C0098
ORD-02312,2024-08-14,2024-08-16,Second Class,C0014
ORD-02313,2024-03-09,2024-03-15,Standard Class,C0218
ORD-02314,2023-04-25,2023-04-27,Standard Class,C0468
ORD-02315,2023-07-27,2023-07-28,Second Class,C0170
ORD-02316,2023-04-03,2023-04-04,First Class,C0307
ORD-02317,2022-12-31,2023-01-03,Standard Class,C0280
ORD-02318,2024-05-08,2024-05-12,Standard Class,C0363
ORD-02319,2022-12-17,2022-12-21,Standard Class,C0210
ORD-02320,2022-09-10,2022-09-13,Standard Class,C0256
ORD-02321,2024-02-20,2024-02-24,Standard Class,C0171
ORD-02322,2024-03-13,2024-03-16,Standard Class,C0073
ORD-02323,2024-10-08,2024-10-12,Second Class,C0147
ORD-02324,2023-04-04,2023-04-05,Standard Class,C0340
ORD-02325,2024-07-05,2024-07-08,Standard Class,C0317
ORD-02326,2023-05-14,2023-05-18,Standard Class,C0106
ORD-02327,2024-08-07,2024-08-12,Standard Class,C0094
ORD-02328,2023-05-23,2023-05-27,Same Day,C0063
ORD-02329,2023-05-16,2023-05-18,Standard Class,C0154
ORD-02330,2024-03-13,2024-03-15,First Class,C0255
ORD-02331,2023-08-21,2023-08-28,First Class,C0351
ORD-02332,2022-06-15,2022-06-17,First Class,C0035
ORD-02333,2023-04-07,2023-04-09,Standard Class,C0323
ORD-02334,2024-07-08,2024-07-10,First Class,C0312
ORD-02335,2022-04-24,2022-04-27,Standard Class,C0296
ORD-02336,2024-09-18,2024-09-20,Standard Class,C0253
ORD-02337,2022-07-26,2022-07-29,Standard Class,C0157
ORD-02338,2023-05-30,2023-06-02,Standard Class,C0134
ORD-02339,2023-12-10,2023-12-16,Standard Class,C0436
ORD-02340,2022-05-18,2022-05-19,Standard Class,C0129
ORD-02341,2022-12-05,2022-12-08,Standard Class,C0436
ORD-02342,2023-06-21,2023-06-24,Second Class,C0280
ORD-02343,2022-03-09,2022-03-13,Standard Class,C0358
ORD-02344,2023-01-18,2023-01-21,Standard Class,C0418
ORD-02345,2022-01-19,2022-01-24,Same Day,C0371
ORD-02346,2023-11-14,2023-11-16,Standard Class,C0252
ORD-02347,2022-03-15,2022-03-20,Second Class,C0135
ORD-02348,2023-07-27,2023-07-30,Same Day,C0331
ORD-02349,2024-07-27,2024-07-29,Standard Class,C0011
ORD-02350,2024-12-07,2024-12-12,Standard Class,C0292
ORD-02351,2022-07-30,2022-08-03,First Class,C0148
ORD-02352,2024-05-04,2024-05-06,First Class,C0319
ORD-02353,2023-10-13,2023-10-14,Second Class,C0080
ORD-02354,2024-09-20,2024-09-22,Standard Class,C0191
ORD-02355,2023-11-26,2023-11-30,First Class,C0453
ORD-02356,2023-06-24,2023-06-26,Standard Class,C0344
ORD-02357,2024-06-19,2024-06-21,Standard Class,C0030
ORD-02358,2024-02-19,2024-02-20,Standard Class,C0414
ORD-02359,2022-06-19,2022-06-23,Standard Class,C0359
ORD-02360,2024-11-03,2024-11-08,Second Class,C0368
ORD-02361,2022-10-15,2022-10-19,First Class,C0495
ORD-02362,2022-07-08,2022-07-10,Second Class,C0229
ORD-02363,2024-07-02,2024-07-08,Standard Class,C0481
ORD-02364,2023-11-25,2023-11-29,Standard Class,C0084
ORD-02365,2024-06-06,2024-06-11,Second Class,C0150
ORD-02366,2023-04-16,2023-04-19,Standard Class,C0361
ORD-02367,2022-10-04,2022-10-07,First Class,C0189
ORD-02368,2024-07-28,2024-08-01,First Class,C0021
ORD-02369,2023-07-25,2023-07-27,Second Class,C0037
ORD-02370,2024-05-06,2024-05-09,Standard Class,C0246
ORD-02371,2024-09-27,2024-10-02,Second Class,C0283
ORD-02372,2023-04-03,2023-04-08,First Class,C0102
ORD-02373,2024-07-06,2024-07-12,Standard Class,C0419
ORD-02374,2024-04-12,2024-04-16,First Class,C0294
ORD-02375,2024-12-23,2024-12-25,Standard Class,C0232
ORD-02376,2024-04-18,2024-04-19,Standard Class,C0316
ORD-02377,2022-07-12,2022-07-15,Second Class,C0326
ORD-02378,2023-09-08,2023-09-11,Second Class,C0288
ORD-02379,2023-02-10,2023-02-12,First Class,C0336
ORD-02380,2024-07-31,2024-08-02,Standard Class,C0476
ORD-02381,2023-12-22,2023-12-25,Standard Class,C0464
ORD-02382,2022-04-03,2022-04-07,Second Class,C0411
ORD-02383,2023-03-06,2023-03-13,Standard Class,C0245
ORD-02384,2023-10-16,2023-10-20,Standard Class,C0387
ORD-02385,2023-03-10,2023-03-14,Standard Class,C0177
ORD-02386,2023-01-10,2023-01-14,Standard Class,C0213
ORD-02387,2024-12-18,2024-12-25,Second Class,C0358
ORD-02388,2024-12-02,2024-12-06,Second Class,C0102
ORD-02389,2022-07-26,2022-07-31,Standard Class,C0286
ORD-02390,2024-02-19,2024-02-25,Standard Class,C0022
ORD-02391,2023-06-16,2023-06-22,Standard Class,C0019
ORD-02392,2022-06-15,2022-06-18,Standard Class,C0287
ORD-02393,2023-10-05,2023-10-07,Standard Class,C0276
ORD-02394,2022-03-31,2022-04-02,Standard Class,C0495
ORD-02395,2022-01-13,2022-01-15,Second Class,C0147
ORD-02396,2024-08-30,2024-09-01,Second Class,C0386
ORD-02397,2024-03-15,2024-03-17,Standard Class,C0040
ORD-02398,2024-08-02,2024-08-05,Second Class,C0167
ORD-02399,2024-01-12,2024-01-15,First Class,C0091
ORD-02400,2024-05-25,2024-05-29,Standard Class,C0072
ORD-02401,2023-10-22,2023-10-24,Standard Class,C0365
ORD-02402,2024-10-28,2024-11-01,Standard Class,C0438
ORD-02403,2024-11-18,2024-11-22,Standard Class,C0283
ORD-02404,2022-10-23,2022-10-26,Second Class,C0335
ORD-02405,2024-09-12,2024-09-18,First Class,C0140
ORD-02406,2024-07-14,2024-07-16,Standard Class,C0239
ORD-02407,2023-10-02,2023-10-04,Second Class,C0078
ORD-02408,2022-12-06,2022-12-09,Second Class,C0199
ORD-02409,2023-09-20,2023-09-22,Standard Class,C0017
ORD-02410,2023-03-15,2023-03-18,Standard Class,C0218
ORD-02411,2024-07-30,2024-08-02,First Class,C0229
ORD-02412,2024-04-09,2024-04-11,First Class,C0340
ORD-02413,2023-06-03,2023-06-05,Second Class,C0138
ORD-02414,2024-09-02,2024-09-05,First Class,C0147
ORD-02415,2024-12-04,2024-12-08,Standard Class,C0210
ORD-02416,2024-08-12,2024-08-15,Standard Class,C0158
ORD-02417,2024-08-09,2024-08-11,Standard Class,C0414
ORD-02418,2024-08-01,2024-08-03,Standard Class,C0153
ORD-02419,2022-06-04,2022-06-05,First Class,C0344
ORD-02420,2022-03-29,2022-03-30,Same Day,C0330
ORD-02421,2024-07-19,2024-07-24,First Class,C0383
ORD-02422,2022-06-28,2022-06-29,Standard Class,C0450
ORD-02423,2022-07-31,2022-08-04,Standard Class,C0358
ORD-02424,2023-04-10,2023-04-15,Standard Class,C0352
ORD-02425,2023-09-23,2023-09-25,Standard Class,C0163
ORD-02426,2024-04-04,2024-04-07,Second Class,C0307
ORD-02427,2023-08-30,2023-09-05,Standard Class,C0101
ORD-02428,2024-06-03,2024-06-08,First Class,C0327
ORD-02429,2023-01-01,2023-01-04,First Class,C0327
ORD-02430,2022-10-03,2022-10-07,Standard Class,C0155
ORD-02431,2023-01-15,2023-01-20,Standard Class,C0010
ORD-02432,2024-08-02,2024-08-05,Second Class,C0353
ORD-02433,2024-12-23,2024-12-28,Standard Class,C0427
ORD-02434,2024-03-20,2024-03-23,Second Class,C0183
ORD-02435,2024-07-13,2024-07-16,Standard Class,C0455
ORD-02436,2023-05-09,2023-05-16,Standard Class,C0134
ORD-02437,2024-12-30,2025-01-04,Standard Class,C0006
ORD-02438,2022-12-30,2023-01-02,Standard Class,C0333
ORD-02439,2023-07-24,2023-07-25,First Class,C0432
ORD-02440,2024-02-02,2024-02-06,Standard Class,C0333
ORD-02441,2022-10-03,2022-10-07,First Class,C0258
ORD-02442,2022-02-19,2022-02-23,Second Class,C0211
ORD-02443,2023-12-29,2024-01-04,Second Class,C0051
ORD-02444,2024-06-24,2024-06-29,Standard Class,C0445
ORD-02445,2024-07-16,2024-07-19,Second Class,C0147
ORD-02446,2023-07-18,2023-07-20,Standard Class,C0498
ORD-02447,2024-02-22,2024-02-25,Standard Class,C0377
ORD-02448,2023-04-30,2023-05-04,Second Class,C0128
ORD-02449,2023-08-07,2023-08-11,Standard Class,C0486
ORD-02450,2022-08-24,2022-08-27,First Class,C0258
ORD-02451,2022-02-25,2022-02-28,Standard Class,C0051
ORD-02452,2022-12-26,2022-12-28,First Class,C0154
ORD-02453,2022-04-20,2022-04-22,Standard Class,C0070
ORD-02454,2022-07-11,2022-07-14,First Class,C0276
ORD-02455,2024-06-22,2024-06-24,First Class,C0279
ORD-02456,2024-05-11,2024-05-14,Standard Class,C0310
ORD-02457,2023-07-22,2023-07-25,Standard Class,C0399
ORD-02458,2024-12-19,2024-12-22,Second Class,C0134
ORD-02459,2023-10-12,2023-10-14,Standard Class,C0220
ORD-02460,2022-02-08,2022-02-13,Standard Class,C0163
ORD-02461,2024-12-08,2024-12-11,Standard Class,C0459
ORD-02462,2023-09-29,2023-10-03,First Class,C0136
ORD-02463,2024-11-02,2024-11-06,First Class,C0057
ORD-02464,2022-02-05,2022-02-07,Second Class,C0434
ORD-02465,2022-04-11,2022-04-14,Second Class,C0177
ORD-02466,2022-06-15,2022-06-21,Second Class,C0115
ORD-02467,2023-01-18,2023-01-22,Standard Class,C0499
ORD-02468,2024-02-29,2024-03-06,Standard Class,C0472
ORD-02469,2022-01-31,2022-02-04,Standard Class,C0149
ORD-02470,2022-01-11,2022-01-13,First Class,C0241
ORD-02471,2022-04-06,2022-04-08,Second Class,C0123
ORD-02472,2023-03-29,2023-04-01,Standard Class,C0292
ORD-02473,2022-07-11,2022-07-14,Second Class,C0327
ORD-02474,2023-05-01,2023-05-03,Standard Class,C0069
ORD-02475,2022-08-26,2022-08-31,Second Class,C0314
ORD-02476,2024-12-24,2024-12-27,Standard Class,C0063
ORD-02477,2024-01-05,2024-01-08,Standard Class,C0221
ORD-02478,2024-09-17,2024-09-22,Second Class,C0016
ORD-02479,2024-04-04,2024-04-09,Second Class,C0390
ORD-02480,2022-04-16,2022-04-19,Standard Class,C0078
ORD-02481,2022-06-30,2022-07-05,Standard Class,C0122
ORD-02482,2022-07-03,2022-07-08,Second Class,C0436
ORD-02483,2022-08-14,2022-08-17,Second Class,C0258
ORD-02484,2024-02-16,2024-02-18,First Class,C0217
ORD-02485,2024-02-29,2024-03-01,Standard Class,C0479
ORD-02486,2023-11-19,2023-11-22,Same Day,C0114
ORD-02487,2023-06-14,2023-06-17,Second Class,C0370
ORD-02488,2024-08-29,2024-09-05,Second Class,C0461
ORD-02489,2024-07-24,2024-07-28,Second Class,C0380
ORD-02490,2022-04-16,2022-04-20,Standard Class,C0146
ORD-02491,2024-04-10,2024-04-16,Standard Class,C0465
ORD-02492,2023-11-10,2023-11-15,Second Class,C0237
ORD-02493,2024-04-28,2024-05-01,Standard Class,C0476
ORD-02494,2024-11-21,2024-11-23,Second Class,C0460
ORD-02495,2023-01-28,2023-02-01,Standard Class,C0419
ORD-02496,2022-02-09,2022-02-12,Standard Class,C0086
ORD-02497,2023-10-22,2023-10-25,Standard Class,C0167
ORD-02498,2024-09-07,2024-09-11,Second Class,C0129
ORD-02499,2024-04-24,2024-04-30,Standard Class,C0165
ORD-02500,2022-07-20,2022-07-23,Second Class,C0277
ORD-02501,2023-03-23,2023-03-27,Standard Class,C0257
ORD-02502,2024-11-27,2024-11-29,Second Class,C0132
ORD-02503,2023-03-20,2023-03-24,Standard Class,C0480
ORD-02504,2024-01-31,2024-02-01,Standard Class,C0058
ORD-02505,2022-08-15,2022-08-20,Second Class,C0257
ORD-02506,2022-02-17,2022-02-18,Standard Class,C0141
ORD-02507,2024-11-07,2024-11-11,Standard Class,C0174
ORD-02508,2024-06-30,2024-07-01,First Class,C0175
ORD-02509,2022-07-06,2022-07-08,Standard Class,C0209
ORD-02510,2022-12-11,2022-12-14,Standard Class,C0204
ORD-02511,2022-08-12,2022-08-15,Standard Class,C0007
ORD-02512,2024-04-09,2024-04-11,Standard Class,C0051
ORD-02513,2023-05-03,2023-05-06,Standard Class,C0259
ORD-02514,2024-05-26,2024-05-30,Standard Class,C0178
ORD-02515,2024-04-28,2024-05-02,Second Class,C0410
ORD-02516,2024-09-05,2024-09-07,Standard Class,C0031
ORD-02517,2024-10-13,2024-10-17,Second Class,C0356
ORD-02518,2022-07-07,2022-07-09,Standard Class,C0318
ORD-02519,2022-09-27,2022-09-30,Standard Class,C0154
ORD-02520,2022-11-06,2022-11-08,Standard Class,C0451
ORD-02521,2024-12-31,2025-01-03,Second Class,C0364
ORD-02522,2024-04-24,2024-04-26,Second Class,C0055
ORD-02523,2023-05-01,2023-05-08,First Class,C0156
ORD-02524,2022-04-30,2022-05-03,Standard Class,C0044
ORD-02525,2022-08-08,2022-08-10,Second Class,C0081
ORD-02526,2022-02-22,2022-02-24,Second Class,C0166
ORD-02527,2024-01-28,2024-02-02,Standard Class,C0495
ORD-02528,2024-01-08,2024-01-12,Standard Class,C0030
ORD-02529,2023-12-21,2023-12-25,Standard Class,C0322
ORD-02530,2023-02-10,2023-02-16,Second Class,C0136
ORD-02531,2023-08-31,2023-09-06,Standard Class,C0014
ORD-02532,2024-10-17,2024-10-21,Second Class,C0357
ORD-02533,2023-02-26,2023-02-28,Standard Class,C0483
ORD-02534,2023-12-13,2023-12-18,Standard Class,C0106
ORD-02535,2022-09-04,2022-09-06,Standard Class,C0359
ORD-02536,2022-03-13,2022-03-17,Standard Class,C0318
ORD-02537,2022-07-04,2022-07-08,Standard Class,C0075
ORD-02538,2022-01-06,2022-01-10,Standard Class,C0447
ORD-02539,2024-06-24,2024-06-27,Second Class,C0079
ORD-02540,2023-01-22,2023-01-26,Standard Class,C0194
ORD-02541,2023-11-30,2023-12-06,Standard Class,C0485
ORD-02542,2024-04-06,2024-04-08,Standard Class,C0363
ORD-02543,2022-12-15,2022-12-18,Standard Class,C0096
ORD-02544,2022-11-04,2022-11-08,Standard Class,C0040
ORD-02545,2022-10-14,2022-10-20,Standard Class,C0256
ORD-02546,2024-02-05,2024-02-07,Standard Class,C0397
ORD-02547,2023-12-26,2023-12-27,Standard Class,C0107
ORD-02548,2024-02-01,2024-02-03,Same Day,C0017
ORD-02549,2023-01-18,2023-01-20,Standard Class,C0015
ORD-02550,2023-01-23,2023-01-29,Standard Class,C0417
ORD-02551,2023-06-09,2023-06-13,Standard Class,C0499
ORD-02552,2023-10-01,2023-10-05,Standard Class,C0272
ORD-02553,2024-07-26,2024-07-29,First Class,C0499
ORD-02554,2022-10-03,2022-10-07,Standard Class,C0013
ORD-02555,2023-05-15,2023-05-17,Standard Class,C0247
ORD-02556,2023-12-18,2023-12-21,Second Class,C0214
ORD-02557,2022-12-03,2022-12-06,Standard Class,C0151
ORD-02558,2024-07-20,2024-07-22,Same Day,C0292
ORD-02559,2023-04-26,2023-04-29,First Class,C0043
ORD-02560,2024-06-29,2024-07-02,Standard Class,C0434
ORD-02561,2024-12-17,2024-12-18,Standard Class,C0114
ORD-02562,2022-04-19,2022-04-21,Standard Class,C0330
ORD-02563,2022-11-24,2022-11-28,Standard Class,C0081
ORD-02564,2022-11-11,2022-11-12,Standard Class,C0350
ORD-02565,2023-11-30,2023-12-06,Standard Class,C0141
ORD-02566,2024-02-20,2024-02-22,First Class,C0030
ORD-02567,2022-06-05,2022-06-09,Standard Class,C0441
ORD-02568,2024-06-05,2024-06-10,Second Class,C0494
ORD-02569,2024-10-22,2024-10-28,Second Class,C0030
ORD-02570,2024-01-28,2024-02-02,First Class,C0455
ORD-02571,2023-12-23,2023-12-25,Standard Class,C0266
ORD-02572,2024-07-01,2024-07-04,Standard Class,C0099
ORD-02573,2024-05-20,2024-05-23,Second Class,C0450
ORD-02574,2022-01-13,2022-01-15,First Class,C0094
ORD-02575,2023-08-31,2023-09-01,First Class,C0211
ORD-02576,2023-05-13,2023-05-18,Second Class,C0295
ORD-02577,2022-08-26,2022-08-29,Standard Class,C0037
ORD-02578,2024-02-20,2024-02-24,Standard Class,C0387
ORD-02579,2023-08-29,2023-09-04,Standard Class,C0089
ORD-02580,2023-10-23,2023-10-27,Second Class,C0418
ORD-02581,2024-04-28,2024-05-02,Standard Class,C0255
ORD-02582,2024-07-24,2024-07-28,Second Class,C0214
ORD-02583,2023-09-20,2023-09-22,First Class,C0422
ORD-02584,2022-05-23,2022-05-26,Second Class,C0014
ORD-02585,2023-12-15,2023-12-21,Standard Class,C0192
ORD-02586,2023-04-24,2023-04-30,Standard Class,C0295
ORD-02587,2023-07-19,2023-07-24,First Class,C0182
ORD-02588,2023-04-16,2023-04-19,Standard Class,C0130
ORD-02589,2023-01-19,2023-01-24,Standard Class,C0224
ORD-02590,2024-07-14,2024-07-15,Standard Class,C0043
ORD-02591,2023-02-21,2023-02-23,Standard Class,C0181
ORD-02592,2022-11-04,2022-11-07,Standard Class,C0387
ORD-02593,2023-10-11,2023-10-14,First Class,C0169
ORD-02594,2024-10-21,2024-10-23,Same Day,C0264
ORD-02595,2024-12-03,2024-12-06,Same Day,C0474
ORD-02596,2024-01-09,2024-01-11,Standard Class,C0096
ORD-02597,2022-05-20,2022-05-23,First Class,C0203
ORD-02598,2024-08-31,2024-09-04,Same Day,C0498
ORD-02599,2024-10-13,2024-10-17,First Class,C0447
ORD-02600,2024-08-10,2024-08-12,Second Class,C0321
ORD-02601,2024-06-22,2024-06-25,Second Class,C0335
ORD-02602,2022-03-13,2022-03-17,Standard Class,C0388
ORD-02603,2022-04-17,2022-04-20,First Class,C0068
ORD-02604,2024-12-01,2024-12-04,Standard Class,C0092
ORD-02605,2024-06-01,2024-06-05,Standard Class,C0266
ORD-02606,2022-05-19,2022-05-25,Same Day,C0331
ORD-02607,2023-09-07,2023-09-09,Standard Class,C0178
ORD-02608,2024-05-12,2024-05-15,Standard Class,C0151
ORD-02609,2022-09-30,2022-10-03,Same Day,C0317
ORD-02610,2023-02-20,2023-02-23,Same Day,C0047
ORD-02611,2023-05-21,2023-05-23,Standard Class,C0003
ORD-02612,2024-01-03,2024-01-05,First Class,C0487
ORD-02613,2023-02-28,2023-03-02,Standard Class,C0103
ORD-02614,2023-01-25,2023-01-31,Standard Class,C0273
ORD-02615,2022-12-08,2022-12-12,Standard Class,C0022
ORD-02616,2024-08-03,2024-08-07,Standard Class,C0116
ORD-02617,2023-09-06,2023-09-11,Standard Class,C0347
ORD-02618,2023-05-08,2023-05-10,Standard Class,C0400
ORD-02619,2022-07-11,2022-07-16,First Class,C0464
ORD-02620,2023-05-14,2023-05-17,Second Class,C0104
ORD-02621,2024-04-01,2024-04-04,First Class,C0259
ORD-02622,2022-08-15,2022-08-20,Second Class,C0308
ORD-02623,2022-05-19,2022-05-24,Standard Class,C0367
ORD-02624,2024-05-05,2024-05-10,First Class,C0417
ORD-02625,2024-03-27,2024-03-29,First Class,C0298
ORD-02626,2024-12-22,2024-12-28,Standard Class,C0130
ORD-02627,2022-04-14,2022-04-20,Standard Class,C0295
ORD-02628,2024-05-20,2024-05-23,Second Class,C0302
ORD-02629,2023-10-30,2023-11-01,Second Class,C0048
ORD-02630,2022-09-30,2022-10-02,First Class,C0027
ORD-02631,2024-10-26,2024-11-02,Standard Class,C0015
ORD-02632,2022-07-03,2022-07-06,Standard Class,C0263
ORD-02633,2024-11-17,2024-11-20,Standard Class,C0365
ORD-02634,2022-10-20,2022-10-22,Second Class,C0441
ORD-02635,2022-06-26,2022-06-28,Standard Class,C0298
ORD-02636,2022-02-27,2022-03-03,Standard Class,C0265
ORD-02637,2022-11-04,2022-11-07,Standard Class,C0361
ORD-02638,2024-09-03,2024-09-09,Second Class,C0134
ORD-02639,2023-12-01,2023-12-05,Standard Class,C0441
ORD-02640,2022-03-24,2022-03-28,Standard Class,C0076
ORD-02641,2022-09-09,2022-09-11,First Class,C0030
ORD-02642,2024-03-06,2024-03-08,Same Day,C0439
ORD-02643,2024-06-15,2024-06-18,Standard Class,C0340
ORD-02644,2022-07-29,2022-08-01,Standard Class,C0126
ORD-02645,2024-03-26,2024-03-28,First Class,C0084
ORD-02646,2023-09-01,2023-09-07,Standard Class,C0054
ORD-02647,2023-03-23,2023-03-26,Second Class,C0366
ORD-02648,2023-04-05,2023-04-07,Second Class,C0283
ORD-02649,2024-08-25,2024-08-27,Standard Class,C0340
ORD-02650,2023-04-17,2023-04-19,Second Class,C0443
ORD-02651,2023-01-05,2023-01-12,Second Class,C0263
ORD-02652,2024-06-18,2024-06-20,Standard Class,C0424
ORD-02653,2024-07-11,2024-07-14,Standard Class,C0360
ORD-02654,2022-05-17,2022-05-21,Same Day,C0222
ORD-02655,2023-01-02,2023-01-04,Standard Class,C0328
ORD-02656,2024-06-30,2024-07-02,Second Class,C0002
ORD-02657,2022-07-03,2022-07-05,First Class,C0398
ORD-02658,2023-04-17,2023-04-20,Standard Class,C0394
ORD-02659,2023-10-16,2023-10-18,Second Class,C0306
ORD-02660,2024-01-19,2024-01-20,Same Day,C0146
ORD-02661,2023-06-21,2023-06-26,Standard Class,C0018
ORD-02662,2024-03-12,2024-03-14,Standard Class,C0016
ORD-02663,2024-07-08,2024-07-12,First Class,C0308
ORD-02664,2023-05-25,2023-05-29,Standard Class,C0453
ORD-02665,2023-09-22,2023-09-25,Standard Class,C0436
ORD-02666,2024-09-28,2024-10-01,First Class,C0159
ORD-02667,2024-07-04,2024-07-06,First Class,C0485
ORD-02668,2024-10-30,2024-11-03,Same Day,C0340
ORD-02669,2022-06-01,2022-06-05,Standard Class,C0407
ORD-02670,2024-10-25,2024-10-29,Standard Class,C0352
ORD-02671,2023-04-09,2023-04-10,Standard Class,C0298
ORD-02672,2022-09-28,2022-10-04,Second Class,C0209
ORD-02673,2023-04-05,2023-04-07,Second Class,C0446
ORD-02674,2022-04-15,2022-04-18,Standard Class,C0205
ORD-02675,2022-06-11,2022-06-14,Standard Class,C0113
ORD-02676,2022-12-17,2022-12-18,Second Class,C0178
ORD-02677,2023-03-10,2023-03-13,Standard Class,C0461
ORD-02678,2024-05-01,2024-05-05,Standard Class,C0209
ORD-02679,2022-05-20,2022-05-25,First Class,C0124
ORD-02680,2022-03-28,2022-04-02,Standard Class,C0015
ORD-02681,2022-07-02,2022-07-05,Second Class,C0346
ORD-02682,2023-01-03,2023-01-07,First Class,C0428
ORD-02683,2022-05-09,2022-05-11,Standard Class,C0476
ORD-02684,2023-11-01,2023-11-04,Standard Class,C0298
ORD-02685,2022-05-29,2022-05-31,Standard Class,C0045
ORD-02686,2024-09-11,2024-09-14,First Class,C0094
ORD-02687,2024-05-01,2024-05-04,Standard Class,C0107
ORD-02688,2023-09-20,2023-09-23,Second Class,C0419
ORD-02689,2023-03-22,2023-03-25,Same Day,C0278
ORD-02690,2024-06-02,2024-06-08,Same Day,C0128
ORD-02691,2022-10-21,2022-10-24,Standard Class,C0458
ORD-02692,2022-09-07,2022-09-14,First Class,C0459
ORD-02693,2024-05-27,2024-05-31,Same Day,C0038
ORD-02694,2024-08-05,2024-08-08,Standard Class,C0097
ORD-02695,2024-09-01,2024-09-05,Standard Class,C0198
ORD-02696,2024-11-14,2024-11-16,Standard Class,C0192
ORD-02697,2024-02-28,2024-03-04,Standard Class,C0357
ORD-02698,2024-09-10,2024-09-13,First Class,C0007
ORD-02699,2024-06-07,2024-06-14,Standard Class,C0044
ORD-02700,2024-06-08,2024-06-12,First Class,C0332
ORD-02701,2022-03-11,2022-03-16,Second Class,C0007
ORD-02702,2023-09-17,2023-09-21,Second Class,C0194
ORD-02703,2024-05-24,2024-05-27,Second Class,C0316
ORD-02704,2023-04-16,2023-04-18,Standard Class,C0001
ORD-02705,2022-04-01,2022-04-04,First Class,C0062
ORD-02706,2023-06-14,2023-06-17,Standard Class,C0343
ORD-02707,2023-10-23,2023-10-25,Standard Class,C0089
ORD-02708,2024-01-09,2024-01-14,Standard Class,C0018
ORD-02709,2023-12-27,2023-12-30,First Class,C0108
ORD-02710,2024-05-21,2024-05-28,First Class,C0135
ORD-02711,2022-07-11,2022-07-16,Standard Class,C0371
ORD-02712,2022-05-18,2022-05-21,Standard Class,C0310
ORD-02713,2022-12-11,2022-12-17,Second Class,C0067
ORD-02714,2024-10-05,2024-10-08,Standard Class,C0093
ORD-02715,2023-05-18,2023-05-23,Standard Class,C0138
ORD-02716,2022-07-22,2022-07-25,Second Class,C0189
ORD-02717,2023-07-27,2023-07-30,Standard Class,C0059
ORD-02718,2022-07-11,2022-07-14,Standard Class,C0187
ORD-02719,2022-01-05,2022-01-08,Standard Class,C0235
ORD-02720,2022-11-07,2022-11-10,Standard Class,C0069
ORD-02721,2023-07-03,2023-07-06,Standard Class,C0447
ORD-02722,2022-02-25,2022-02-28,Standard Class,C0098
ORD-02723,2023-03-19,2023-03-25,Standard Class,C0008
ORD-02724,2024-05-19,2024-05-22,Standard Class,C0462
ORD-02725,2023-08-08,2023-08-11,Second Class,C0488
ORD-02726,2024-01-22,2024-01-26,Same Day,C0311
ORD-02727,2022-12-26,2022-12-30,Standard Class,C0134
ORD-02728,2024-03-29,2024-04-04,First Class,C0385
ORD-02729,2022-01-30,2022-02-02,Standard Class,C0056
ORD-02730,2022-04-18,2022-04-20,Standard Class,C0481
ORD-02731,2024-04-23,2024-04-26,Standard Class,C0360
ORD-02732,2023-12-18,2023-12-21,Standard Class,C0459
ORD-02733,2024-06-09,2024-06-14,Second Class,C0114
ORD-02734,2024-08-17,2024-08-20,Standard Class,C0088
ORD-02735,2024-06-11,2024-06-17,Standard Class,C0138
ORD-02736,2024-01-02,2024-01-05,First Class,C0108
ORD-02737,2023-08-29,2023-09-05,Standard Class,C0500
ORD-02738,2023-04-02,2023-04-03,Standard Class,C0023
ORD-02739,2023-09-07,2023-09-12,Standard Class,C0144
ORD-02740,2023-11-29,2023-12-05,Standard Class,C0357
ORD-02741,2023-11-05,2023-11-11,Standard Class,C0144
ORD-02742,2023-06-27,2023-06-28,Standard Class,C0056
ORD-02743,2024-05-06,2024-05-08,Standard Class,C0108
ORD-02744,2024-06-15,2024-06-19,Standard Class,C0351
ORD-02745,2022-10-05,2022-10-06,Second Class,C0006
ORD-02746,2023-07-06,2023-07-08,Second Class,C0030
ORD-02747,2022-04-21,2022-04-23,Same Day,C0447
ORD-02748,2023-01-20,2023-01-23,First Class,C0485
ORD-02749,2024-01-31,2024-02-03,First Class,C0385
ORD-02750,2023-11-25,2023-11-26,Second Class,C0307
ORD-02751,2023-02-09,2023-02-11,Second Class,C0362
ORD-02752,2022-01-22,2022-01-25,Standard Class,C0345
ORD-02753,2023-11-09,2023-11-12,Second Class,C0127
ORD-02754,2023-09-03,2023-09-05,Standard Class,C0302
ORD-02755,2022-01-08,2022-01-11,First Class,C0121
ORD-02756,2023-12-03,2023-12-09,Standard Class,C0405
ORD-02757,2023-06-13,2023-06-20,Second Class,C0099
ORD-02758,2023-08-25,2023-09-01,Standard Class,C0166
ORD-02759,2023-10-19,2023-10-24,Standard Class,C0325
ORD-02760,2022-06-15,2022-06-18,Standard Class,C0319
ORD-02761,2024-04-28,2024-05-02,Standard Class,C0241
ORD-02762,2023-05-11,2023-05-14,Standard Class,C0050
ORD-02763,2023-08-13,2023-08-17,Standard Class,C0268
ORD-02764,2023-03-05,2023-03-08,Standard Class,C0325
ORD-02765,2024-02-13,2024-02-17,Standard Class,C0073
ORD-02766,2022-06-12,2022-06-15,First Class,C0300
ORD-02767,2023-01-01,2023-01-02,Standard Class,C0052
ORD-02768,2022-03-13,2022-03-17,Standard Class,C0265
ORD-02769,2023-10-17,2023-10-18,Same Day,C0227
ORD-02770,2022-09-26,2022-09-28,Standard Class,C0193
ORD-02771,2023-02-19,2023-02-20,Standard Class,C0374
ORD-02772,2024-10-12,2024-10-15,Standard Class,C0239
ORD-02773,2023-11-06,2023-11-08,First Class,C0010
ORD-02774,2024-12-19,2024-12-25,Standard Class,C0302
ORD-02775,2022-01-06,2022-01-09,Standard Class,C0359
ORD-02776,2024-09-08,2024-09-11,Second Class,C0228
ORD-02777,2023-07-24,2023-07-27,Standard Class,C0442
ORD-02778,2023-02-11,2023-02-15,First Class,C0293
ORD-02779,2022-01-26,2022-01-30,Standard Class,C0052
ORD-02780,2024-10-25,2024-10-29,Standard Class,C0240
ORD-02781,2024-09-12,2024-09-16,Second Class,C0099
ORD-02782,2023-01-25,2023-01-31,Standard Class,C0081
ORD-02783,2023-12-11,2023-12-16,First Class,C0013
ORD-02784,2023-07-25,2023-07-29,Same Day,C0390
ORD-02785,2024-01-24,2024-01-26,Standard Class,C0442
ORD-02786,2022-05-26,2022-05-30,First Class,C0357
ORD-02787,2024-02-24,2024-02-27,Standard Class,C0128
ORD-02788,2023-06-10,2023-06-14,First Class,C0304
ORD-02789,2022-01-13,2022-01-18,Standard Class,C0416
ORD-02790,2024-06-21,2024-06-25,Standard Class,C0011
ORD-02791,2023-01-19,2023-01-24,Standard Class,C0081
ORD-02792,2023-07-10,2023-07-12,Standard Class,C0261
ORD-02793,2024-06-05,2024-06-06,Standard Class,C0006
ORD-02794,2022-01-19,2022-01-21,First Class,C0458
ORD-02795,2023-07-29,2023-08-04,First Class,C0373
ORD-02796,2024-01-21,2024-01-26,Standard Class,C0481
ORD-02797,2024-09-30,2024-10-04,Standard Class,C0222
ORD-02798,2023-02-23,2023-02-27,First Class,C0405
ORD-02799,2023-02-23,2023-02-27,Standard Class,C0298
ORD-02800,2022-05-02,2022-05-08,Standard Class,C0081
ORD-02801,2023-03-08,2023-03-13,Standard Class,C0411
ORD-02802,2022-02-13,2022-02-17,Standard Class,C0003
ORD-02803,2023-01-16,2023-01-20,Standard Class,C0060
ORD-02804,2022-05-25,2022-05-27,Second Class,C0221
ORD-02805,2022-12-29,2023-01-02,Second Class,C0450
ORD-02806,2024-12-09,2024-12-12,Standard Class,C0349
ORD-02807,2024-12-24,2024-12-26,First Class,C0049
ORD-02808,2022-12-21,2022-12-26,Standard Class,C0228
ORD-02809,2024-03-10,2024-03-13,Standard Class,C0290
ORD-02810,2024-04-05,2024-04-12,Standard Class,C0293
ORD-02811,2023-02-02,2023-02-04,Standard Class,C0298
ORD-02812,2024-05-29,2024-06-01,Standard Class,C0193
ORD-02813,2023-04-08,2023-04-11,Standard Class,C0444
ORD-02814,2024-03-18,2024-03-20,Standard Class,C0474
ORD-02815,2022-07-06,2022-07-09,Standard Class,C0257
ORD-02816,2024-01-02,2024-01-04,Second Class,C0443
ORD-02817,2023-03-05,2023-03-07,Second Class,C0388
ORD-02818,2024-05-07,2024-05-09,Standard Class,C0103
ORD-02819,2022-08-25,2022-08-27,Second Class,C0398
ORD-02820,2024-02-10,2024-02-14,First Class,C0366
ORD-02821,2024-01-28,2024-01-29,Second Class,C0146
ORD-02822,2022-05-16,2022-05-20,Standard Class,C0290
ORD-02823,2024-03-02,2024-03-06,Standard Class,C0257
ORD-02824,2022-06-20,2022-06-23,First Class,C0309
ORD-02825,2022-06-08,2022-06-14,Standard Class,C0278
ORD-02826,2022-07-20,2022-07-24,Standard Class,C0464
ORD-02827,2024-08-19,2024-08-23,Standard Class,C0189
ORD-02828,2023-08-06,2023-08-08,Second Class,C0406
ORD-02829,2024-05-25,2024-05-29,Second Class,C0178
ORD-02830,2023-01-06,2023-01-11,Standard Class,C0016
ORD-02831,2022-04-13,2022-04-16,Standard Class,C0412
ORD-02832,2024-09-28,2024-09-30,Same Day,C0476
ORD-02833,2024-09-02,2024-09-05,Standard Class,C0375
ORD-02834,2024-03-08,2024-03-12,Standard Class,C0086
ORD-02835,2023-10-20,2023-10-23,Standard Class,C0248
ORD-02836,2024-05-31,2024-06-04,First Class,C0454
ORD-02837,2024-01-03,2024-01-05,Second Class,C0217
ORD-02838,2023-02-27,2023-03-04,First Class,C0042
ORD-02839,2023-07-26,2023-07-28,Standard Class,C0194
ORD-02840,2022-06-20,2022-06-22,Standard Class,C0327
ORD-02841,2022-06-22,2022-06-25,Standard Class,C0373
ORD-02842,2023-10-25,2023-10-27,First Class,C0465
ORD-02843,2023-03-29,2023-03-30,Standard Class,C0163
ORD-02844,2022-12-16,2022-12-18,Standard Class,C0276
ORD-02845,2023-05-09,2023-05-12,Second Class,C0364
ORD-02846,2023-09-12,2023-09-18,Standard Class,C0130
ORD-02847,2024-10-24,2024-10-29,Standard Class,C0263
ORD-02848,2024-07-07,2024-07-10,First Class,C0480
ORD-02849,2022-01-06,2022-01-07,Standard Class,C0177
ORD-02850,2022-10-15,2022-10-18,Standard Class,C0467
ORD-02851,2023-08-31,2023-09-04,Standard Class,C0460
ORD-02852,2023-04-02,2023-04-05,Standard Class,C0265
ORD-02853,2024-10-26,2024-10-28,Standard Class,C0027
ORD-02854,2023-09-16,2023-09-18,Second Class,C0462
ORD-02855,2023-01-11,2023-01-15,Standard Class,C0386
ORD-02856,2023-03-23,2023-03-26,First Class,C0085
ORD-02857,2024-04-14,2024-04-19,Standard Class,C0196
ORD-02858,2024-03-21,2024-03-24,Standard Class,C0316
ORD-02859,2024-08-16,2024-08-18,Standard Class,C0243
ORD-02860,2024-04-28,2024-05-01,Second Class,C0469
ORD-02861,2024-03-19,2024-03-22,Standard Class,C0368
ORD-02862,2024-09-05,2024-09-06,First Class,C0342
ORD-02863,2023-02-20,2023-02-22,Second Class,C0177
ORD-02864,2023-12-27,2023-12-29,First Class,C0130
ORD-02865,2023-03-30,2023-04-01,Second Class,C0145
ORD-02866,2022-05-30,2022-06-02,Standard Class,C0083
ORD-02867,2024-01-29,2024-02-04,First Class,C0360
ORD-02868,2024-02-18,2024-02-21,First Class,C0088
ORD-02869,2024-08-30,2024-09-03,Same Day,C0020
ORD-02870,2024-02-02,2024-02-05,Standard Class,C0230
ORD-02871,2024-09-28,2024-10-01,Second Class,C0460
ORD-02872,2022-03-17,2022-03-18,Standard Class,C0473
ORD-02873,2023-08-22,2023-08-25,Standard Class,C0126
ORD-02874,2022-08-13,2022-08-16,Second Class,C0471
ORD-02875,2022-04-23,2022-04-25,Same Day,C0498
ORD-02876,2022-09-08,2022-09-12,Standard Class,C0354
ORD-02877,2024-04-20,2024-04-23,First Class,C0416
ORD-02878,2023-12-15,2023-12-18,Standard Class,C0051
ORD-02879,2022-05-05,2022-05-07,Standard Class,C0088
ORD-02880,2024-12-28,2024-12-31,Standard Class,C0170
ORD-02881,2024-12-06,2024-12-10,Standard Class,C0063
ORD-02882,2024-06-02,2024-06-04,First Class,C0089
ORD-02883,2022-01-30,2022-02-01,Standard Class,C0189
ORD-02884,2022-10-08,2022-10-11,Standard Class,C0190
ORD-02885,2024-07-12,2024-07-14,Standard Class,C0387
ORD-02886,2023-01-03,2023-01-07,Standard Class,C0089
ORD-02887,2023-05-10,2023-05-14,First Class,C0348
ORD-02888,2024-11-14,2024-11-16,Standard Class,C0332
ORD-02889,2023-12-19,2023-12-20,Standard Class,C0026
ORD-02890,2024-10-13,2024-10-17,First Class,C0176
ORD-02891,2023-08-29,2023-08-31,Standard Class,C0364
ORD-02892,2023-01-10,2023-01-12,First Class,C0264
ORD-02893,2023-10-01,2023-10-05,Standard Class,C0389
ORD-02894,2024-11-14,2024-11-17,Standard Class,C0395
ORD-02895,2022-04-26,2022-04-29,Same Day,C0042
ORD-02896,2022-02-17,2022-02-19,First Class,C0483
ORD-02897,2022-04-09,2022-04-13,Standard Class,C0475
ORD-02898,2023-02-09,2023-02-12,Second Class,C0119
ORD-02899,2023-11-16,2023-11-22,First Class,C0169
ORD-02900,2024-06-21,2024-06-25,Standard Class,C0108
ORD-02901,2023-05-18,2023-05-20,Standard Class,C0486
ORD-02902,2024-06-12,2024-06-15,Standard Class,C0147
ORD-02903,2022-09-15,2022-09-18,Standard Class,C0176
ORD-02904,2024-04-23,2024-04-26,Standard Class,C0437
ORD-02905,2022-05-01,2022-05-06,First Class,C0439
ORD-02906,2024-03-20,2024-03-23,Standard Class,C0376
ORD-02907,2024-09-04,2024-09-06,First Class,C0189
ORD-02908,2022-02-23,2022-02-27,Standard Class,C0160
ORD-02909,2024-10-15,2024-10-16,Standard Class,C0302
ORD-02910,2024-02-23,2024-02-27,Second Class,C0348
ORD-02911,2022-08-29,2022-09-02,Standard Class,C0420
ORD-02912,2023-04-28,2023-05-01,Standard Class,C0402
ORD-02913,2024-10-09,2024-10-11,Standard Class,C0074
ORD-02914,2022-07-06,2022-07-10,Second Class,C0352
ORD-02915,2023-10-18,2023-10-22,Standard Class,C0018
ORD-02916,2022-09-19,2022-09-22,Standard Class,C0140
ORD-02917,2024-08-10,2024-08-12,Same Day,C0115
ORD-02918,2023-05-06,2023-05-09,Same Day,C0328
ORD-02919,2023-03-07,2023-03-08,Standard Class,C0225
ORD-02920,2022-08-27,2022-08-29,Standard Class,C0046
ORD-02921,2022-10-31,2022-11-02,Second Class,C0439
ORD-02922,2022-10-25,2022-10-27,First Class,C0038
ORD-02923,2022-03-17,2022-03-20,Standard Class,C0206
ORD-02924,2024-09-25,2024-10-02,Standard Class,C0386
ORD-02925,2023-10-04,2023-10-08,First Class,C0009
ORD-02926,2024-04-06,2024-04-08,First Class,C0253
ORD-02927,2022-10-10,2022-10-13,Second Class,C0108
ORD-02928,2023-08-14,2023-08-17,Standard Class,C0389
ORD-02929,2022-03-13,2022-03-15,Standard Class,C0098
ORD-02930,2023-12-04,2023-12-10,Second Class,C0275
ORD-02931,2023-07-29,2023-08-01,Standard Class,C0071
ORD-02932,2024-09-26,2024-10-03,Standard Class,C0039
ORD-02933,2024-06-10,2024-06-13,Standard Class,C0298
ORD-02934,2022-01-12,2022-01-16,Standard Class,C0401
ORD-02935,2022-05-21,2022-05-23,Standard Class,C0447
ORD-02936,2022-01-17,2022-01-20,First Class,C0090
ORD-02937,2024-12-22,2024-12-24,Second Class,C0430
ORD-02938,2022-09-10,2022-09-15,First Class,C0219
ORD-02939,2023-04-10,2023-04-14,First Class,C0107
ORD-02940,2023-01-11,2023-01-16,Standard Class,C0476
ORD-02941,2024-09-07,2024-09-11,Standard Class,C0404
ORD-02942,2023-06-04,2023-06-09,Standard Class,C0454
ORD-02943,2022-03-31,2022-04-02,Standard Class,C0392
ORD-02944,2023-12-21,2023-12-24,First Class,C0096
ORD-02945,2024-03-14,2024-03-18,Standard Class,C0403
ORD-02946,2024-03-06,2024-03-10,Standard Class,C0032
ORD-02947,2023-09-22,2023-09-26,Standard Class,C0126
ORD-02948,2022-03-17,2022-03-19,Standard Class,C0147
ORD-02949,2024-07-14,2024-07-16,Second Class,C0280
ORD-02950,2023-02-04,2023-02-10,Standard Class,C0024
ORD-02951,2024-08-27,2024-08-30,Standard Class,C0440
ORD-02952,2024-12-30,2025-01-01,Standard Class,C0209
ORD-02953,2024-03-07,2024-03-11,First Class,C0120
ORD-02954,2022-07-14,2022-07-20,Standard Class,C0274
ORD-02955,2022-08-16,2022-08-18,Standard Class,C0140
ORD-02956,2023-04-06,2023-04-11,Standard Class,C0297
ORD-02957,2023-09-10,2023-09-16,Standard Class,C0343
ORD-02958,2024-11-10,2024-11-16,Standard Class,C0432
ORD-02959,2022-03-05,2022-03-11,Second Class,C0082
ORD-02960,2022-06-14,2022-06-17,Second Class,C0448
ORD-02961,2022-01-27,2022-01-30,Second Class,C0400
ORD-02962,2024-10-08,2024-10-09,Standard Class,C0208
ORD-02963,2022-10-12,2022-10-14,Standard Class,C0484
ORD-02964,2022-10-08,2022-10-11,Standard Class,C0407
ORD-02965,2024-04-17,2024-04-20,Standard Class,C0470
ORD-02966,2024-04-10,2024-04-12,Standard Class,C0423
ORD-02967,2024-07-06,2024-07-09,Standard Class,C0033
ORD-02968,2022-08-12,2022-08-14,Second Class,C0024
ORD-02969,2024-02-23,2024-02-28,Second Class,C0061
ORD-02970,2024-08-22,2024-08-24,First Class,C0311
ORD-02971,2024-08-07,2024-08-10,Second Class,C0189
ORD-02972,2024-11-19,2024-11-22,Standard Class,C0084
ORD-02973,2022-02-14,2022-02-16,Standard Class,C0225
ORD-02974,2023-04-16,2023-04-22,Standard Class,C0479
ORD-02975,2022-02-03,2022-02-06,Standard Class,C0168
ORD-02976,2023-10-15,2023-10-18,Standard Class,C0186
ORD-02977,2024-04-09,2024-04-11,Standard Class,C0375
ORD-02978,2022-08-09,2022-08-12,Standard Class,C0072
ORD-02979,2023-06-18,2023-06-19,Second Class,C0074
ORD-02980,2023-11-23,2023-11-26,Second Class,C0385
ORD-02981,2024-07-20,2024-07-23,Standard Class,C0341
ORD-02982,2024-04-20,2024-04-25,Standard Class,C0153
ORD-02983,2024-10-07,2024-10-11,Standard Class,C0096
ORD-02984,2023-08-05,2023-08-07,Second Class,C0053
ORD-02985,2022-08-27,2022-08-29,Standard Class,C0445
ORD-02986,2023-03-17,2023-03-20,Second Class,C0174
ORD-02987,2022-05-28,2022-05-30,Standard Class,C0110
ORD-02988,2024-10-29,2024-10-30,Standard Class,C0458
ORD-02989,2023-01-23,2023-01-28,Standard Class,C0316
ORD-02990,2024-12-09,2024-12-10,Standard Class,C0051
ORD-02991,2024-07-04,2024-07-09,Standard Class,C0377
ORD-02992,2023-09-30,2023-10-02,Second Class,C0253
ORD-02993,2022-10-05,2022-10-12,Standard Class,C0496
ORD-02994,2024-09-15,2024-09-19,Standard Class,C0073
ORD-02995,2023-08-12,2023-08-16,First Class,C0212
ORD-02996,2023-10-11,2023-10-13,Standard Class,C0432
ORD-02997,2023-09-10,2023-09-15,Standard Class,C0212
ORD-02998,2022-05-15,2022-05-20,Standard Class,C0251
ORD-02999,2023-08-03,2023-08-07,Second Class,C0168
ORD-03000,2023-05-05,2023-05-08,Second Class,C0263
ORD-03001,2023-04-23,2023-04-27,Standard Class,C0331
ORD-03002,2023-01-19,2023-01-20,Same Day,C0469
ORD-03003,2022-06-12,2022-06-15,Second Class,C0230
ORD-03004,2023-03-17,2023-03-22,Standard Class,C0239
ORD-03005,2023-02-19,2023-02-22,Second Class,C0275
ORD-03006,2022-10-15,2022-10-17,Standard Class,C0494
ORD-03007,2022-07-06,2022-07-09,Second Class,C0143
ORD-03008,2022-05-10,2022-05-14,Standard Class,C0070
ORD-03009,2022-07-13,2022-07-15,Second Class,C0445
ORD-03010,2022-11-12,2022-11-14,Standard Class,C0312
ORD-03011,2022-05-24,2022-05-26,First Class,C0394
ORD-03012,2022-01-16,2022-01-20,Standard Class,C0174
ORD-03013,2023-02-27,2023-03-01,Second Class,C0336
ORD-03014,2022-09-02,2022-09-06,Standard Class,C0109
ORD-03015,2024-07-15,2024-07-18,First Class,C0203
ORD-03016,2022-05-09,2022-05-13,Second Class,C0185
ORD-03017,2024-06-25,2024-07-01,Standard Class,C0291
ORD-03018,2024-06-05,2024-06-07,First Class,C0328
ORD-03019,2022-12-07,2022-12-10,Standard Class,C0092
ORD-03020,2022-01-04,2022-01-09,Second Class,C0259
ORD-03021,2022-11-02,2022-11-04,Second Class,C0322
ORD-03022,2024-06-26,2024-06-28,Standard Class,C0437
ORD-03023,2023-08-30,2023-09-04,Same Day,C0206
ORD-03024,2024-09-18,2024-09-25,Standard Class,C0052
ORD-03025,2022-11-17,2022-11-20,Standard Class,C0349
ORD-03026,2023-07-13,2023-07-15,First Class,C0181
ORD-03027,2023-09-10,2023-09-13,Second Class,C0438
ORD-03028,2023-12-12,2023-12-14,Standard Class,C0303
ORD-03029,2023-06-15,2023-06-19,Standard Class,C0003
ORD-03030,2023-02-14,2023-02-18,Second Class,C0449
ORD-03031,2024-03-28,2024-04-02,Standard Class,C0399
ORD-03032,2023-05-08,2023-05-09,First Class,C0084
ORD-03033,2022-01-12,2022-01-15,Second Class,C0214
ORD-03034,2022-07-14,2022-07-16,Standard Class,C0034
ORD-03035,2023-05-05,2023-05-08,Standard Class,C0050
ORD-03036,2024-03-05,2024-03-09,Standard Class,C0289
ORD-03037,2024-05-30,2024-06-01,Standard Class,C0329
ORD-03038,2022-07-01,2022-07-05,Second Class,C0259
ORD-03039,2024-08-19,2024-08-23,Same Day,C0258
ORD-03040,2023-10-18,2023-10-24,Standard Class,C0388
ORD-03041,2023-11-25,2023-11-29,Standard Class,C0272
ORD-03042,2022-01-30,2022-02-04,Standard Class,C0182
ORD-03043,2024-02-17,2024-02-20,Second Class,C0033
ORD-03044,2023-03-20,2023-03-22,Second Class,C0265
ORD-03045,2022-10-25,2022-10-28,Second Class,C0313
ORD-03046,2024-03-18,2024-03-21,Standard Class,C0040
ORD-03047,2024-04-24,2024-04-28,First Class,C0486
ORD-03048,2024-10-12,2024-10-16,Standard Class,C0308
ORD-03049,2023-07-08,2023-07-11,Second Class,C0210
ORD-03050,2022-10-30,2022-11-01,Second Class,C0272
ORD-03051,2023-02-25,2023-02-27,Second Class,C0136
ORD-03052,2022-07-04,2022-07-08,Standard Class,C0087
ORD-03053,2023-04-13,2023-04-17,Second Class,C0060
ORD-03054,2024-01-24,2024-01-28,Standard Class,C0164
ORD-03055,2022-12-29,2023-01-01,Second Class,C0003
ORD-03056,2022-12-02,2022-12-04,Standard Class,C0015
ORD-03057,2022-06-11,2022-06-15,Standard Class,C0102
ORD-03058,2022-01-12,2022-01-16,Standard Class,C0255
ORD-03059,2023-08-11,2023-08-14,First Class,C0225
ORD-03060,2022-07-20,2022-07-24,Standard Class,C0210
ORD-03061,2023-06-06,2023-06-09,Second Class,C0023
ORD-03062,2023-05-20,2023-05-24,Second Class,C0235
ORD-03063,2024-02-27,2024-03-03,First Class,C0131
ORD-03064,2024-11-28,2024-12-02,Standard Class,C0158
ORD-03065,2022-03-01,2022-03-04,Second Class,C0173
ORD-03066,2023-08-01,2023-08-04,Standard Class,C0017
ORD-03067,2022-11-17,2022-11-21,Standard Class,C0370
ORD-03068,2024-07-11,2024-07-15,Standard Class,C0442
ORD-03069,2023-07-23,2023-07-26,Standard Class,C0314
ORD-03070,2023-06-11,2023-06-15,Standard Class,C0480
ORD-03071,2023-06-08,2023-06-10,Standard Class,C0366
ORD-03072,2023-09-05,2023-09-11,Standard Class,C0185
ORD-03073,2022-05-05,2022-05-09,Standard Class,C0391
ORD-03074,2024-05-20,2024-05-23,Standard Class,C0423
ORD-03075,2022-10-07,2022-10-10,Standard Class,C0334
ORD-03076,2024-07-05,2024-07-06,First Class,C0442
ORD-03077,2023-09-14,2023-09-15,Standard Class,C0184
ORD-03078,2024-04-25,2024-04-27,Standard Class,C0143
ORD-03079,2023-11-05,2023-11-09,Standard Class,C0044
ORD-03080,2022-11-10,2022-11-15,Standard Class,C0012
ORD-03081,2022-11-28,2022-12-01,Standard Class,C0008
ORD-03082,2022-02-05,2022-02-08,Standard Class,C0080
ORD-03083,2024-11-11,2024-11-14,Same Day,C0297
ORD-03084,2022-07-25,2022-07-27,Second Class,C0162
ORD-03085,2023-10-01,2023-10-03,Second Class,C0302
ORD-03086,2024-04-27,2024-05-01,Same Day,C0216
ORD-03087,2023-03-16,2023-03-22,First Class,C0248
ORD-03088,2023-12-30,2024-01-02,Second Class,C0029
ORD-03089,2024-07-29,2024-08-02,Second Class,C0272
ORD-03090,2022-06-13,2022-06-19,Standard Class,C0133
ORD-03091,2022-05-28,2022-05-30,Standard Class,C0005
ORD-03092,2022-10-21,2022-10-25,Standard Class,C0244
ORD-03093,2022-07-14,2022-07-18,Standard Class,C0030
ORD-03094,2023-10-25,2023-10-28,Same Day,C0117
ORD-03095,2023-04-25,2023-04-27,Standard Class,C0178
ORD-03096,2022-05-03,2022-05-07,Second Class,C0498
ORD-03097,2023-11-30,2023-12-04,Standard Class,C0261
ORD-03098,2024-08-22,2024-08-24,Standard Class,C0235
ORD-03099,2023-10-23,2023-10-26,Standard Class,C0141
ORD-03100,2023-12-11,2023-12-13,Standard Class,C0483
ORD-03101,2023-01-31,2023-02-05,Standard Class,C0305
ORD-03102,2024-06-30,2024-07-03,Standard Class,C0345
ORD-03103,2024-10-01,2024-10-06,Standard Class,C0050
ORD-03104,2022-11-13,2022-11-16,Standard Class,C0270
ORD-03105,2023-11-12,2023-11-14,Second Class,C0108
ORD-03106,2023-05-10,2023-05-11,Standard Class,C0046
ORD-03107,2023-07-10,2023-07-12,Standard Class,C0474
ORD-03108,2023-09-02,2023-09-04,Standard Class,C0082
ORD-03109,2022-04-19,2022-04-22,Standard Class,C0126
ORD-03110,2023-01-07,2023-01-08,Standard Class,C0084
ORD-03111,2024-05-04,2024-05-07,Standard Class,C0290
ORD-03112,2023-09-08,2023-09-11,Standard Class,C0071
ORD-03113,2024-02-07,2024-02-10,First Class,C0175
ORD-03114,2022-07-25,2022-07-29,Standard Class,C0316
ORD-03115,2024-04-26,2024-04-30,Standard Class,C0330
ORD-03116,2022-02-12,2022-02-19,Standard Class,C0463
ORD-03117,2024-05-14,2024-05-16,Standard Class,C0337
ORD-03118,2024-02-24,2024-02-27,Standard Class,C0395
ORD-03119,2023-04-21,2023-04-24,First Class,C0354
ORD-03120,2022-03-24,2022-03-27,First Class,C0091
ORD-03121,2022-07-09,2022-07-13,Standard Class,C0469
ORD-03122,2024-03-10,2024-03-13,First Class,C0351
ORD-03123,2024-07-24,2024-07-27,Standard Class,C0434
ORD-03124,2022-09-08,2022-09-11,Second Class,C0249
ORD-03125,2022-10-18,2022-10-25,Second Class,C0132
ORD-03126,2022-11-22,2022-11-28,Second Class,C0169
ORD-03127,2024-04-16,2024-04-19,Standard Class,C0443
ORD-03128,2023-05-23,2023-05-25,Standard Class,C0060
ORD-03129,2024-01-01,2024-01-06,Standard Class,C0369
ORD-03130,2022-03-13,2022-03-20,Standard Class,C0337
ORD-03131,2023-10-03,2023-10-05,Standard Class,C0241
ORD-03132,2024-07-28,2024-07-31,Standard Class,C0190
ORD-03133,2023-08-31,2023-09-06,Standard Class,C0496
ORD-03134,2023-07-20,2023-07-24,Second Class,C0340
ORD-03135,2022-02-23,2022-02-25,Standard Class,C0281
ORD-03136,2023-06-12,2023-06-15,First Class,C0232
ORD-03137,2023-09-03,2023-09-09,Standard Class,C0471
ORD-03138,2022-07-12,2022-07-17,First Class,C0463
ORD-03139,2022-02-27,2022-03-03,Standard Class,C0289
ORD-03140,2022-05-09,2022-05-13,Standard Class,C0275
ORD-03141,2023-12-07,2023-12-09,First Class,C0313
ORD-03142,2024-05-01,2024-05-06,Standard Class,C0015
ORD-03143,2022-01-08,2022-01-10,Standard Class,C0041
ORD-03144,2022-01-29,2022-02-04,Standard Class,C0453
ORD-03145,2024-08-04,2024-08-07,Standard Class,C0208
ORD-03146,2022-05-11,2022-05-16,Standard Class,C0060
ORD-03147,2022-07-07,2022-07-09,Standard Class,C0365
ORD-03148,2023-12-10,2023-12-13,First Class,C0240
ORD-03149,2022-07-31,2022-08-02,Second Class,C0096
ORD-03150,2022-10-03,2022-10-07,Standard Class,C0278
ORD-03151,2022-08-31,2022-09-05,First Class,C0427
ORD-03152,2024-09-13,2024-09-17,Standard Class,C0160
ORD-03153,2023-11-16,2023-11-19,Standard Class,C0397
ORD-03154,2022-06-20,2022-06-21,Standard Class,C0422
ORD-03155,2023-10-15,2023-10-21,Second Class,C0282
ORD-03156,2022-07-07,2022-07-11,Standard Class,C0500
ORD-03157,2022-02-21,2022-02-25,Second Class,C0209
ORD-03158,2022-04-21,2022-04-25,Standard Class,C0133
ORD-03159,2024-05-26,2024-05-30,Same Day,C0381
ORD-03160,2024-12-02,2024-12-05,Second Class,C0433
ORD-03161,2022-07-30,2022-08-03,Standard Class,C0097
ORD-03162,2024-05-07,2024-05-11,Second Class,C0219
ORD-03163,2023-09-19,2023-09-24,Standard Class,C0389
ORD-03164,2024-11-15,2024-11-20,Standard Class,C0485
ORD-03165,2022-10-26,2022-10-27,Standard Class,C0071
ORD-03166,2024-07-12,2024-07-15,Standard Class,C0432
ORD-03167,2022-05-17,2022-05-18,First Class,C0274
ORD-03168,2024-11-09,2024-11-11,Standard Class,C0351
ORD-03169,2023-03-16,2023-03-20,Standard Class,C0134
ORD-03170,2022-07-30,2022-08-04,Standard Class,C0066
ORD-03171,2024-01-22,2024-01-24,Standard Class,C0127
ORD-03172,2023-03-11,2023-03-14,Standard Class,C0205
ORD-03173,2024-02-19,2024-02-25,Second Class,C0298
ORD-03174,2023-03-15,2023-03-20,Same Day,C0117
ORD-03175,2023-10-28,2023-10-31,Standard Class,C0436
ORD-03176,2024-12-01,2024-12-05,Standard Class,C0267
ORD-03177,2023-02-15,2023-02-18,Standard Class,C0282
ORD-03178,2024-03-16,2024-03-18,First Class,C0149
ORD-03179,2023-09-02,2023-09-04,Standard Class,C0194
ORD-03180,2023-03-03,2023-03-05,Standard Class,C0168
ORD-03181,2024-06-20,2024-06-23,Second Class,C0312
ORD-03182,2024-07-30,2024-08-05,Standard Class,C0374
ORD-03183,2024-01-12,2024-01-16,Standard Class,C0179
ORD-03184,2022-11-24,2022-11-27,Second Class,C0148
ORD-03185,2022-02-21,2022-02-24,Standard Class,C0465
ORD-03186,2023-01-11,2023-01-13,Standard Class,C0464
ORD-03187,2022-09-20,2022-09-24,Standard Class,C0057
ORD-03188,2022-09-24,2022-09-29,Standard Class,C0490
ORD-03189,2022-12-25,2022-12-27,Standard Class,C0005
ORD-03190,2023-10-14,2023-10-15,First Class,C0014
ORD-03191,2022-02-15,2022-02-19,Standard Class,C0280
ORD-03192,2023-08-23,2023-08-26,Second Class,C0499
ORD-03193,2023-12-21,2023-12-24,Standard Class,C0324
ORD-03194,2023-08-24,2023-08-28,Standard Class,C0436
ORD-03195,2023-01-16,2023-01-19,Standard Class,C0304
ORD-03196,2022-04-28,2022-04-30,Standard Class,C0216
ORD-03197,2022-04-26,2022-04-29,Standard Class,C0175
ORD-03198,2022-09-17,2022-09-20,Standard Class,C0316
ORD-03199,2022-11-01,2022-11-06,Standard Class,C0457
ORD-03200,2022-01-07,2022-01-13,Standard Class,C0003
ORD-03201,2023-01-01,2023-01-06,Same Day,C0375
ORD-03202,2023-06-07,2023-06-11,Standard Class,C0137
ORD-03203,2023-03-05,2023-03-08,Standard Class,C0466
ORD-03204,2024-03-01,2024-03-05,Standard Class,C0100
ORD-03205,2024-01-17,2024-01-23,Standard Class,C0083
ORD-03206,2023-01-02,2023-01-04,Second Class,C0280
ORD-03207,2022-11-09,2022-11-12,Standard Class,C0132
ORD-03208,2023-06-22,2023-06-26,Standard Class,C0393
ORD-03209,2024-07-09,2024-07-13,Standard Class,C0481
ORD-03210,2024-12-13,2024-12-15,Second Class,C0001
ORD-03211,2024-05-14,2024-05-17,Standard Class,C0116
ORD-03212,2024-02-21,2024-02-25,Standard Class,C0499
ORD-03213,2022-11-30,2022-12-03,Standard Class,C0419
ORD-03214,2024-03-08,2024-03-12,Standard Class,C0202
ORD-03215,2022-12-14,2022-12-17,Standard Class,C0140
ORD-03216,2022-09-30,2022-10-06,First Class,C0146
ORD-03217,2024-08-20,2024-08-23,Second Class,C0462
ORD-03218,2023-12-21,2023-12-24,Standard Class,C0266
ORD-03219,2023-05-15,2023-05-16,Standard Class,C0202
ORD-03220,2023-11-16,2023-11-18,Standard Class,C0402
ORD-03221,2022-03-20,2022-03-24,Standard Class,C0152
ORD-03222,2023-09-14,2023-09-17,Standard Class,C0385
ORD-03223,2024-08-04,2024-08-07,Standard Class,C0222
ORD-03224,2022-12-24,2022-12-26,Same Day,C0079
ORD-03225,2023-09-10,2023-09-15,Standard Class,C0200
ORD-03226,2023-05-22,2023-05-26,First Class,C0250
ORD-03227,2023-07-30,2023-08-01,Standard Class,C0099
ORD-03228,2022-09-01,2022-09-05,Standard Class,C0466
ORD-03229,2023-05-21,2023-05-26,Standard Class,C0489
ORD-03230,2023-02-26,2023-03-02,Second Class,C0400
ORD-03231,2022-08-05,2022-08-08,Standard Class,C0213
ORD-03232,2024-10-05,2024-10-09,First Class,C0143
ORD-03233,2022-11-26,2022-11-28,First Class,C0190
ORD-03234,2023-10-12,2023-10-15,Second Class,C0389
ORD-03235,2023-01-26,2023-01-28,Second Class,C0301
ORD-03236,2023-01-16,2023-01-19,Second Class,C0374
ORD-03237,2024-01-12,2024-01-14,Second Class,C0052
ORD-03238,2024-03-30,2024-04-05,Standard Class,C0455
ORD-03239,2023-11-04,2023-11-07,Second Class,C0112
ORD-03240,2023-05-28,2023-05-30,First Class,C0135
ORD-03241,2024-08-06,2024-08-09,Standard Class,C0411
ORD-03242,2024-07-18,2024-07-20,First Class,C0473
ORD-03243,2024-07-01,2024-07-04,Standard Class,C0470
ORD-03244,2023-10-06,2023-10-09,Standard Class,C0112
ORD-03245,2023-03-03,2023-03-05,Standard Class,C0013
ORD-03246,2023-05-17,2023-05-19,Standard Class,C0273
ORD-03247,2023-12-31,2024-01-03,First Class,C0233
ORD-03248,2022-03-12,2022-03-13,First Class,C0044
ORD-03249,2023-04-23,2023-04-27,Second Class,C0397
ORD-03250,2023-04-02,2023-04-06,Same Day,C0474
ORD-03251,2022-07-08,2022-07-12,Standard Class,C0073
ORD-03252,2022-10-18,2022-10-21,Standard Class,C0261
ORD-03253,2024-07-08,2024-07-11,Standard Class,C0231
ORD-03254,2022-10-19,2022-10-25,First Class,C0033
ORD-03255,2024-01-26,2024-01-27,Standard Class,C0388
ORD-03256,2023-01-12,2023-01-13,Same Day,C0476
ORD-03257,2023-05-23,2023-05-25,Second Class,C0410
ORD-03258,2023-06-12,2023-06-14,Same Day,C0068
ORD-03259,2023-07-13,2023-07-15,Standard Class,C0016
ORD-03260,2024-11-20,2024-11-24,Standard Class,C0485
ORD-03261,2022-09-17,2022-09-20,Second Class,C0150
ORD-03262,2023-02-25,2023-03-04,Second Class,C0292
ORD-03263,2022-10-31,2022-11-02,Standard Class,C0102
ORD-03264,2024-07-30,2024-08-02,First Class,C0186
ORD-03265,2024-11-28,2024-12-05,First Class,C0439
ORD-03266,2023-06-26,2023-07-01,Standard Class,C0419
ORD-03267,2024-12-25,2024-12-28,Standard Class,C0025
ORD-03268,2022-04-18,2022-04-21,Standard Class,C0072
ORD-03269,2022-09-25,2022-09-30,Standard Class,C0081
ORD-03270,2022-08-10,2022-08-13,Second Class,C0061
ORD-03271,2023-11-24,2023-11-26,Standard Class,C0018
ORD-03272,2022-09-12,2022-09-17,Second Class,C0242
ORD-03273,2022-09-10,2022-09-13,Second Class,C0058
ORD-03274,2022-09-14,2022-09-16,Standard Class,C0332
ORD-03275,2023-01-18,2023-01-21,Standard Class,C0377
ORD-03276,2023-03-18,2023-03-21,Standard Class,C0057
ORD-03277,2023-08-22,2023-08-27,Standard Class,C0097
ORD-03278,2023-01-25,2023-01-27,Standard Class,C0215
ORD-03279,2023-08-05,2023-08-10,Same Day,C0319
ORD-03280,2024-12-03,2024-12-06,Standard Class,C0012
ORD-03281,2023-08-21,2023-08-24,Standard Class,C0011
ORD-03282,2022-01-19,2022-01-21,Standard Class,C0397
ORD-03283,2023-08-30,2023-09-03,Standard Class,C0163
ORD-03284,2022-02-02,2022-02-08,Standard Class,C0283
ORD-03285,2024-05-11,2024-05-14,Second Class,C0217
ORD-03286,2022-06-04,2022-06-06,Standard Class,C0360
ORD-03287,2024-06-23,2024-06-26,Same Day,C0323
ORD-03288,2023-02-09,2023-02-13,Standard Class,C0241
ORD-03289,2024-04-23,2024-04-24,First Class,C0345
ORD-03290,2024-01-17,2024-01-21,First Class,C0045
ORD-03291,2022-09-28,2022-10-01,Standard Class,C0458
ORD-03292,2024-02-09,2024-02-12,Standard Class,C0081
ORD-03293,2022-06-21,2022-06-24,Standard Class,C0255
ORD-03294,2022-10-01,2022-10-03,Second Class,C0067
ORD-03295,2022-09-16,2022-09-20,First Class,C0493
ORD-03296,2023-02-26,2023-03-02,Standard Class,C0406
ORD-03297,2022-12-30,2023-01-02,Standard Class,C0102
ORD-03298,2023-01-13,2023-01-16,First Class,C0462
ORD-03299,2023-08-03,2023-08-05,Same Day,C0091
ORD-03300,2024-06-09,2024-06-14,Second Class,C0042
ORD-03301,2023-12-23,2023-12-26,First Class,C0276
ORD-03302,2024-05-30,2024-06-02,Standard Class,C0304
ORD-03303,2023-08-28,2023-08-31,Second Class,C0274
ORD-03304,2022-01-22,2022-01-25,Second Class,C0384
ORD-03305,2023-01-18,2023-01-20,Second Class,C0077
ORD-03306,2022-05-14,2022-05-16,Standard Class,C0234
ORD-03307,2024-11-14,2024-11-16,Standard Class,C0454
ORD-03308,2023-05-18,2023-05-22,Standard Class,C0202
ORD-03309,2022-05-24,2022-05-26,Standard Class,C0485
ORD-03310,2022-08-12,2022-08-14,Standard Class,C0221
ORD-03311,2022-08-08,2022-08-12,Second Class,C0262
ORD-03312,2022-06-28,2022-06-30,Standard Class,C0039
ORD-03313,2023-03-09,2023-03-13,Standard Class,C0011
ORD-03314,2022-09-22,2022-09-25,First Class,C0112
ORD-03315,2024-08-11,2024-08-13,First Class,C0409
ORD-03316,2023-03-05,2023-03-08,Standard Class,C0108
ORD-03317,2023-02-20,2023-02-21,Standard Class,C0492
ORD-03318,2023-12-28,2024-01-02,First Class,C0094
ORD-03319,2022-07-16,2022-07-19,First Class,C0311
ORD-03320,2024-12-12,2024-12-14,Standard Class,C0084
ORD-03321,2023-04-25,2023-04-27,Standard Class,C0058
ORD-03322,2024-06-08,2024-06-11,Standard Class,C0293
ORD-03323,2024-07-13,2024-07-15,Second Class,C0016
ORD-03324,2022-05-03,2022-05-05,Standard Class,C0479
ORD-03325,2024-02-17,2024-02-20,Standard Class,C0477
ORD-03326,2022-12-14,2022-12-19,Standard Class,C0326
ORD-03327,2022-01-29,2022-02-01,First Class,C0093
ORD-03328,2024-09-01,2024-09-05,Standard Class,C0480
ORD-03329,2022-02-04,2022-02-09,Standard Class,C0457
ORD-03330,2023-09-15,2023-09-17,Same Day,C0165
ORD-03331,2023-08-12,2023-08-17,Standard Class,C0437
ORD-03332,2024-12-26,2024-12-30,Standard Class,C0215
ORD-03333,2024-06-22,2024-06-25,Second Class,C0144
ORD-03334,2023-06-04,2023-06-11,Standard Class,C0274
ORD-03335,2022-05-02,2022-05-04,First Class,C0403
ORD-03336,2022-12-06,2022-12-08,Standard Class,C0428
ORD-03337,2022-06-24,2022-06-28,Standard Class,C0386
ORD-03338,2023-08-20,2023-08-23,First Class,C0442
ORD-03339,2023-03-27,2023-03-30,Standard Class,C0138
ORD-03340,2023-07-11,2023-07-13,Second Class,C0204
ORD-03341,2024-11-05,2024-11-09,Standard Class,C0302
ORD-03342,2022-01-09,2022-01-13,Standard Class,C0210
ORD-03343,2022-11-30,2022-12-03,First Class,C0019
ORD-03344,2024-10-13,2024-10-19,Standard Class,C0294
ORD-03345,2022-11-23,2022-11-26,Standard Class,C0293
ORD-03346,2022-01-15,2022-01-17,Standard Class,C0475
ORD-03347,2024-04-18,2024-04-22,Standard Class,C0368
ORD-03348,2022-08-14,2022-08-18,Second Class,C0462
ORD-03349,2022-04-23,2022-04-25,First Class,C0301
ORD-03350,2022-01-01,2022-01-03,Second Class,C0373
ORD-03351,2022-09-23,2022-09-28,Second Class,C0162
ORD-03352,2024-08-09,2024-08-16,Standard Class,C0130
ORD-03353,2022-11-02,2022-11-06,Standard Class,C0044
ORD-03354,2022-01-12,2022-01-14,Second Class,C0353
ORD-03355,2024-07-25,2024-08-01,Standard Class,C0083
ORD-03356,2023-02-24,2023-03-01,Standard Class,C0380
ORD-03357,2024-06-07,2024-06-10,First Class,C0124
ORD-03358,2022-06-20,2022-06-25,Standard Class,C0027
ORD-03359,2022-05-14,2022-05-19,Standard Class,C0304
ORD-03360,2024-08-22,2024-08-28,Standard Class,C0350
ORD-03361,2024-11-14,2024-11-19,Second Class,C0007
ORD-03362,2023-10-20,2023-10-24,Standard Class,C0411
ORD-03363,2022-06-28,2022-07-02,Standard Class,C0341
ORD-03364,2024-12-15,2024-12-18,Same Day,C0199
ORD-03365,2022-04-21,2022-04-25,Second Class,C0112
ORD-03366,2022-05-17,2022-05-21,First Class,C0089
ORD-03367,2022-08-20,2022-08-26,Standard Class,C0128
ORD-03368,2024-09-18,2024-09-21,Standard Class,C0230
ORD-03369,2023-04-13,2023-04-16,Standard Class,C0018
ORD-03370,2024-01-02,2024-01-05,Standard Class,C0289
ORD-03371,2023-04-26,2023-04-30,Standard Class,C0161
ORD-03372,2024-12-27,2024-12-31,Standard Class,C0352
ORD-03373,2024-03-24,2024-03-25,Standard Class,C0378
ORD-03374,2024-09-20,2024-09-23,Second Class,C0281
ORD-03375,2022-11-19,2022-11-21,Second Class,C0398
ORD-03376,2024-07-10,2024-07-11,Standard Class,C0422
ORD-03377,2024-06-22,2024-06-26,Standard Class,C0166
ORD-03378,2023-08-29,2023-08-31,Standard Class,C0260
ORD-03379,2023-03-05,2023-03-08,Standard Class,C0364
ORD-03380,2022-05-28,2022-05-30,Standard Class,C0190
ORD-03381,2024-04-29,2024-05-01,Standard Class,C0338
ORD-03382,2023-01-02,2023-01-06,First Class,C0266
ORD-03383,2024-04-29,2024-05-02,First Class,C0291
ORD-03384,2024-12-25,2024-12-30,Second Class,C0355
ORD-03385,2024-03-23,2024-03-26,First Class,C0360
ORD-03386,2022-06-24,2022-06-26,Second Class,C0279
ORD-03387,2023-08-11,2023-08-14,First Class,C0217
ORD-03388,2023-05-10,2023-05-14,Standard Class,C0321
ORD-03389,2024-08-30,2024-09-02,Standard Class,C0338
ORD-03390,2022-02-04,2022-02-10,Second Class,C0207
ORD-03391,2024-09-25,2024-09-29,Standard Class,C0153
ORD-03392,2023-06-22,2023-06-25,Second Class,C0480
ORD-03393,2024-01-20,2024-01-24,First Class,C0181
ORD-03394,2024-11-03,2024-11-09,Second Class,C0212
ORD-03395,2023-01-09,2023-01-12,Standard Class,C0273
ORD-03396,2023-07-11,2023-07-13,Standard Class,C0441
ORD-03397,2022-08-21,2022-08-25,First Class,C0203
ORD-03398,2023-12-06,2023-12-09,Same Day,C0205
ORD-03399,2023-07-17,2023-07-24,Standard Class,C0473
ORD-03400,2024-07-27,2024-07-30,First Class,C0404
ORD-03401,2024-06-05,2024-06-07,First Class,C0384
ORD-03402,2023-12-27,2024-01-03,Standard Class,C0153
ORD-03403,2022-03-17,2022-03-22,First Class,C0170
ORD-03404,2023-03-15,2023-03-17,Standard Class,C0429
ORD-03405,2023-11-30,2023-12-06,Standard Class,C0241
ORD-03406,2024-07-03,2024-07-06,Standard Class,C0287
ORD-03407,2024-06-09,2024-06-12,Second Class,C0245
ORD-03408,2023-11-23,2023-11-29,Second Class,C0321
ORD-03409,2022-09-10,2022-09-13,Standard Class,C0436
ORD-03410,2024-11-26,2024-11-28,First Class,C0080
ORD-03411,2023-02-14,2023-02-17,First Class,C0496
ORD-03412,2022-05-07,2022-05-11,Second Class,C0092
ORD-03413,2023-08-15,2023-08-17,Standard Class,C0149
ORD-03414,2022-10-21,2022-10-24,Standard Class,C0030
ORD-03415,2024-10-16,2024-10-20,Standard Class,C0123
ORD-03416,2022-11-06,2022-11-09,First Class,C0387
ORD-03417,2023-10-24,2023-10-28,Standard Class,C0482
ORD-03418,2023-06-12,2023-06-17,Same Day,C0326
ORD-03419,2023-06-24,2023-06-27,First Class,C0427
ORD-03420,2023-02-23,2023-02-26,Second Class,C0029
ORD-03421,2023-03-20,2023-03-22,Second Class,C0259
ORD-03422,2023-11-16,2023-11-20,Standard Class,C0186
ORD-03423,2024-04-19,2024-04-24,Second Class,C0417
ORD-03424,2022-08-24,2022-08-27,Standard Class,C0075
ORD-03425,2022-08-02,2022-08-05,First Class,C0045
ORD-03426,2022-03-26,2022-03-29,Second Class,C0069
ORD-03427,2024-03-04,2024-03-07,Second Class,C0498
ORD-03428,2022-03-26,2022-03-28,Second Class,C0416
ORD-03429,2022-03-06,2022-03-11,Standard Class,C0367
ORD-03430,2023-10-25,2023-10-27,Standard Class,C0210
ORD-03431,2023-09-19,2023-09-23,First Class,C0239
ORD-03432,2022-03-05,2022-03-08,Standard Class,C0340
ORD-03433,2024-07-27,2024-07-30,Standard Class,C0308
ORD-03434,2024-07-07,2024-07-09,Standard Class,C0192
ORD-03435,2023-05-06,2023-05-10,Standard Class,C0372
ORD-03436,2022-11-09,2022-11-11,Standard Class,C0103
ORD-03437,2023-09-07,2023-09-09,First Class,C0241
ORD-03438,2024-07-07,2024-07-10,Second Class,C0253
ORD-03439,2024-03-23,2024-03-27,Standard Class,C0424
ORD-03440,2024-07-28,2024-07-30,First Class,C0220
ORD-03441,2023-11-11,2023-11-13,Standard Class,C0397
ORD-03442,2023-03-11,2023-03-16,Standard Class,C0474
ORD-03443,2023-11-13,2023-11-18,Second Class,C0336
ORD-03444,2024-12-09,2024-12-11,Second Class,C0217
ORD-03445,2022-12-06,2022-12-10,Standard Class,C0202
ORD-03446,2022-12-13,2022-12-16,Same Day,C0029
ORD-03447,2023-10-08,2023-10-12,First Class,C0494
ORD-03448,2023-10-11,2023-10-16,Standard Class,C0447
ORD-03449,2022-09-02,2022-09-04,Standard Class,C0486
ORD-03450,2022-04-19,2022-04-23,First Class,C0212
ORD-03451,2023-06-17,2023-06-20,Standard Class,C0154
ORD-03452,2022-10-23,2022-10-26,Standard Class,C0480
ORD-03453,2022-04-22,2022-04-26,Second Class,C0231
ORD-03454,2022-12-09,2022-12-15,Standard Class,C0102
ORD-03455,2022-04-11,2022-04-13,Standard Class,C0315
ORD-03456,2023-09-21,2023-09-22,Standard Class,C0177
ORD-03457,2022-01-28,2022-01-30,Second Class,C0181
ORD-03458,2024-07-25,2024-08-01,Standard Class,C0472
ORD-03459,2022-02-27,2022-03-03,Standard Class,C0415
ORD-03460,2022-10-24,2022-10-28,Standard Class,C0232
ORD-03461,2022-05-14,2022-05-15,Standard Class,C0012
ORD-03462,2022-09-06,2022-09-11,First Class,C0186
ORD-03463,2024-10-17,2024-10-22,First Class,C0249
ORD-03464,2023-07-04,2023-07-08,Standard Class,C0420
ORD-03465,2024-06-20,2024-06-23,Second Class,C0266
ORD-03466,2024-04-13,2024-04-15,Second Class,C0390
ORD-03467,2024-02-10,2024-02-13,First Class,C0135
ORD-03468,2022-05-26,2022-05-30,Standard Class,C0245
ORD-03469,2024-06-11,2024-06-13,Standard Class,C0031
ORD-03470,2022-12-10,2022-12-14,Second Class,C0347
ORD-03471,2024-11-24,2024-11-26,Standard Class,C0456
ORD-03472,2023-12-03,2023-12-07,Standard Class,C0259
ORD-03473,2022-01-01,2022-01-04,Second Class,C0104
ORD-03474,2022-06-02,2022-06-04,Same Day,C0431
ORD-03475,2023-03-05,2023-03-08,Standard Class,C0382
ORD-03476,2023-05-23,2023-05-26,Second Class,C0469
ORD-03477,2023-05-06,2023-05-08,Standard Class,C0001
ORD-03478,2022-12-11,2022-12-16,First Class,C0429
ORD-03479,2022-08-09,2022-08-10,Standard Class,C0438
ORD-03480,2023-12-24,2023-12-27,Standard Class,C0434
ORD-03481,2024-11-14,2024-11-15,Standard Class,C0207
ORD-03482,2023-06-12,2023-06-14,Standard Class,C0135
ORD-03483,2024-04-20,2024-04-22,Standard Class,C0447
ORD-03484,2024-12-01,2024-12-03,Standard Class,C0271
ORD-03485,2023-04-26,2023-04-29,Second Class,C0089
ORD-03486,2024-07-18,2024-07-20,Standard Class,C0195
ORD-03487,2024-05-21,2024-05-25,Second Class,C0414
ORD-03488,2022-12-11,2022-12-13,Standard Class,C0122
ORD-03489,2022-02-14,2022-02-16,Second Class,C0462
ORD-03490,2022-01-21,2022-01-24,Standard Class,C0116
ORD-03491,2024-12-29,2025-01-03,Standard Class,C0196
ORD-03492,2024-05-22,2024-05-26,Standard Class,C0036
ORD-03493,2022-02-17,2022-02-21,Standard Class,C0067
ORD-03494,2023-07-05,2023-07-07,First Class,C0133
ORD-03495,2022-10-14,2022-10-19,Second Class,C0281
ORD-03496,2024-09-28,2024-09-29,Standard Class,C0479
ORD-03497,2024-10-30,2024-11-01,Standard Class,C0011
ORD-03498,2023-06-26,2023-06-30,Standard Class,C0456
ORD-03499,2024-01-26,2024-01-29,Standard Class,C0218
ORD-03500,2022-10-01,2022-10-08,Second Class,C0322
ORD-03501,2024-08-13,2024-08-14,Standard Class,C0156
ORD-03502,2023-08-23,2023-08-30,Standard Class,C0240
ORD-03503,2023-01-16,2023-01-20,Standard Class,C0060
ORD-03504,2023-04-24,2023-04-27,Standard Class,C0138
ORD-03505,2022-01-15,2022-01-17,Standard Class,C0050
ORD-03506,2023-05-31,2023-06-02,Standard Class,C0167
ORD-03507,2022-07-10,2022-07-16,Standard Class,C0165
ORD-03508,2023-09-13,2023-09-16,Standard Class,C0319
ORD-03509,2022-06-03,2022-06-07,Standard Class,C0189
ORD-03510,2022-09-29,2022-10-06,Second Class,C0487
ORD-03511,2022-05-23,2022-05-25,Standard Class,C0469
ORD-03512,2024-12-28,2024-12-31,Standard Class,C0092
ORD-03513,2022-09-04,2022-09-08,Standard Class,C0294
ORD-03514,2024-02-27,2024-02-29,Standard Class,C0376
ORD-03515,2022-03-20,2022-03-22,Standard Class,C0289
ORD-03516,2023-09-15,2023-09-18,First Class,C0075
ORD-03517,2023-06-09,2023-06-12,First Class,C0045
ORD-03518,2024-02-11,2024-02-15,Standard Class,C0428
ORD-03519,2024-07-26,2024-07-28,First Class,C0385
ORD-03520,2023-09-09,2023-09-16,Standard Class,C0053
ORD-03521,2024-10-28,2024-10-29,Standard Class,C0175
ORD-03522,2022-03-08,2022-03-12,Same Day,C0161
ORD-03523,2022-07-10,2022-07-13,First Class,C0067
ORD-03524,2024-02-07,2024-02-09,Same Day,C0474
ORD-03525,2023-06-05,2023-06-07,Standard Class,C0399
ORD-03526,2024-09-16,2024-09-20,Standard Class,C0361
ORD-03527,2022-09-24,2022-09-29,Standard Class,C0270
ORD-03528,2023-04-30,2023-05-02,Second Class,C0407
ORD-03529,2023-01-11,2023-01-14,Standard Class,C0124
ORD-03530,2023-10-15,2023-10-18,First Class,C0182
ORD-03531,2023-07-03,2023-07-05,Standard Class,C0376
ORD-03532,2022-03-14,2022-03-18,Standard Class,C0392
ORD-03533,2022-11-04,2022-11-09,Second Class,C0182
ORD-03534,2022-07-18,2022-07-21,Second Class,C0036
ORD-03535,2023-07-26,2023-08-02,Standard Class,C0212
ORD-03536,2024-03-01,2024-03-03,Same Day,C0384
ORD-03537,2022-06-28,2022-07-02,Standard Class,C0436
ORD-03538,2022-07-16,2022-07-19,Standard Class,C0134
ORD-03539,2024-01-05,2024-01-08,First Class,C0353
ORD-03540,2022-03-30,2022-04-02,Same Day,C0412
ORD-03541,2024-03-09,2024-03-11,First Class,C0178
ORD-03542,2024-02-27,2024-03-02,First Class,C0166
ORD-03543,2024-01-18,2024-01-22,Second Class,C0414
ORD-03544,2022-07-28,2022-07-30,First Class,C0494
ORD-03545,2023-05-08,2023-05-13,Standard Class,C0491
ORD-03546,2023-10-27,2023-10-30,Second Class,C0337
ORD-03547,2024-11-02,2024-11-06,Second Class,C0329
ORD-03548,2024-05-20,2024-05-22,Standard Class,C0476
ORD-03549,2024-01-02,2024-01-04,Standard Class,C0438
ORD-03550,2023-11-29,2023-12-02,Standard Class,C0327
ORD-03551,2023-08-17,2023-08-20,Second Class,C0046
ORD-03552,2024-06-04,2024-06-08,Standard Class,C0156
ORD-03553,2024-05-01,2024-05-04,First Class,C0401
ORD-03554,2022-11-21,2022-11-23,Standard Class,C0488
ORD-03555,2024-09-05,2024-09-08,Standard Class,C0432
ORD-03556,2024-08-13,2024-08-17,First Class,C0428
ORD-03557,2024-06-12,2024-06-16,Standard Class,C0236
ORD-03558,2022-05-24,2022-05-26,Standard Class,C0316
ORD-03559,2023-01-19,2023-01-20,Standard Class,C0060
ORD-03560,2022-08-04,2022-08-08,Second Class,C0005
ORD-03561,2022-11-20,2022-11-22,Same Day,C0453
ORD-03562,2024-11-04,2024-11-06,First Class,C0462
ORD-03563,2022-08-05,2022-08-06,Second Class,C0454
ORD-03564,2024-08-08,2024-08-11,Standard Class,C0391
ORD-03565,2022-07-02,2022-07-05,Standard Class,C0181
ORD-03566,2022-09-27,2022-10-01,Standard Class,C0145
ORD-03567,2024-08-02,2024-08-04,Standard Class,C0315
ORD-03568,2024-05-19,2024-05-23,Standard Class,C0265
ORD-03569,2023-04-12,2023-04-14,Standard Class,C0223
ORD-03570,2022-11-01,2022-11-06,Second Class,C0406
ORD-03571,2022-04-21,2022-04-24,Standard Class,C0301
ORD-03572,2024-10-10,2024-10-13,Second Class,C0457
ORD-03573,2022-08-20,2022-08-22,First Class,C0443
ORD-03574,2023-08-18,2023-08-20,Second Class,C0336
ORD-03575,2022-06-22,2022-06-25,Second Class,C0484
ORD-03576,2024-08-30,2024-09-03,Second Class,C0482
ORD-03577,2024-10-27,2024-10-29,Standard Class,C0237
ORD-03578,2023-06-30,2023-07-06,Standard Class,C0013
ORD-03579,2023-07-02,2023-07-09,Standard Class,C0339
ORD-03580,2023-06-02,2023-06-05,Standard Class,C0268
ORD-03581,2024-07-02,2024-07-08,Second Class,C0420
ORD-03582,2022-08-03,2022-08-05,First Class,C0266
ORD-03583,2022-05-14,2022-05-15,Same Day,C0016
ORD-03584,2022-10-12,2022-10-13,Standard Class,C0092
ORD-03585,2023-11-17,2023-11-20,Same Day,C0248
ORD-03586,2022-11-27,2022-11-29,Standard Class,C0019
ORD-03587,2024-06-12,2024-06-18,First Class,C0360
ORD-03588,2024-06-17,2024-06-19,Standard Class,C0390
ORD-03589,2022-03-19,2022-03-22,Standard Class,C0388
ORD-03590,2024-08-04,2024-08-09,Standard Class,C0414
ORD-03591,2023-11-19,2023-11-21,First Class,C0103
ORD-03592,2022-01-21,2022-01-23,Standard Class,C0095
ORD-03593,2023-07-20,2023-07-24,Standard Class,C0430
ORD-03594,2024-04-06,2024-04-08,First Class,C0283
ORD-03595,2022-06-28,2022-06-30,First Class,C0429
ORD-03596,2024-12-18,2024-12-20,Standard Class,C0213
ORD-03597,2024-06-23,2024-06-26,Second Class,C0037
ORD-03598,2023-10-31,2023-11-06,Standard Class,C0393
ORD-03599,2022-07-10,2022-07-15,Standard Class,C0061
ORD-03600,2023-12-09,2023-12-11,Standard Class,C0291
ORD-03601,2024-11-24,2024-11-27,Standard Class,C0362
ORD-03602,2023-01-14,2023-01-17,Standard Class,C0303
ORD-03603,2023-01-22,2023-01-29,Standard Class,C0244
ORD-03604,2022-08-25,2022-08-27,Standard Class,C0405
ORD-03605,2023-09-08,2023-09-11,Second Class,C0401
ORD-03606,2022-10-10,2022-10-14,Second Class,C0311
ORD-03607,2022-01-01,2022-01-07,Standard Class,C0344
ORD-03608,2023-04-09,2023-04-11,Standard Class,C0351
ORD-03609,2024-08-24,2024-08-26,Second Class,C0006
ORD-03610,2022-06-21,2022-06-23,Second Class,C0377
ORD-03611,2024-04-22,2024-04-23,Second Class,C0419
ORD-03612,2023-11-21,2023-11-25,Standard Class,C0306
ORD-03613,2023-07-29,2023-08-02,Standard Class,C0165
ORD-03614,2022-06-14,2022-06-18,Second Class,C0013
ORD-03615,2023-01-18,2023-01-20,Standard Class,C0025
ORD-03616,2022-07-28,2022-07-30,First Class,C0224
ORD-03617,2022-08-12,2022-08-14,Second Class,C0123
ORD-03618,2022-01-03,2022-01-05,Standard Class,C0129
ORD-03619,2023-01-07,2023-01-11,Standard Class,C0305
ORD-03620,2023-09-03,2023-09-05,First Class,C0122
ORD-03621,2022-04-26,2022-04-27,Standard Class,C0035
ORD-03622,2023-03-23,2023-03-26,Standard Class,C0083
ORD-03623,2023-02-19,2023-02-22,Second Class,C0309
ORD-03624,2024-06-10,2024-06-13,Second Class,C0436
ORD-03625,2024-11-13,2024-11-18,Standard Class,C0182
ORD-03626,2023-10-25,2023-10-27,Standard Class,C0076
ORD-03627,2024-12-09,2024-12-13,First Class,C0104
ORD-03628,2023-12-19,2023-12-22,Same Day,C0232
ORD-03629,2024-11-16,2024-11-19,Second Class,C0303
ORD-03630,2022-09-28,2022-10-04,Same Day,C0043
ORD-03631,2023-07-16,2023-07-18,Standard Class,C0404
ORD-03632,2024-03-14,2024-03-18,Standard Class,C0417
ORD-03633,2022-09-04,2022-09-06,Standard Class,C0093
ORD-03634,2023-01-22,2023-01-25,Standard Class,C0144
ORD-03635,2023-12-03,2023-12-07,Standard Class,C0254
ORD-03636,2023-07-13,2023-07-18,Standard Class,C0078
ORD-03637,2024-08-30,2024-09-04,First Class,C0263
ORD-03638,2024-09-10,2024-09-13,Second Class,C0070
ORD-03639,2022-12-18,2022-12-20,Second Class,C0149
ORD-03640,2024-01-23,2024-01-27,Standard Class,C0292
ORD-03641,2024-02-20,2024-02-24,Standard Class,C0214
ORD-03642,2024-10-21,2024-10-22,Standard Class,C0360
ORD-03643,2023-06-30,2023-07-03,Second Class,C0310
ORD-03644,2022-03-20,2022-03-25,Standard Class,C0147
ORD-03645,2022-11-30,2022-12-03,Standard Class,C0025
ORD-03646,2024-06-07,2024-06-10,Standard Class,C0323
ORD-03647,2023-05-17,2023-05-22,Second Class,C0484
ORD-03648,2024-02-04,2024-02-06,First Class,C0109
ORD-03649,2024-07-09,2024-07-11,Second Class,C0181
ORD-03650,2023-07-04,2023-07-08,Standard Class,C0251
ORD-03651,2022-01-14,2022-01-17,Standard Class,C0482
ORD-03652,2023-01-27,2023-01-31,Standard Class,C0203
ORD-03653,2022-11-06,2022-11-08,Standard Class,C0304
ORD-03654,2023-01-21,2023-01-23,Standard Class,C0170
ORD-03655,2024-08-31,2024-09-02,Standard Class,C0175
ORD-03656,2022-12-06,2022-12-12,Standard Class,C0347
ORD-03657,2023-08-20,2023-08-23,Standard Class,C0170
ORD-03658,2024-01-27,2024-01-30,Standard Class,C0002
ORD-03659,2024-11-11,2024-11-12,Second Class,C0134
ORD-03660,2022-10-18,2022-10-20,Same Day,C0127
ORD-03661,2022-11-02,2022-11-05,First Class,C0046
ORD-03662,2023-09-26,2023-09-28,Standard Class,C0194
ORD-03663,2023-09-17,2023-09-20,Standard Class,C0362
ORD-03664,2024-07-27,2024-07-30,First Class,C0209
ORD-03665,2024-04-27,2024-05-01,Standard Class,C0296
ORD-03666,2023-03-18,2023-03-22,First Class,C0058
ORD-03667,2023-05-18,2023-05-21,Standard Class,C0496
ORD-03668,2022-05-10,2022-05-12,First Class,C0078
ORD-03669,2023-08-20,2023-08-24,First Class,C0202
ORD-03670,2024-05-11,2024-05-15,Second Class,C0493
ORD-03671,2023-08-16,2023-08-18,Second Class,C0289
ORD-03672,2024-09-25,2024-10-01,Standard Class,C0490
ORD-03673,2022-11-21,2022-11-23,Standard Class,C0062
ORD-03674,2024-12-28,2024-12-30,Standard Class,C0268
ORD-03675,2023-03-24,2023-03-26,Standard Class,C0126
ORD-03676,2024-03-29,2024-04-04,Standard Class,C0480
ORD-03677,2023-12-10,2023-12-13,Standard Class,C0049
ORD-03678,2022-09-22,2022-09-26,First Class,C0088
ORD-03679,2023-09-04,2023-09-06,Standard Class,C0334
ORD-03680,2024-04-11,2024-04-14,Standard Class,C0261
ORD-03681,2023-11-05,2023-11-08,Standard Class,C0179
ORD-03682,2022-06-06,2022-06-11,Standard Class,C0069
ORD-03683,2022-09-08,2022-09-09,Standard Class,C0367
ORD-03684,2024-05-27,2024-05-29,Same Day,C0416
ORD-03685,2023-06-14,2023-06-16,Standard Class,C0493
ORD-03686,2022-11-23,2022-11-28,Standard Class,C0433
ORD-03687,2024-08-18,2024-08-21,Standard Class,C0481
ORD-03688,2024-06-13,2024-06-16,Standard Class,C0060
ORD-03689,2022-04-07,2022-04-10,First Class,C0302
ORD-03690,2023-05-28,2023-06-04,Standard Class,C0452
ORD-03691,2022-08-04,2022-08-09,Standard Class,C0249
ORD-03692,2022-05-05,2022-05-09,Standard Class,C0478
ORD-03693,2022-02-28,2022-03-02,Same Day,C0169
ORD-03694,2022-06-10,2022-06-12,Standard Class,C0465
ORD-03695,2022-10-11,2022-10-17,First Class,C0451
ORD-03696,2022-04-16,2022-04-19,Standard Class,C0269
ORD-03697,2022-08-16,2022-08-18,Standard Class,C0364
ORD-03698,2022-11-14,2022-11-17,Second Class,C0112
ORD-03699,2024-03-12,2024-03-18,Standard Class,C0100
ORD-03700,2024-05-23,2024-05-26,Standard Class,C0402
ORD-03701,2023-04-17,2023-04-20,Standard Class,C0215
ORD-03702,2024-12-15,2024-12-20,Standard Class,C0483
ORD-03703,2023-09-17,2023-09-20,First Class,C0113
ORD-03704,2022-01-13,2022-01-15,Standard Class,C0097
ORD-03705,2024-11-07,2024-11-14,Second Class,C0307
ORD-03706,2023-11-25,2023-12-01,Standard Class,C0118
ORD-03707,2024-08-30,2024-09-04,Standard Class,C0036
ORD-03708,2022-04-23,2022-04-27,Second Class,C0337
ORD-03709,2022-08-17,2022-08-19,Standard Class,C0359
ORD-03710,2022-06-20,2022-06-26,Standard Class,C0290
ORD-03711,2022-10-22,2022-10-24,Standard Class,C0396
ORD-03712,2022-07-08,2022-07-13,Standard Class,C0389
ORD-03713,2023-03-02,2023-03-08,First Class,C0304
ORD-03714,2024-09-03,2024-09-07,Standard Class,C0360
ORD-03715,2023-10-20,2023-10-25,Standard Class,C0347
ORD-03716,2024-07-07,2024-07-11,Second Class,C0124
ORD-03717,2023-05-14,2023-05-16,Standard Class,C0040
ORD-03718,2024-02-01,2024-02-05,Standard Class,C0141
ORD-03719,2024-05-15,2024-05-17,Standard Class,C0026
ORD-03720,2024-04-05,2024-04-08,First Class,C0142
ORD-03721,2022-03-12,2022-03-14,Same Day,C0352
ORD-03722,2022-09-05,2022-09-08,Second Class,C0395
ORD-03723,2022-05-26,2022-05-31,Standard Class,C0422
ORD-03724,2023-08-05,2023-08-12,Second Class,C0336
ORD-03725,2023-04-15,2023-04-18,Standard Class,C0057
ORD-03726,2022-07-12,2022-07-15,Standard Class,C0150
ORD-03727,2024-12-27,2024-12-30,Same Day,C0367
ORD-03728,2023-05-09,2023-05-15,Standard Class,C0400
ORD-03729,2022-02-21,2022-02-24,Standard Class,C0205
ORD-03730,2024-05-31,2024-06-04,First Class,C0076
ORD-03731,2022-12-29,2023-01-04,Second Class,C0466
ORD-03732,2024-07-05,2024-07-08,Standard Class,C0285
ORD-03733,2023-04-19,2023-04-25,Standard Class,C0210
ORD-03734,2023-06-05,2023-06-11,Standard Class,C0494
ORD-03735,2023-11-22,2023-11-28,Standard Class,C0386
ORD-03736,2023-06-16,2023-06-18,Standard Class,C0438
ORD-03737,2024-04-19,2024-04-22,Standard Class,C0258
ORD-03738,2024-12-24,2024-12-29,Same Day,C0259
ORD-03739,2022-08-29,2022-09-01,Standard Class,C0477
ORD-03740,2023-06-20,2023-06-24,Standard Class,C0184
ORD-03741,2022-03-24,2022-03-26,Standard Class,C0328
ORD-03742,2024-09-08,2024-09-10,Standard Class,C0011
ORD-03743,2024-08-08,2024-08-11,Standard Class,C0460
ORD-03744,2023-09-03,2023-09-06,First Class,C0160
ORD-03745,2023-07-28,2023-07-31,First Class,C0260
ORD-03746,2022-10-13,2022-10-16,Standard Class,C0393
ORD-03747,2024-09-15,2024-09-18,First Class,C0088
ORD-03748,2023-04-04,2023-04-08,Standard Class,C0369
ORD-03749,2022-05-06,2022-05-10,Second Class,C0184
ORD-03750,2023-03-01,2023-03-04,Standard Class,C0016
ORD-03751,2023-07-08,2023-07-11,First Class,C0465
ORD-03752,2023-09-02,2023-09-04,Standard Class,C0495
ORD-03753,2022-04-22,2022-04-25,Standard Class,C0244
ORD-03754,2023-02-06,2023-02-09,Second Class,C0086
ORD-03755,2022-05-02,2022-05-05,Standard Class,C0199
ORD-03756,2022-09-30,2022-10-03,Standard Class,C0010
ORD-03757,2023-02-02,2023-02-06,Standard Class,C0477
ORD-03758,2023-04-16,2023-04-18,Second Class,C0164
ORD-03759,2024-09-11,2024-09-17,Standard Class,C0024
ORD-03760,2023-07-23,2023-07-24,Standard Class,C0064
ORD-03761,2024-06-15,2024-06-21,First Class,C0312
ORD-03762,2024-03-30,2024-04-02,Standard Class,C0238
ORD-03763,2024-05-02,2024-05-05,Standard Class,C0462
ORD-03764,2023-12-11,2023-12-13,Second Class,C0462
ORD-03765,2022-11-17,2022-11-18,Second Class,C0345
ORD-03766,2022-06-28,2022-06-30,Same Day,C0238
ORD-03767,2024-06-15,2024-06-17,Standard Class,C0022
ORD-03768,2022-08-07,2022-08-11,Standard Class,C0180
ORD-03769,2024-02-28,2024-03-02,First Class,C0306
ORD-03770,2023-05-07,2023-05-11,First Class,C0047
ORD-03771,2022-03-02,2022-03-04,Second Class,C0279
ORD-03772,2024-12-13,2024-12-19,Standard Class,C0224
ORD-03773,2023-06-22,2023-06-25,Standard Class,C0218
ORD-03774,2024-04-27,2024-04-29,Standard Class,C0499
ORD-03775,2024-09-14,2024-09-17,First Class,C0475
ORD-03776,2022-03-06,2022-03-08,Standard Class,C0237
ORD-03777,2023-08-09,2023-08-11,Standard Class,C0204
ORD-03778,2022-06-20,2022-06-23,Standard Class,C0339
ORD-03779,2023-06-19,2023-06-23,Standard Class,C0019
ORD-03780,2023-11-24,2023-11-30,Standard Class,C0180
ORD-03781,2022-04-18,2022-04-21,Second Class,C0162
ORD-03782,2024-03-24,2024-03-30,Standard Class,C0480
ORD-03783,2024-10-01,2024-10-07,Standard Class,C0285
ORD-03784,2023-03-28,2023-04-02,Standard Class,C0061
ORD-03785,2023-08-13,2023-08-16,First Class,C0085
ORD-03786,2024-11-05,2024-11-07,Same Day,C0035
ORD-03787,2022-11-23,2022-11-25,Second Class,C0490
ORD-03788,2023-08-31,2023-09-04,Second Class,C0005
ORD-03789,2023-10-21,2023-10-24,Standard Class,C0076
ORD-03790,2022-01-02,2022-01-04,Second Class,C0253
ORD-03791,2024-10-30,2024-11-02,Same Day,C0007
ORD-03792,2023-03-10,2023-03-11,Standard Class,C0169
ORD-03793,2022-05-05,2022-05-09,Standard Class,C0130
ORD-03794,2023-04-30,2023-05-02,Same Day,C0473
ORD-03795,2023-10-14,2023-10-18,Second Class,C0138
ORD-03796,2024-03-10,2024-03-14,Standard Class,C0358
ORD-03797,2024-05-22,2024-05-24,Same Day,C0300
ORD-03798,2022-05-09,2022-05-12,Standard Class,C0326
ORD-03799,2023-03-14,2023-03-18,Standard Class,C0091
ORD-03800,2024-01-21,2024-01-23,Second Class,C0163
ORD-03801,2023-05-16,2023-05-18,Standard Class,C0318
ORD-03802,2024-12-17,2024-12-20,Second Class,C0458
ORD-03803,2022-07-30,2022-08-02,Standard Class,C0253
ORD-03804,2024-06-20,2024-06-23,Standard Class,C0201
ORD-03805,2022-02-14,2022-02-16,Standard Class,C0020
ORD-03806,2023-06-19,2023-06-22,Standard Class,C0229
ORD-03807,2023-04-06,2023-04-08,Standard Class,C0163
ORD-03808,2023-01-26,2023-01-31,Same Day,C0165
ORD-03809,2024-12-03,2024-12-06,Standard Class,C0232
ORD-03810,2022-01-27,2022-02-01,Standard Class,C0328
ORD-03811,2024-03-04,2024-03-07,Standard Class,C0238
ORD-03812,2024-09-01,2024-09-05,First Class,C0120
ORD-03813,2023-07-02,2023-07-05,Standard Class,C0438
ORD-03814,2023-09-13,2023-09-17,Standard Class,C0351
ORD-03815,2023-07-21,2023-07-24,Standard Class,C0383
ORD-03816,2023-12-05,2023-12-09,Standard Class,C0369
ORD-03817,2022-07-04,2022-07-07,Standard Class,C0107
ORD-03818,2024-12-28,2024-12-31,Second Class,C0250
ORD-03819,2024-04-27,2024-04-30,First Class,C0336
ORD-03820,2023-08-22,2023-08-27,Standard Class,C0284
ORD-03821,2024-03-16,2024-03-20,First Class,C0198
ORD-03822,2022-03-20,2022-03-23,First Class,C0416
ORD-03823,2023-08-02,2023-08-06,First Class,C0220
ORD-03824,2023-02-17,2023-02-21,Same Day,C0395
ORD-03825,2023-06-30,2023-07-06,First Class,C0426
ORD-03826,2022-06-18,2022-06-23,Standard Class,C0151
ORD-03827,2023-11-12,2023-11-16,Standard Class,C0286
ORD-03828,2023-08-06,2023-08-09,Standard Class,C0265
ORD-03829,2023-05-30,2023-06-03,First Class,C0220
ORD-03830,2022-02-01,2022-02-04,Standard Class,C0216
ORD-03831,2022-10-14,2022-10-21,Standard Class,C0315
ORD-03832,2023-08-17,2023-08-19,Standard Class,C0156
ORD-03833,2024-12-02,2024-12-04,First Class,C0216
ORD-03834,2023-09-09,2023-09-11,Second Class,C0335
ORD-03835,2024-10-21,2024-10-25,Standard Class,C0359
ORD-03836,2022-09-27,2022-10-03,Standard Class,C0114
ORD-03837,2023-06-02,2023-06-03,Second Class,C0161
ORD-03838,2024-10-30,2024-11-03,Standard Class,C0303
ORD-03839,2023-08-06,2023-08-10,Standard Class,C0098
ORD-03840,2022-08-14,2022-08-18,Standard Class,C0406
ORD-03841,2023-11-01,2023-11-04,Same Day,C0157
ORD-03842,2024-07-05,2024-07-10,Standard Class,C0162
ORD-03843,2022-05-06,2022-05-07,Standard Class,C0042
ORD-03844,2024-08-13,2024-08-17,Second Class,C0180
ORD-03845,2022-03-15,2022-03-17,Standard Class,C0303
ORD-03846,2022-02-25,2022-02-28,Standard Class,C0330
ORD-03847,2023-12-21,2023-12-26,Standard Class,C0051
ORD-03848,2023-07-07,2023-07-09,First Class,C0252
ORD-03849,2022-02-01,2022-02-03,Standard Class,C0429
ORD-03850,2023-07-28,2023-08-01,Second Class,C0350
ORD-03851,2023-10-29,2023-11-01,Same Day,C0120
ORD-03852,2022-10-11,2022-10-14,First Class,C0075
ORD-03853,2022-07-06,2022-07-08,Second Class,C0162
ORD-03854,2023-05-13,2023-05-14,Second Class,C0149
ORD-03855,2022-05-10,2022-05-13,First Class,C0123
ORD-03856,2023-10-01,2023-10-03,Same Day,C0141
ORD-03857,2022-04-24,2022-04-30,Same Day,C0182
ORD-03858,2022-01-13,2022-01-14,Second Class,C0409
ORD-03859,2023-03-20,2023-03-23,Standard Class,C0378
ORD-03860,2023-03-23,2023-03-25,Standard Class,C0277
ORD-03861,2024-09-12,2024-09-14,Standard Class,C0257
ORD-03862,2024-09-19,2024-09-23,First Class,C0442
ORD-03863,2023-12-16,2023-12-20,First Class,C0325
ORD-03864,2022-03-15,2022-03-16,Standard Class,C0245
ORD-03865,2023-06-21,2023-06-22,Standard Class,C0086
ORD-03866,2022-04-11,2022-04-13,Standard Class,C0071
ORD-03867,2022-06-25,2022-06-29,Standard Class,C0269
ORD-03868,2023-03-03,2023-03-06,Second Class,C0493
ORD-03869,2022-02-10,2022-02-11,Standard Class,C0180
ORD-03870,2023-03-05,2023-03-08,Standard Class,C0279
ORD-03871,2022-12-10,2022-12-14,Standard Class,C0149
ORD-03872,2023-01-01,2023-01-06,Standard Class,C0006
ORD-03873,2023-09-01,2023-09-07,Same Day,C0148
ORD-03874,2023-10-19,2023-10-22,Standard Class,C0332
ORD-03875,2023-12-29,2023-12-31,First Class,C0168
ORD-03876,2022-08-17,2022-08-19,Standard Class,C0009
ORD-03877,2024-04-04,2024-04-08,Standard Class,C0178
ORD-03878,2024-06-07,2024-06-14,Second Class,C0284
ORD-03879,2024-09-10,2024-09-13,Second Class,C0395
ORD-03880,2024-04-15,2024-04-18,Standard Class,C0116
ORD-03881,2022-04-27,2022-04-30,Standard Class,C0096
ORD-03882,2024-03-28,2024-03-31,Standard Class,C0331
ORD-03883,2023-01-03,2023-01-05,Second Class,C0344
ORD-03884,2022-06-17,2022-06-20,Standard Class,C0056
ORD-03885,2024-08-11,2024-08-12,Standard Class,C0207
ORD-03886,2023-10-23,2023-10-25,Second Class,C0105
ORD-03887,2023-11-26,2023-11-30,Standard Class,C0035
ORD-03888,2024-07-13,2024-07-14,Standard Class,C0209
ORD-03889,2022-06-01,2022-06-03,Standard Class,C0281
ORD-03890,2023-08-09,2023-08-11,Same Day,C0369
ORD-03891,2024-07-01,2024-07-06,Standard Class,C0355
ORD-03892,2022-10-01,2022-10-05,First Class,C0147
ORD-03893,2023-05-11,2023-05-12,Standard Class,C0489
ORD-03894,2022-04-11,2022-04-14,Second Class,C0287
ORD-03895,2023-07-11,2023-07-13,Standard Class,C0081
ORD-03896,2022-03-14,2022-03-18,Standard Class,C0050
ORD-03897,2024-11-03,2024-11-07,First Class,C0087
ORD-03898,2022-06-06,2022-06-11,First Class,C0191
ORD-03899,2024-01-05,2024-01-08,Second Class,C0303
ORD-03900,2022-05-12,2022-05-19,First Class,C0001
ORD-03901,2024-10-15,2024-10-22,Standard Class,C0381
ORD-03902,2023-07-13,2023-07-18,Standard Class,C0442
ORD-03903,2022-04-17,2022-04-20,Standard Class,C0138
ORD-03904,2022-09-22,2022-09-25,First Class,C0136
ORD-03905,2022-06-04,2022-06-07,Standard Class,C0362
ORD-03906,2024-09-14,2024-09-15,First Class,C0381
ORD-03907,2024-09-23,2024-09-25,Standard Class,C0154
ORD-03908,2022-09-04,2022-09-08,Second Class,C0162
ORD-03909,2023-06-15,2023-06-19,Standard Class,C0019
ORD-03910,2024-05-07,2024-05-13,Standard Class,C0462
ORD-03911,2023-06-22,2023-06-24,Second Class,C0328
ORD-03912,2023-12-30,2024-01-01,Standard Class,C0243
ORD-03913,2022-06-03,2022-06-07,First Class,C0129
ORD-03914,2022-04-02,2022-04-05,Second Class,C0176
ORD-03915,2022-12-04,2022-12-06,Standard Class,C0409
ORD-03916,2023-03-26,2023-04-02,First Class,C0280
ORD-03917,2024-03-20,2024-03-24,Second Class,C0431
ORD-03918,2024-02-26,2024-02-29,Second Class,C0084
ORD-03919,2022-09-30,2022-10-05,Standard Class,C0376
ORD-03920,2023-08-11,2023-08-15,Standard Class,C0222
ORD-03921,2022-06-26,2022-06-30,Second Class,C0325
ORD-03922,2024-04-10,2024-04-15,First Class,C0451
ORD-03923,2023-10-05,2023-10-07,Standard Class,C0416
ORD-03924,2024-12-08,2024-12-12,Standard Class,C0145
ORD-03925,2023-07-21,2023-07-22,Standard Class,C0445
ORD-03926,2023-10-28,2023-10-29,Standard Class,C0106
ORD-03927,2024-05-17,2024-05-23,Second Class,C0325
ORD-03928,2024-12-05,2024-12-08,Second Class,C0011
ORD-03929,2022-10-29,2022-11-02,Standard Class,C0166
ORD-03930,2024-05-17,2024-05-22,First Class,C0196
ORD-03931,2024-06-30,2024-07-06,Standard Class,C0231
ORD-03932,2023-02-12,2023-02-17,Second Class,C0147
ORD-03933,2024-04-01,2024-04-04,Standard Class,C0359
ORD-03934,2023-07-15,2023-07-18,Standard Class,C0238
ORD-03935,2023-04-09,2023-04-11,First Class,C0497
ORD-03936,2022-05-24,2022-05-27,Standard Class,C0471
ORD-03937,2023-03-18,2023-03-21,Standard Class,C0401
ORD-03938,2023-05-02,2023-05-05,Standard Class,C0013
ORD-03939,2024-05-09,2024-05-13,Standard Class,C0219
ORD-03940,2022-05-28,2022-06-04,Standard Class,C0257
ORD-03941,2024-12-30,2025-01-03,Standard Class,C0002
ORD-03942,2024-03-21,2024-03-25,First Class,C0210
ORD-03943,2023-10-28,2023-10-31,Second Class,C0484
ORD-03944,2022-03-31,2022-04-01,Standard Class,C0365
ORD-03945,2022-07-18,2022-07-20,Second Class,C0225
ORD-03946,2023-06-22,2023-06-26,Standard Class,C0484
ORD-03947,2022-10-28,2022-10-30,Standard Class,C0194
ORD-03948,2023-12-25,2023-12-29,Standard Class,C0196
ORD-03949,2024-08-20,2024-08-23,Standard Class,C0400
ORD-03950,2022-03-09,2022-03-11,First Class,C0260
ORD-03951,2023-04-04,2023-04-06,Standard Class,C0057
ORD-03952,2023-02-02,2023-02-05,First Class,C0457
ORD-03953,2023-09-12,2023-09-15,Standard Class,C0113
ORD-03954,2023-12-31,2024-01-04,Standard Class,C0213
ORD-03955,2023-07-10,2023-07-14,Second Class,C0279
ORD-03956,2024-02-20,2024-02-23,Standard Class,C0244
ORD-03957,2024-06-12,2024-06-17,Standard Class,C0380
ORD-03958,2023-09-02,2023-09-05,Standard Class,C0117
ORD-03959,2024-01-18,2024-01-24,Standard Class,C0386
ORD-03960,2022-10-09,2022-10-11,First Class,C0451
ORD-03961,2023-10-23,2023-10-27,Standard Class,C0087
ORD-03962,2024-07-12,2024-07-15,Standard Class,C0410
ORD-03963,2024-09-22,2024-09-24,First Class,C0381
ORD-03964,2024-01-16,2024-01-18,Standard Class,C0367
ORD-03965,2022-03-28,2022-03-31,Standard Class,C0263
ORD-03966,2024-03-01,2024-03-03,Standard Class,C0484
ORD-03967,2022-10-31,2022-11-02,Standard Class,C0300
ORD-03968,2022-05-10,2022-05-17,Standard Class,C0417
ORD-03969,2023-08-19,2023-08-24,Standard Class,C0113
ORD-03970,2023-07-12,2023-07-16,First Class,C0448
ORD-03971,2024-06-17,2024-06-21,Standard Class,C0164
ORD-03972,2022-03-19,2022-03-25,Standard Class,C0004
ORD-03973,2024-02-23,2024-02-26,Standard Class,C0118
ORD-03974,2023-11-05,2023-11-07,Standard Class,C0023
ORD-03975,2022-08-26,2022-08-31,First Class,C0409
ORD-03976,2022-10-05,2022-10-09,Standard Class,C0233
ORD-03977,2024-11-07,2024-11-10,Standard Class,C0090
ORD-03978,2023-06-08,2023-06-11,Standard Class,C0476
ORD-03979,2022-06-29,2022-07-02,Standard Class,C0255
ORD-03980,2022-05-03,2022-05-09,Second Class,C0092
ORD-03981,2024-12-10,2024-12-13,Standard Class,C0469
ORD-03982,2024-12-30,2025-01-05,Standard Class,C0458
ORD-03983,2023-04-25,2023-05-01,Standard Class,C0155
ORD-03984,2024-11-08,2024-11-12,Standard Class,C0307
ORD-03985,2022-03-25,2022-03-28,Standard Class,C0115
ORD-03986,2023-07-19,2023-07-22,Standard Class,C0207
ORD-03987,2023-09-11,2023-09-12,First Class,C0081
ORD-03988,2022-12-23,2022-12-25,Standard Class,C0103
ORD-03989,2024-03-26,2024-03-30,First Class,C0483
ORD-03990,2023-10-09,2023-10-12,Standard Class,C0453
ORD-03991,2023-03-19,2023-03-21,Second Class,C0080
ORD-03992,2024-12-28,2024-12-30,Standard Class,C0407
ORD-03993,2023-06-07,2023-06-13,Second Class,C0103
ORD-03994,2022-05-23,2022-05-26,Standard Class,C0240
ORD-03995,2022-07-11,2022-07-17,Standard Class,C0265
ORD-03996,2023-01-13,2023-01-16,Second Class,C0033
ORD-03997,2023-08-04,2023-08-07,Standard Class,C0035
ORD-03998,2023-06-19,2023-06-20,Standard Class,C0249
ORD-03999,2024-10-29,2024-11-01,Standard Class,C0488
ORD-04000,2022-04-03,2022-04-07,Standard Class,C0050
ORD-04001,2023-06-13,2023-06-15,Standard Class,C0280
ORD-04002,2023-02-09,2023-02-12,Standard Class,C0472
ORD-04003,2024-04-19,2024-04-23,Standard Class,C0242
ORD-04004,2024-06-07,2024-06-11,Standard Class,C0152
ORD-04005,2023-02-26,2023-03-02,Standard Class,C0147
ORD-04006,2023-04-17,2023-04-20,Standard Class,C0039
ORD-04007,2024-06-11,2024-06-14,Standard Class,C0189
ORD-04008,2023-07-01,2023-07-08,First Class,C0025
ORD-04009,2023-09-23,2023-09-28,Standard Class,C0244
ORD-04010,2024-11-03,2024-11-09,First Class,C0223
ORD-04011,2024-02-17,2024-02-20,Second Class,C0230
ORD-04012,2022-12-30,2023-01-03,First Class,C0153
ORD-04013,2022-04-29,2022-05-03,First Class,C0411
ORD-04014,2023-06-30,2023-07-02,Second Class,C0288
ORD-04015,2023-06-06,2023-06-11,Standard Class,C0395
ORD-04016,2023-09-26,2023-09-30,Standard Class,C0453
ORD-04017,2024-08-20,2024-08-22,Standard Class,C0108
ORD-04018,2024-08-15,2024-08-17,Same Day,C0033
ORD-04019,2024-06-01,2024-06-06,Same Day,C0403
ORD-04020,2024-02-19,2024-02-21,Second Class,C0363
ORD-04021,2024-05-20,2024-05-22,First Class,C0111
ORD-04022,2023-05-31,2023-06-03,First Class,C0121
ORD-04023,2024-07-26,2024-07-28,Standard Class,C0016
ORD-04024,2024-05-15,2024-05-21,Second Class,C0227
ORD-04025,2022-04-16,2022-04-19,Standard Class,C0011
ORD-04026,2022-08-02,2022-08-05,Standard Class,C0203
ORD-04027,2024-04-29,2024-05-05,Standard Class,C0202
ORD-04028,2022-07-16,2022-07-19,Standard Class,C0098
ORD-04029,2022-01-19,2022-01-22,Second Class,C0116
ORD-04030,2023-10-04,2023-10-08,Standard Class,C0453
ORD-04031,2024-11-01,2024-11-04,First Class,C0471
ORD-04032,2022-11-26,2022-11-29,Standard Class,C0439
ORD-04033,2024-05-15,2024-05-19,Standard Class,C0281
ORD-04034,2024-02-13,2024-02-18,First Class,C0349
ORD-04035,2023-01-27,2023-01-31,Second Class,C0232
ORD-04036,2023-09-29,2023-10-06,Standard Class,C0461
ORD-04037,2022-11-03,2022-11-07,Standard Class,C0111
ORD-04038,2024-06-13,2024-06-17,Standard Class,C0352
ORD-04039,2023-10-14,2023-10-19,First Class,C0418
ORD-04040,2024-04-20,2024-04-21,Second Class,C0012
ORD-04041,2024-10-22,2024-10-25,Standard Class,C0472
ORD-04042,2023-06-04,2023-06-08,Standard Class,C0488
ORD-04043,2023-09-28,2023-10-01,First Class,C0021
ORD-04044,2024-01-10,2024-01-12,Second Class,C0127
ORD-04045,2023-04-14,2023-04-17,First Class,C0285
ORD-04046,2022-07-31,2022-08-03,Standard Class,C0435
ORD-04047,2024-10-28,2024-10-31,First Class,C0121
ORD-04048,2024-03-14,2024-03-19,Second Class,C0124
ORD-04049,2023-04-22,2023-04-28,Second Class,C0407
ORD-04050,2024-05-23,2024-05-27,Standard Class,C0033
ORD-04051,2023-04-05,2023-04-10,First Class,C0392
ORD-04052,2022-09-10,2022-09-13,Second Class,C0170
ORD-04053,2024-01-22,2024-01-25,First Class,C0077
ORD-04054,2024-09-07,2024-09-10,Standard Class,C0453
ORD-04055,2024-05-03,2024-05-07,Standard Class,C0297
ORD-04056,2022-08-24,2022-08-26,Standard Class,C0330
ORD-04057,2023-04-23,2023-04-26,Standard Class,C0063
ORD-04058,2023-11-10,2023-11-14,Standard Class,C0270
ORD-04059,2024-11-09,2024-11-12,Standard Class,C0216
ORD-04060,2022-08-04,2022-08-10,Standard Class,C0190
ORD-04061,2024-05-04,2024-05-08,First Class,C0075
ORD-04062,2022-05-15,2022-05-17,Standard Class,C0174
ORD-04063,2024-06-23,2024-06-26,Standard Class,C0067
ORD-04064,2023-02-14,2023-02-18,First Class,C0093
ORD-04065,2022-03-27,2022-03-30,Standard Class,C0053
ORD-04066,2023-07-10,2023-07-12,Standard Class,C0496
ORD-04067,2023-01-13,2023-01-16,Standard Class,C0436
ORD-04068,2024-12-10,2024-12-16,Standard Class,C0094
ORD-04069,2022-08-30,2022-09-02,Standard Class,C0113
ORD-04070,2024-07-08,2024-07-14,Standard Class,C0229
ORD-04071,2022-09-23,2022-09-28,Same Day,C0250
ORD-04072,2023-12-13,2023-12-15,Standard Class,C0391
ORD-04073,2022-03-11,2022-03-15,Standard Class,C0209
ORD-04074,2022-02-26,2022-03-01,Second Class,C0468
ORD-04075,2022-02-08,2022-02-10,Standard Class,C0182
ORD-04076,2024-03-11,2024-03-15,Standard Class,C0267
ORD-04077,2024-11-07,2024-11-11,First Class,C0492
ORD-04078,2024-01-02,2024-01-04,Standard Class,C0281
ORD-04079,2024-04-04,2024-04-10,First Class,C0443
ORD-04080,2024-01-26,2024-01-30,Standard Class,C0472
ORD-04081,2022-12-18,2022-12-24,Second Class,C0450
ORD-04082,2022-10-10,2022-10-13,Standard Class,C0155
ORD-04083,2022-04-20,2022-04-26,Standard Class,C0083
ORD-04084,2024-10-13,2024-10-16,Second Class,C0186
ORD-04085,2023-06-28,2023-06-30,Same Day,C0349
ORD-04086,2022-01-25,2022-01-29,Second Class,C0485
ORD-04087,2024-04-22,2024-04-26,Second Class,C0139
ORD-04088,2024-03-01,2024-03-04,Same Day,C0055
ORD-04089,2024-01-08,2024-01-11,Standard Class,C0019
ORD-04090,2022-02-26,2022-02-27,Standard Class,C0348
ORD-04091,2022-06-29,2022-07-03,Standard Class,C0423
ORD-04092,2022-08-20,2022-08-23,Second Class,C0469
ORD-04093,2022-12-09,2022-12-12,First Class,C0346
ORD-04094,2023-04-22,2023-04-25,Second Class,C0470
ORD-04095,2023-07-30,2023-08-05,First Class,C0454
ORD-04096,2023-03-31,2023-04-04,Second Class,C0267
ORD-04097,2022-10-16,2022-10-20,Standard Class,C0142
ORD-04098,2022-09-15,2022-09-21,Standard Class,C0316
ORD-04099,2023-06-14,2023-06-17,First Class,C0164
ORD-04100,2023-11-18,2023-11-19,Standard Class,C0252
ORD-04101,2024-07-17,2024-07-18,Standard Class,C0232
ORD-04102,2022-08-17,2022-08-21,Standard Class,C0297
ORD-04103,2023-08-19,2023-08-21,Standard Class,C0386
ORD-04104,2023-03-11,2023-03-14,Second Class,C0441
ORD-04105,2024-05-31,2024-06-02,Standard Class,C0363
ORD-04106,2024-10-17,2024-10-19,First Class,C0060
ORD-04107,2023-02-06,2023-02-09,Standard Class,C0404
ORD-04108,2023-09-14,2023-09-21,Second Class,C0022
ORD-04109,2022-03-29,2022-04-02,Second Class,C0384
ORD-04110,2023-08-07,2023-08-13,Second Class,C0126
ORD-04111,2022-11-05,2022-11-11,First Class,C0103
ORD-04112,2024-06-24,2024-06-26,Standard Class,C0388
ORD-04113,2022-12-09,2022-12-12,Standard Class,C0440
ORD-04114,2023-03-12,2023-03-16,Standard Class,C0221
ORD-04115,2022-06-26,2022-07-01,First Class,C0110
ORD-04116,2022-05-19,2022-05-22,Same Day,C0058
ORD-04117,2022-07-13,2022-07-20,Standard Class,C0472
ORD-04118,2024-07-31,2024-08-01,Second Class,C0065
ORD-04119,2023-06-09,2023-06-11,Standard Class,C0472
ORD-04120,2024-12-01,2024-12-05,Standard Class,C0058
ORD-04121,2024-07-03,2024-07-06,Second Class,C0158
ORD-04122,2022-07-29,2022-07-31,Standard Class,C0076
ORD-04123,2024-01-11,2024-01-14,Standard Class,C0019
ORD-04124,2024-05-11,2024-05-12,Second Class,C0384
ORD-04125,2024-08-11,2024-08-15,Second Class,C0485
ORD-04126,2024-04-12,2024-04-17,Standard Class,C0190
ORD-04127,2022-05-20,2022-05-25,Second Class,C0250
ORD-04128,2024-03-02,2024-03-06,Standard Class,C0360
ORD-04129,2023-06-30,2023-07-03,Standard Class,C0363
ORD-04130,2024-10-13,2024-10-16,Second Class,C0374
ORD-04131,2022-02-26,2022-02-28,Standard Class,C0452
ORD-04132,2022-04-22,2022-04-25,Standard Class,C0079
ORD-04133,2022-01-05,2022-01-07,Standard Class,C0084
ORD-04134,2024-11-02,2024-11-07,First Class,C0172
ORD-04135,2022-03-31,2022-04-06,Standard Class,C0212
ORD-04136,2023-09-08,2023-09-11,Standard Class,C0374
ORD-04137,2024-06-09,2024-06-13,Standard Class,C0445
ORD-04138,2023-11-29,2023-12-01,Standard Class,C0149
ORD-04139,2024-06-16,2024-06-20,Standard Class,C0010
ORD-04140,2024-08-28,2024-09-01,Standard Class,C0030
ORD-04141,2023-10-30,2023-11-02,First Class,C0280
ORD-04142,2023-08-17,2023-08-19,Second Class,C0432
ORD-04143,2023-08-12,2023-08-17,Second Class,C0055
ORD-04144,2023-04-30,2023-05-04,Standard Class,C0360
ORD-04145,2024-09-08,2024-09-13,Standard Class,C0127
ORD-04146,2024-08-29,2024-09-03,Standard Class,C0180
ORD-04147,2023-10-01,2023-10-08,Standard Class,C0232
ORD-04148,2024-09-23,2024-09-25,Standard Class,C0381
ORD-04149,2022-10-09,2022-10-11,Second Class,C0422
ORD-04150,2024-09-12,2024-09-15,Standard Class,C0451
ORD-04151,2022-01-16,2022-01-18,Standard Class,C0093
ORD-04152,2024-07-24,2024-07-27,Standard Class,C0008
ORD-04153,2022-09-11,2022-09-15,Standard Class,C0413
ORD-04154,2022-11-25,2022-11-28,First Class,C0247
ORD-04155,2023-06-28,2023-06-30,Standard Class,C0394
ORD-04156,2024-02-22,2024-02-28,First Class,C0453
ORD-04157,2024-09-23,2024-09-24,Standard Class,C0331
ORD-04158,2024-04-24,2024-04-27,First Class,C0196
ORD-04159,2023-01-01,2023-01-05,Standard Class,C0433
ORD-04160,2023-10-17,2023-10-21,First Class,C0442
ORD-04161,2024-01-30,2024-02-02,Standard Class,C0163
ORD-04162,2023-10-01,2023-10-02,Standard Class,C0434
ORD-04163,2024-11-29,2024-12-03,Standard Class,C0040
ORD-04164,2024-07-12,2024-07-14,Standard Class,C0254
ORD-04165,2023-02-20,2023-02-22,Standard Class,C0396
ORD-04166,2022-09-12,2022-09-16,Second Class,C0085
ORD-04167,2023-12-11,2023-12-14,Standard Class,C0272
ORD-04168,2023-07-31,2023-08-03,Standard Class,C0078
ORD-04169,2024-06-18,2024-06-21,Second Class,C0213
ORD-04170,2022-01-11,2022-01-18,Standard Class,C0304
ORD-04171,2022-01-26,2022-02-01,Standard Class,C0255
ORD-04172,2024-08-14,2024-08-17,First Class,C0091
ORD-04173,2023-02-25,2023-02-27,Same Day,C0484
ORD-04174,2023-05-11,2023-05-14,First Class,C0385
ORD-04175,2022-08-25,2022-08-27,First Class,C0193
ORD-04176,2024-10-05,2024-10-08,Standard Class,C0253
ORD-04177,2022-08-07,2022-08-11,Same Day,C0278
ORD-04178,2023-04-06,2023-04-09,Standard Class,C0143
ORD-04179,2023-10-25,2023-10-28,Standard Class,C0244
ORD-04180,2023-09-27,2023-09-29,First Class,C0212
ORD-04181,2024-09-16,2024-09-19,Standard Class,C0195
ORD-04182,2022-07-08,2022-07-11,Standard Class,C0270
ORD-04183,2022-09-12,2022-09-15,Standard Class,C0329
ORD-04184,2022-03-09,2022-03-13,Standard Class,C0019
ORD-04185,2023-09-08,2023-09-12,Standard Class,C0040
ORD-04186,2022-12-02,2022-12-05,Standard Class,C0098
ORD-04187,2023-11-02,2023-11-05,Standard Class,C0004
ORD-04188,2024-03-31,2024-04-02,Standard Class,C0033
ORD-04189,2024-05-23,2024-05-24,Standard Class,C0299
ORD-04190,2022-10-27,2022-10-31,Standard Class,C0165
ORD-04191,2022-12-23,2022-12-25,First Class,C0450
ORD-04192,2022-09-13,2022-09-17,Standard Class,C0027
ORD-04193,2024-10-04,2024-10-08,First Class,C0173
ORD-04194,2022-12-19,2022-12-25,Standard Class,C0337
ORD-04195,2023-06-08,2023-06-14,Standard Class,C0113
ORD-04196,2024-08-07,2024-08-08,Standard Class,C0434
ORD-04197,2024-01-26,2024-02-02,Standard Class,C0373
ORD-04198,2022-10-11,2022-10-15,Standard Class,C0380
ORD-04199,2022-04-09,2022-04-13,Standard Class,C0095
ORD-04200,2022-07-16,2022-07-17,Standard Class,C0319
ORD-04201,2023-04-27,2023-05-02,Standard Class,C0233
ORD-04202,2024-05-27,2024-05-29,Second Class,C0134
ORD-04203,2023-09-07,2023-09-12,Same Day,C0124
ORD-04204,2023-09-10,2023-09-11,Standard Class,C0372
ORD-04205,2023-01-03,2023-01-07,Second Class,C0351
ORD-04206,2023-07-24,2023-07-27,Second Class,C0323
ORD-04207,2023-08-13,2023-08-15,Standard Class,C0488
ORD-04208,2024-12-01,2024-12-03,First Class,C0451
ORD-04209,2023-02-26,2023-03-01,Same Day,C0353
ORD-04210,2024-04-15,2024-04-17,Standard Class,C0116
ORD-04211,2023-06-29,2023-07-02,Second Class,C0443
ORD-04212,2022-03-12,2022-03-16,Second Class,C0013
ORD-04213,2024-02-07,2024-02-12,Standard Class,C0405
ORD-04214,2022-11-03,2022-11-07,Standard Class,C0320
ORD-04215,2023-01-12,2023-01-14,First Class,C0165
ORD-04216,2023-10-17,2023-10-20,Second Class,C0208
ORD-04217,2023-11-09,2023-11-11,Standard Class,C0085
ORD-04218,2023-02-03,2023-02-09,Standard Class,C0248
ORD-04219,2022-08-09,2022-08-14,First Class,C0432
ORD-04220,2022-07-01,2022-07-04,Standard Class,C0056
ORD-04221,2022-11-03,2022-11-05,Second Class,C0172
ORD-04222,2023-06-06,2023-06-11,Standard Class,C0141
ORD-04223,2024-10-10,2024-10-15,Standard Class,C0132
ORD-04224,2022-01-04,2022-01-09,Standard Class,C0479
ORD-04225,2024-05-12,2024-05-17,Standard Class,C0201
ORD-04226,2024-04-27,2024-04-30,Standard Class,C0368
ORD-04227,2024-03-14,2024-03-16,Standard Class,C0289
ORD-04228,2022-08-03,2022-08-06,Second Class,C0421
ORD-04229,2024-08-29,2024-09-01,Standard Class,C0309
ORD-04230,2022-04-11,2022-04-14,Second Class,C0357
ORD-04231,2024-08-20,2024-08-23,Standard Class,C0408
ORD-04232,2023-07-27,2023-07-29,Standard Class,C0345
ORD-04233,2023-10-20,2023-10-23,Standard Class,C0179
ORD-04234,2024-07-27,2024-07-30,Standard Class,C0425
ORD-04235,2024-12-22,2024-12-24,Same Day,C0029
ORD-04236,2022-08-14,2022-08-17,Second Class,C0443
ORD-04237,2022-04-15,2022-04-20,Standard Class,C0424
ORD-04238,2024-02-11,2024-02-16,Second Class,C0307
ORD-04239,2023-03-05,2023-03-08,Standard Class,C0306
ORD-04240,2023-03-10,2023-03-13,Standard Class,C0367
ORD-04241,2024-11-17,2024-11-18,Standard Class,C0036
ORD-04242,2023-11-13,2023-11-17,Second Class,C0463
ORD-04243,2023-08-11,2023-08-14,Standard Class,C0109
ORD-04244,2024-12-28,2024-12-31,First Class,C0316
ORD-04245,2024-05-15,2024-05-20,Standard Class,C0146
ORD-04246,2024-01-16,2024-01-19,Standard Class,C0276
ORD-04247,2024-05-13,2024-05-14,Same Day,C0389
ORD-04248,2023-01-03,2023-01-05,Standard Class,C0146
ORD-04249,2022-09-08,2022-09-11,First Class,C0380
ORD-04250,2024-05-08,2024-05-11,First Class,C0168
ORD-04251,2024-05-05,2024-05-10,First Class,C0257
ORD-04252,2023-07-15,2023-07-18,Standard Class,C0275
ORD-04253,2022-10-21,2022-10-25,Standard Class,C0087
ORD-04254,2024-07-07,2024-07-10,Second Class,C0154
ORD-04255,2023-03-09,2023-03-12,Standard Class,C0497
ORD-04256,2022-02-28,2022-03-03,Standard Class,C0285
ORD-04257,2024-08-26,2024-08-29,Standard Class,C0315
ORD-04258,2024-04-15,2024-04-18,Standard Class,C0319
ORD-04259,2022-07-18,2022-07-20,Standard Class,C0098
ORD-04260,2022-08-03,2022-08-08,Standard Class,C0211
ORD-04261,2024-06-16,2024-06-19,Standard Class,C0446
ORD-04262,2023-04-17,2023-04-19,Standard Class,C0048
ORD-04263,2022-09-04,2022-09-06,Standard Class,C0318
ORD-04264,2023-01-17,2023-01-18,Second Class,C0274
ORD-04265,2024-09-17,2024-09-20,Second Class,C0194
ORD-04266,2024-07-15,2024-07-17,Standard Class,C0252
ORD-04267,2023-07-14,2023-07-15,Standard Class,C0283
ORD-04268,2024-12-10,2024-12-13,Standard Class,C0262
ORD-04269,2023-11-20,2023-11-24,Standard Class,C0487
ORD-04270,2023-01-15,2023-01-17,First Class,C0454
ORD-04271,2023-04-19,2023-04-22,Second Class,C0443
ORD-04272,2023-11-28,2023-12-02,First Class,C0262
ORD-04273,2024-06-29,2024-07-06,Standard Class,C0031
ORD-04274,2024-08-17,2024-08-21,Standard Class,C0105
ORD-04275,2023-04-23,2023-04-25,Second Class,C0488
ORD-04276,2024-09-30,2024-10-04,Standard Class,C0350
ORD-04277,2024-07-14,2024-07-17,Standard Class,C0312
ORD-04278,2023-12-08,2023-12-10,Standard Class,C0438
ORD-04279,2024-05-03,2024-05-08,Standard Class,C0469
ORD-04280,2024-10-13,2024-10-16,Standard Class,C0169
ORD-04281,2024-01-24,2024-01-30,Standard Class,C0236
ORD-04282,2023-05-18,2023-05-22,Second Class,C0274
ORD-04283,2024-03-27,2024-03-31,Same Day,C0343
ORD-04284,2023-08-11,2023-08-15,Standard Class,C0230
ORD-04285,2023-12-09,2023-12-12,Standard Class,C0023
ORD-04286,2024-12-03,2024-12-06,Standard Class,C0476
ORD-04287,2022-07-26,2022-07-31,First Class,C0164
ORD-04288,2022-05-31,2022-06-04,Standard Class,C0281
ORD-04289,2023-10-30,2023-11-04,First Class,C0007
ORD-04290,2023-06-12,2023-06-17,Standard Class,C0210
ORD-04291,2022-06-14,2022-06-21,First Class,C0253
ORD-04292,2024-07-05,2024-07-09,Standard Class,C0404
ORD-04293,2024-10-06,2024-10-09,Standard Class,C0133
ORD-04294,2022-02-06,2022-02-08,Standard Class,C0274
ORD-04295,2022-11-29,2022-12-03,Standard Class,C0106
ORD-04296,2023-02-07,2023-02-09,First Class,C0232
ORD-04297,2023-02-18,2023-02-20,Second Class,C0033
ORD-04298,2022-02-14,2022-02-16,Standard Class,C0079
ORD-04299,2022-07-25,2022-07-30,Same Day,C0035
ORD-04300,2022-03-03,2022-03-08,Standard Class,C0495
ORD-04301,2023-02-24,2023-02-28,Same Day,C0110
ORD-04302,2024-05-17,2024-05-20,Standard Class,C0321
ORD-04303,2024-03-30,2024-04-03,First Class,C0063
ORD-04304,2022-01-19,2022-01-23,Standard Class,C0469
ORD-04305,2022-12-31,2023-01-03,Standard Class,C0328
ORD-04306,2024-10-27,2024-10-30,Standard Class,C0455
ORD-04307,2023-03-04,2023-03-07,Standard Class,C0297
ORD-04308,2023-08-03,2023-08-06,Standard Class,C0178
ORD-04309,2023-06-30,2023-07-04,Standard Class,C0384
ORD-04310,2022-11-21,2022-11-24,Same Day,C0364
ORD-04311,2022-02-24,2022-03-02,Same Day,C0232
ORD-04312,2024-02-17,2024-02-19,Same Day,C0104
ORD-04313,2024-09-18,2024-09-21,Same Day,C0414
ORD-04314,2022-02-11,2022-02-14,Second Class,C0294
ORD-04315,2022-08-19,2022-08-20,Same Day,C0035
ORD-04316,2023-03-29,2023-04-01,First Class,C0194
ORD-04317,2023-01-29,2023-01-31,Standard Class,C0174
ORD-04318,2023-11-22,2023-11-25,Second Class,C0392
ORD-04319,2023-01-27,2023-01-30,First Class,C0102
ORD-04320,2023-08-27,2023-08-31,Second Class,C0324
ORD-04321,2024-05-30,2024-06-02,Standard Class,C0293
ORD-04322,2022-03-26,2022-03-28,Standard Class,C0085
ORD-04323,2024-11-19,2024-11-23,First Class,C0397
ORD-04324,2022-02-18,2022-02-20,Same Day,C0201
ORD-04325,2022-03-10,2022-03-15,Standard Class,C0173
ORD-04326,2024-12-17,2024-12-23,Standard Class,C0029
ORD-04327,2023-11-28,2023-12-01,Standard Class,C0297
ORD-04328,2023-04-24,2023-04-30,Standard Class,C0056
ORD-04329,2024-03-30,2024-04-03,Standard Class,C0472
ORD-04330,2022-05-27,2022-06-02,Second Class,C0016
ORD-04331,2024-10-12,2024-10-16,Same Day,C0140
ORD-04332,2023-09-01,2023-09-03,Second Class,C0066
ORD-04333,2023-03-22,2023-03-27,Standard Class,C0446
ORD-04334,2022-08-09,2022-08-11,First Class,C0147
ORD-04335,2022-04-05,2022-04-07,Standard Class,C0158
ORD-04336,2022-09-19,2022-09-21,Standard Class,C0400
ORD-04337,2024-06-15,2024-06-18,Standard Class,C0472
ORD-04338,2024-12-30,2025-01-02,Second Class,C0397
ORD-04339,2022-08-07,2022-08-11,First Class,C0069
ORD-04340,2022-04-02,2022-04-08,First Class,C0023
ORD-04341,2022-05-07,2022-05-09,Standard Class,C0190
ORD-04342,2022-03-21,2022-03-27,Standard Class,C0248
ORD-04343,2024-09-09,2024-09-15,Standard Class,C0486
ORD-04344,2024-07-04,2024-07-06,Second Class,C0415
ORD-04345,2023-05-01,2023-05-04,Second Class,C0309
ORD-04346,2023-11-25,2023-11-30,Standard Class,C0376
ORD-04347,2022-01-25,2022-01-29,Standard Class,C0145
ORD-04348,2022-06-05,2022-06-09,Same Day,C0384
ORD-04349,2023-09-24,2023-09-28,First Class,C0305
ORD-04350,2024-12-16,2024-12-19,Standard Class,C0177
ORD-04351,2022-01-19,2022-01-20,Second Class,C0195
ORD-04352,2022-08-25,2022-08-28,Second Class,C0410
ORD-04353,2022-10-04,2022-10-05,Standard Class,C0013
ORD-04354,2024-01-15,2024-01-19,Standard Class,C0364
ORD-04355,2023-07-06,2023-07-11,Standard Class,C0166
ORD-04356,2023-10-01,2023-10-04,Standard Class,C0150
ORD-04357,2022-08-25,2022-09-01,Second Class,C0341
ORD-04358,2024-09-24,2024-09-27,Standard Class,C0413
ORD-04359,2022-02-24,2022-02-28,Standard Class,C0045
ORD-04360,2023-11-15,2023-11-19,Standard Class,C0174
ORD-04361,2022-04-19,2022-04-26,Standard Class,C0167
ORD-04362,2023-01-08,2023-01-12,Second Class,C0197
ORD-04363,2024-08-30,2024-09-01,Standard Class,C0206
ORD-04364,2022-07-20,2022-07-26,Standard Class,C0082
ORD-04365,2024-04-28,2024-05-02,Same Day,C0068
ORD-04366,2023-05-24,2023-05-26,Standard Class,C0097
ORD-04367,2022-10-02,2022-10-06,Second Class,C0167
ORD-04368,2022-07-30,2022-08-04,Standard Class,C0404
ORD-04369,2023-05-19,2023-05-22,First Class,C0077
ORD-04370,2023-12-04,2023-12-07,First Class,C0484
ORD-04371,2022-02-11,2022-02-16,Standard Class,C0237
ORD-04372,2022-11-11,2022-11-15,Second Class,C0196
ORD-04373,2024-02-27,2024-03-01,Standard Class,C0291
ORD-04374,2022-11-25,2022-11-27,Same Day,C0136
ORD-04375,2024-11-06,2024-11-08,Standard Class,C0308
ORD-04376,2022-10-10,2022-10-14,First Class,C0296
ORD-04377,2024-07-31,2024-08-05,Standard Class,C0377
ORD-04378,2022-09-15,2022-09-17,Second Class,C0369
ORD-04379,2023-07-29,2023-08-01,Same Day,C0367
ORD-04380,2023-07-28,2023-07-30,First Class,C0036
ORD-04381,2023-09-04,2023-09-08,Standard Class,C0390
ORD-04382,2024-11-08,2024-11-09,Standard Class,C0248
ORD-04383,2024-04-16,2024-04-17,Standard Class,C0254
ORD-04384,2023-02-27,2023-02-28,Standard Class,C0214
ORD-04385,2024-01-28,2024-02-01,Standard Class,C0252
ORD-04386,2024-02-02,2024-02-05,Standard Class,C0070
ORD-04387,2023-02-28,2023-03-02,Standard Class,C0234
ORD-04388,2023-03-05,2023-03-11,Standard Class,C0484
ORD-04389,2022-07-23,2022-07-25,Standard Class,C0329
ORD-04390,2022-07-15,2022-07-18,Standard Class,C0016
ORD-04391,2023-12-29,2024-01-04,Standard Class,C0487
ORD-04392,2022-10-12,2022-10-15,Second Class,C0174
ORD-04393,2022-07-15,2022-07-18,Standard Class,C0187
ORD-04394,2022-11-03,2022-11-05,Standard Class,C0294
ORD-04395,2022-01-14,2022-01-18,Standard Class,C0225
ORD-04396,2024-12-16,2024-12-19,Standard Class,C0274
ORD-04397,2023-12-24,2023-12-29,Second Class,C0012
ORD-04398,2024-02-19,2024-02-21,Standard Class,C0310
ORD-04399,2023-06-13,2023-06-16,Standard Class,C0219
ORD-04400,2024-03-08,2024-03-12,First Class,C0431
ORD-04401,2022-12-10,2022-12-17,Same Day,C0001
ORD-04402,2022-07-28,2022-07-30,Standard Class,C0399
ORD-04403,2023-10-03,2023-10-08,Standard Class,C0111
ORD-04404,2022-09-09,2022-09-12,Standard Class,C0475
ORD-04405,2022-09-28,2022-10-01,Standard Class,C0464
ORD-04406,2024-07-08,2024-07-10,Standard Class,C0277
ORD-04407,2023-02-23,2023-02-27,Second Class,C0129
ORD-04408,2024-03-05,2024-03-08,Standard Class,C0093
ORD-04409,2023-12-26,2023-12-29,First Class,C0451
ORD-04410,2023-03-09,2023-03-10,Standard Class,C0396
ORD-04411,2022-04-19,2022-04-21,Standard Class,C0380
ORD-04412,2023-10-03,2023-10-09,Second Class,C0412
ORD-04413,2024-12-06,2024-12-13,Standard Class,C0039
ORD-04414,2023-01-14,2023-01-18,Standard Class,C0421
ORD-04415,2024-08-15,2024-08-17,Standard Class,C0479
ORD-04416,2022-04-13,2022-04-16,Standard Class,C0316
ORD-04417,2024-06-10,2024-06-14,Standard Class,C0159
ORD-04418,2024-05-03,2024-05-09,Standard Class,C0186
ORD-04419,2024-11-16,2024-11-19,Standard Class,C0481
ORD-04420,2023-06-14,2023-06-19,Standard Class,C0353
ORD-04421,2023-11-10,2023-11-17,Same Day,C0256
ORD-04422,2024-09-15,2024-09-20,Standard Class,C0239
ORD-04423,2023-03-04,2023-03-06,Standard Class,C0104
ORD-04424,2024-04-01,2024-04-02,Same Day,C0395
ORD-04425,2024-07-20,2024-07-23,Second Class,C0366
ORD-04426,2024-11-27,2024-11-30,Standard Class,C0029
ORD-04427,2023-05-26,2023-05-28,Standard Class,C0089
ORD-04428,2023-01-28,2023-01-30,Second Class,C0375
ORD-04429,2023-12-14,2023-12-18,Standard Class,C0397
ORD-04430,2023-05-09,2023-05-12,Second Class,C0051
ORD-04431,2023-07-01,2023-07-04,Same Day,C0364
ORD-04432,2023-08-17,2023-08-21,Standard Class,C0438
ORD-04433,2023-01-24,2023-01-28,Standard Class,C0147
ORD-04434,2022-06-07,2022-06-11,Second Class,C0314
ORD-04435,2024-10-24,2024-10-26,Standard Class,C0036
ORD-04436,2022-06-16,2022-06-20,Standard Class,C0284
ORD-04437,2024-08-17,2024-08-20,Standard Class,C0452
ORD-04438,2023-02-13,2023-02-15,Second Class,C0387
ORD-04439,2022-07-13,2022-07-17,Standard Class,C0486
ORD-04440,2022-08-23,2022-08-26,Same Day,C0101
ORD-04441,2023-12-19,2023-12-22,First Class,C0107
ORD-04442,2024-03-26,2024-03-29,Standard Class,C0345
ORD-04443,2023-02-08,2023-02-11,Second Class,C0425
ORD-04444,2024-06-11,2024-06-14,Standard Class,C0291
ORD-04445,2023-11-09,2023-11-14,Second Class,C0349
ORD-04446,2022-03-09,2022-03-11,Standard Class,C0105
ORD-04447,2022-03-29,2022-04-05,Standard Class,C0221
ORD-04448,2022-08-05,2022-08-08,Second Class,C0076
ORD-04449,2022-01-01,2022-01-03,Standard Class,C0227
ORD-04450,2022-05-20,2022-05-22,First Class,C0084
ORD-04451,2023-09-10,2023-09-13,Second Class,C0465
ORD-04452,2022-05-13,2022-05-17,Standard Class,C0076
ORD-04453,2022-06-27,2022-06-29,Standard Class,C0249
ORD-04454,2024-03-20,2024-03-22,First Class,C0255
ORD-04455,2023-01-15,2023-01-19,Standard Class,C0050
ORD-04456,2024-06-26,2024-06-27,Second Class,C0356
ORD-04457,2023-10-20,2023-10-25,Second Class,C0458
ORD-04458,2023-03-26,2023-03-30,First Class,C0210
ORD-04459,2023-08-09,2023-08-12,Second Class,C0158
ORD-04460,2023-04-08,2023-04-11,Standard Class,C0328
ORD-04461,2024-09-16,2024-09-17,First Class,C0233
ORD-04462,2022-05-02,2022-05-07,First Class,C0371
ORD-04463,2022-01-17,2022-01-19,Second Class,C0077
ORD-04464,2022-11-23,2022-11-26,Standard Class,C0223
ORD-04465,2022-11-14,2022-11-17,Standard Class,C0121
ORD-04466,2024-03-19,2024-03-21,Second Class,C0454
ORD-04467,2023-05-18,2023-05-21,Standard Class,C0310
ORD-04468,2022-04-29,2022-05-04,Standard Class,C0327
ORD-04469,2023-12-11,2023-12-14,Standard Class,C0341
ORD-04470,2022-02-14,2022-02-20,Standard Class,C0358
ORD-04471,2022-11-10,2022-11-15,Standard Class,C0107
ORD-04472,2023-02-22,2023-02-25,Standard Class,C0241
ORD-04473,2023-07-10,2023-07-13,Standard Class,C0435
ORD-04474,2022-11-22,2022-11-25,Second Class,C0028
ORD-04475,2023-05-30,2023-06-03,Standard Class,C0192
ORD-04476,2022-08-02,2022-08-04,Standard Class,C0249
ORD-04477,2022-03-15,2022-03-21,Standard Class,C0364
ORD-04478,2023-05-24,2023-05-28,Standard Class,C0213
ORD-04479,2022-11-28,2022-12-01,Second Class,C0021
ORD-04480,2023-11-19,2023-11-23,Second Class,C0472
ORD-04481,2023-10-19,2023-10-22,Standard Class,C0155
ORD-04482,2024-10-24,2024-10-29,Standard Class,C0027
ORD-04483,2023-08-23,2023-08-26,First Class,C0077
ORD-04484,2024-12-11,2024-12-12,Standard Class,C0306
ORD-04485,2022-11-21,2022-11-23,Standard Class,C0413
ORD-04486,2024-09-18,2024-09-23,Standard Class,C0423
ORD-04487,2023-12-18,2023-12-21,Standard Class,C0057
ORD-04488,2023-12-24,2023-12-30,Standard Class,C0119
ORD-04489,2022-10-04,2022-10-06,Standard Class,C0476
ORD-04490,2023-06-20,2023-06-22,Standard Class,C0165
ORD-04491,2022-06-01,2022-06-03,Standard Class,C0477
ORD-04492,2024-08-12,2024-08-15,Standard Class,C0064
ORD-04493,2022-09-16,2022-09-19,Standard Class,C0048
ORD-04494,2022-11-20,2022-11-22,Standard Class,C0150
ORD-04495,2024-10-13,2024-10-17,Standard Class,C0484
ORD-04496,2024-05-18,2024-05-21,Standard Class,C0158
ORD-04497,2023-11-19,2023-11-21,Second Class,C0156
ORD-04498,2022-11-06,2022-11-09,Second Class,C0151
ORD-04499,2024-03-13,2024-03-17,Standard Class,C0225
ORD-04500,2024-12-15,2024-12-17,Standard Class,C0260
ORD-04501,2023-09-12,2023-09-14,Second Class,C0387
ORD-04502,2023-04-18,2023-04-21,Standard Class,C0256
ORD-04503,2023-04-06,2023-04-10,Standard Class,C0061
ORD-04504,2024-03-24,2024-03-29,Second Class,C0352
ORD-04505,2024-04-25,2024-04-28,First Class,C0260
ORD-04506,2023-10-29,2023-10-31,Standard Class,C0321
ORD-04507,2022-09-19,2022-09-24,Standard Class,C0396
ORD-04508,2022-12-21,2022-12-28,First Class,C0397
ORD-04509,2024-02-09,2024-02-13,Standard Class,C0162
ORD-04510,2022-06-29,2022-07-06,First Class,C0380
ORD-04511,2022-03-07,2022-03-11,Standard Class,C0443
ORD-04512,2024-03-30,2024-04-03,Standard Class,C0349
ORD-04513,2022-06-20,2022-06-23,Standard Class,C0457
ORD-04514,2023-04-19,2023-04-22,Same Day,C0031
ORD-04515,2023-06-18,2023-06-20,First Class,C0071
ORD-04516,2023-03-15,2023-03-20,Standard Class,C0397
ORD-04517,2024-04-14,2024-04-20,Second Class,C0438
ORD-04518,2022-08-15,2022-08-19,Standard Class,C0002
ORD-04519,2023-03-18,2023-03-21,Second Class,C0417
ORD-04520,2023-01-31,2023-02-02,First Class,C0050
ORD-04521,2023-12-29,2023-12-31,Standard Class,C0135
ORD-04522,2022-03-25,2022-03-27,Standard Class,C0146
ORD-04523,2024-11-02,2024-11-06,Same Day,C0179
ORD-04524,2023-11-24,2023-11-30,First Class,C0264
ORD-04525,2023-05-08,2023-05-09,Standard Class,C0311
ORD-04526,2024-08-27,2024-08-28,Standard Class,C0204
ORD-04527,2022-12-19,2022-12-23,Same Day,C0299
ORD-04528,2024-12-16,2024-12-18,Standard Class,C0187
ORD-04529,2022-02-09,2022-02-14,Standard Class,C0030
ORD-04530,2023-10-02,2023-10-05,Standard Class,C0059
ORD-04531,2022-06-22,2022-06-24,First Class,C0009
ORD-04532,2022-09-16,2022-09-18,Standard Class,C0476
ORD-04533,2023-06-01,2023-06-03,Standard Class,C0324
ORD-04534,2023-12-31,2024-01-03,Standard Class,C0167
ORD-04535,2023-06-07,2023-06-09,First Class,C0337
ORD-04536,2024-04-18,2024-04-21,Second Class,C0395
ORD-04537,2022-04-27,2022-04-30,Second Class,C0379
ORD-04538,2022-07-03,2022-07-04,Standard Class,C0386
ORD-04539,2022-06-11,2022-06-12,First Class,C0279
ORD-04540,2023-06-27,2023-06-30,Second Class,C0191
ORD-04541,2024-04-18,2024-04-22,Second Class,C0242
ORD-04542,2024-12-25,2024-12-31,Same Day,C0278
ORD-04543,2024-12-29,2024-12-31,Standard Class,C0445
ORD-04544,2023-03-23,2023-03-25,Second Class,C0154
ORD-04545,2023-02-20,2023-02-22,First Class,C0396
ORD-04546,2023-06-16,2023-06-19,Second Class,C0160
ORD-04547,2023-03-17,2023-03-21,Standard Class,C0265
ORD-04548,2024-01-08,2024-01-13,Standard Class,C0235
ORD-04549,2023-04-09,2023-04-13,Second Class,C0453
ORD-04550,2023-01-31,2023-02-02,Standard Class,C0346
ORD-04551,2023-12-12,2023-12-15,Standard Class,C0199
ORD-04552,2023-01-30,2023-02-05,First Class,C0477
ORD-04553,2022-11-22,2022-11-25,Standard Class,C0033
ORD-04554,2024-01-20,2024-01-23,Standard Class,C0408
ORD-04555,2024-12-29,2025-01-04,Second Class,C0089
ORD-04556,2023-10-04,2023-10-08,Standard Class,C0095
ORD-04557,2022-08-02,2022-08-06,Standard Class,C0221
ORD-04558,2023-01-04,2023-01-06,Standard Class,C0069
ORD-04559,2022-02-18,2022-02-21,Standard Class,C0294
ORD-04560,2024-12-11,2024-12-13,Standard Class,C0237
ORD-04561,2022-05-13,2022-05-17,Standard Class,C0395
ORD-04562,2024-09-25,2024-09-27,Standard Class,C0160
ORD-04563,2024-02-25,2024-03-01,Standard Class,C0320
ORD-04564,2023-01-08,2023-01-13,Standard Class,C0328
ORD-04565,2023-04-24,2023-04-27,First Class,C0276
ORD-04566,2024-04-11,2024-04-13,Standard Class,C0290
ORD-04567,2023-10-12,2023-10-13,Second Class,C0367
ORD-04568,2023-11-13,2023-11-17,Standard Class,C0042
ORD-04569,2023-11-19,2023-11-23,Second Class,C0392
ORD-04570,2022-03-23,2022-03-27,Second Class,C0066
ORD-04571,2022-03-28,2022-03-31,Standard Class,C0021
ORD-04572,2022-08-13,2022-08-16,Standard Class,C0335
ORD-04573,2022-01-16,2022-01-20,Standard Class,C0070
ORD-04574,2024-04-01,2024-04-04,Second Class,C0261
ORD-04575,2022-06-12,2022-06-16,Standard Class,C0246
ORD-04576,2023-05-29,2023-06-02,First Class,C0323
ORD-04577,2022-12-16,2022-12-18,Standard Class,C0235
ORD-04578,2023-11-12,2023-11-14,Standard Class,C0427
ORD-04579,2022-06-30,2022-07-03,Standard Class,C0272
ORD-04580,2024-01-13,2024-01-15,First Class,C0099
ORD-04581,2023-10-22,2023-10-26,Standard Class,C0329
ORD-04582,2023-05-08,2023-05-12,Second Class,C0035
ORD-04583,2024-07-11,2024-07-16,Standard Class,C0339
ORD-04584,2022-05-08,2022-05-12,Standard Class,C0171
ORD-04585,2023-07-19,2023-07-21,Second Class,C0110
ORD-04586,2023-07-04,2023-07-06,First Class,C0482
ORD-04587,2023-03-29,2023-04-03,Standard Class,C0295
ORD-04588,2023-04-16,2023-04-18,Standard Class,C0010
ORD-04589,2024-09-14,2024-09-18,Second Class,C0202
ORD-04590,2024-01-08,2024-01-12,Standard Class,C0404
ORD-04591,2022-08-12,2022-08-15,Second Class,C0257
ORD-04592,2022-06-03,2022-06-06,Standard Class,C0262
ORD-04593,2023-07-14,2023-07-17,Standard Class,C0181
ORD-04594,2022-12-17,2022-12-22,First Class,C0430
ORD-04595,2022-12-15,2022-12-17,Standard Class,C0066
ORD-04596,2022-07-01,2022-07-07,Same Day,C0294
ORD-04597,2023-09-29,2023-10-02,First Class,C0161
ORD-04598,2024-10-14,2024-10-21,Second Class,C0067
ORD-04599,2022-06-28,2022-06-30,Standard Class,C0100
ORD-04600,2024-11-28,2024-11-30,First Class,C0077
ORD-04601,2024-02-11,2024-02-16,Second Class,C0035
ORD-04602,2024-06-12,2024-06-17,Standard Class,C0463
ORD-04603,2024-10-23,2024-10-26,Standard Class,C0045
ORD-04604,2024-10-12,2024-10-16,Standard Class,C0150
ORD-04605,2022-03-05,2022-03-10,Same Day,C0491
ORD-04606,2022-01-29,2022-01-30,First Class,C0068
ORD-04607,2023-01-07,2023-01-10,First Class,C0254
ORD-04608,2022-04-07,2022-04-12,Second Class,C0017
ORD-04609,2024-09-19,2024-09-22,Standard Class,C0261
ORD-04610,2022-01-21,2022-01-24,Standard Class,C0213
ORD-04611,2024-01-05,2024-01-09,Standard Class,C0313
ORD-04612,2024-12-05,2024-12-08,Standard Class,C0256
ORD-04613,2022-03-07,2022-03-08,Standard Class,C0216
ORD-04614,2023-08-26,2023-09-01,First Class,C0351
ORD-04615,2022-12-04,2022-12-07,Same Day,C0424
ORD-04616,2022-05-03,2022-05-08,Standard Class,C0286
ORD-04617,2023-03-23,2023-03-28,Second Class,C0426
ORD-04618,2023-09-03,2023-09-05,Standard Class,C0007
ORD-04619,2023-11-02,2023-11-04,Standard Class,C0497
ORD-04620,2023-09-07,2023-09-10,Second Class,C0380
ORD-04621,2024-06-15,2024-06-18,Standard Class,C0199
ORD-04622,2022-10-08,2022-10-12,First Class,C0091
ORD-04623,2024-12-02,2024-12-06,Second Class,C0472
ORD-04624,2023-08-19,2023-08-22,Second Class,C0147
ORD-04625,2023-12-04,2023-12-06,Standard Class,C0425
ORD-04626,2024-12-10,2024-12-13,Standard Class,C0418
ORD-04627,2022-07-29,2022-08-01,Standard Class,C0150
ORD-04628,2022-05-06,2022-05-09,Second Class,C0052
ORD-04629,2023-05-07,2023-05-09,First Class,C0243
ORD-04630,2024-08-17,2024-08-21,Standard Class,C0219
ORD-04631,2024-08-27,2024-08-29,Second Class,C0006
ORD-04632,2023-08-04,2023-08-07,Standard Class,C0458
ORD-04633,2024-02-16,2024-02-20,Standard Class,C0109
ORD-04634,2022-09-15,2022-09-16,Second Class,C0351
ORD-04635,2022-08-18,2022-08-21,Second Class,C0409
ORD-04636,2022-07-08,2022-07-11,Standard Class,C0066
ORD-04637,2022-01-10,2022-01-11,Standard Class,C0010
ORD-04638,2023-11-07,2023-11-09,Standard Class,C0202
ORD-04639,2023-05-17,2023-05-23,Standard Class,C0282
ORD-04640,2022-03-26,2022-03-29,First Class,C0389
ORD-04641,2022-02-18,2022-02-25,Standard Class,C0214
ORD-04642,2024-04-17,2024-04-20,Standard Class,C0068
ORD-04643,2024-10-04,2024-10-07,Standard Class,C0247
ORD-04644,2023-11-20,2023-11-23,Same Day,C0354
ORD-04645,2023-01-22,2023-01-25,Second Class,C0327
ORD-04646,2024-08-27,2024-08-29,Second Class,C0050
ORD-04647,2024-10-02,2024-10-05,Standard Class,C0017
ORD-04648,2022-08-06,2022-08-09,First Class,C0011
ORD-04649,2024-10-01,2024-10-03,Standard Class,C0309
ORD-04650,2022-09-12,2022-09-14,Second Class,C0306
ORD-04651,2022-08-24,2022-08-26,Same Day,C0392
ORD-04652,2024-11-15,2024-11-18,Standard Class,C0476
ORD-04653,2022-09-28,2022-10-02,Standard Class,C0124
ORD-04654,2022-05-03,2022-05-08,Standard Class,C0492
ORD-04655,2023-10-18,2023-10-20,Standard Class,C0225
ORD-04656,2022-09-16,2022-09-18,Standard Class,C0244
ORD-04657,2024-08-05,2024-08-08,First Class,C0318
ORD-04658,2022-02-16,2022-02-21,Standard Class,C0473
ORD-04659,2024-05-12,2024-05-13,Second Class,C0469
ORD-04660,2023-06-09,2023-06-13,First Class,C0332
ORD-04661,2024-06-06,2024-06-09,Same Day,C0379
ORD-04662,2022-07-27,2022-07-29,Standard Class,C0346
ORD-04663,2024-01-17,2024-01-20,Standard Class,C0029
ORD-04664,2022-05-29,2022-05-31,Standard Class,C0358
ORD-04665,2023-03-14,2023-03-19,Standard Class,C0483
ORD-04666,2022-06-04,2022-06-07,Second Class,C0357
ORD-04667,2022-12-24,2022-12-27,Standard Class,C0366
ORD-04668,2023-04-01,2023-04-04,Standard Class,C0428
ORD-04669,2024-02-15,2024-02-19,Standard Class,C0365
ORD-04670,2023-09-21,2023-09-24,Second Class,C0429
ORD-04671,2024-04-11,2024-04-12,Standard Class,C0285
ORD-04672,2023-05-01,2023-05-04,Standard Class,C0497
ORD-04673,2023-06-17,2023-06-19,Standard Class,C0472
ORD-04674,2022-07-19,2022-07-23,Standard Class,C0059
ORD-04675,2023-01-06,2023-01-08,Second Class,C0143
ORD-04676,2024-10-10,2024-10-13,Standard Class,C0326
ORD-04677,2024-05-02,2024-05-04,First Class,C0352
ORD-04678,2022-09-05,2022-09-11,Standard Class,C0300
ORD-04679,2024-02-27,2024-03-01,Standard Class,C0226
ORD-04680,2022-09-21,2022-09-24,Standard Class,C0164
ORD-04681,2024-12-17,2024-12-23,Standard Class,C0084
ORD-04682,2022-01-31,2022-02-03,Second Class,C0377
ORD-04683,2023-08-28,2023-09-03,Standard Class,C0313
ORD-04684,2023-05-17,2023-05-18,Second Class,C0117
ORD-04685,2024-06-04,2024-06-07,Standard Class,C0320
ORD-04686,2023-07-03,2023-07-07,Same Day,C0204
ORD-04687,2024-04-18,2024-04-23,Second Class,C0355
ORD-04688,2024-04-27,2024-04-29,Second Class,C0497
ORD-04689,2023-09-06,2023-09-12,Standard Class,C0294
ORD-04690,2023-02-16,2023-02-19,Same Day,C0145
ORD-04691,2023-03-08,2023-03-13,Same Day,C0027
ORD-04692,2023-11-09,2023-11-12,Standard Class,C0017
ORD-04693,2022-06-08,2022-06-10,Standard Class,C0063
ORD-04694,2022-01-14,2022-01-20,Standard Class,C0267
ORD-04695,2023-01-08,2023-01-14,Standard Class,C0064
ORD-04696,2022-08-13,2022-08-16,Standard Class,C0039
ORD-04697,2023-05-26,2023-05-27,Standard Class,C0130
ORD-04698,2023-08-26,2023-08-28,First Class,C0115
ORD-04699,2022-08-04,2022-08-07,Standard Class,C0450
ORD-04700,2024-09-14,2024-09-15,First Class,C0438
ORD-04701,2024-04-19,2024-04-22,Standard Class,C0413
ORD-04702,2023-12-28,2023-12-31,Second Class,C0045
ORD-04703,2023-07-08,2023-07-12,Standard Class,C0216
ORD-04704,2024-12-01,2024-12-03,Second Class,C0088
ORD-04705,2023-11-07,2023-11-10,Standard Class,C0336
ORD-04706,2024-05-22,2024-05-25,Standard Class,C0415
ORD-04707,2022-10-10,2022-10-14,First Class,C0177
ORD-04708,2024-12-17,2024-12-20,Standard Class,C0491
ORD-04709,2024-04-13,2024-04-16,Standard Class,C0265
ORD-04710,2023-06-21,2023-06-25,Standard Class,C0411
ORD-04711,2024-07-11,2024-07-16,First Class,C0440
ORD-04712,2024-04-21,2024-04-25,Standard Class,C0105
ORD-04713,2024-08-05,2024-08-11,Second Class,C0381
ORD-04714,2023-10-27,2023-10-31,Standard Class,C0334
ORD-04715,2022-03-08,2022-03-12,Standard Class,C0301
ORD-04716,2022-01-06,2022-01-08,First Class,C0473
ORD-04717,2023-09-29,2023-10-02,Standard Class,C0171
ORD-04718,2022-11-10,2022-11-13,Second Class,C0108
ORD-04719,2023-07-19,2023-07-21,Standard Class,C0406
ORD-04720,2024-04-05,2024-04-08,Standard Class,C0355
ORD-04721,2023-05-21,2023-05-23,Standard Class,C0161
ORD-04722,2024-10-22,2024-10-26,Standard Class,C0283
ORD-04723,2022-07-23,2022-07-26,Second Class,C0040
ORD-04724,2023-10-24,2023-10-27,Second Class,C0026
ORD-04725,2024-03-15,2024-03-22,Standard Class,C0083
ORD-04726,2023-02-08,2023-02-11,Standard Class,C0173
ORD-04727,2023-06-20,2023-06-23,Standard Class,C0487
ORD-04728,2023-07-31,2023-08-03,Second Class,C0173
ORD-04729,2024-02-02,2024-02-07,First Class,C0282
ORD-04730,2022-04-27,2022-04-30,Standard Class,C0070
ORD-04731,2023-09-20,2023-09-24,Standard Class,C0323
ORD-04732,2024-01-19,2024-01-21,Standard Class,C0006
ORD-04733,2022-04-15,2022-04-18,Same Day,C0284
ORD-04734,2023-05-10,2023-05-12,First Class,C0195
ORD-04735,2022-02-15,2022-02-19,Standard Class,C0013
ORD-04736,2024-04-02,2024-04-07,Standard Class,C0063
ORD-04737,2024-09-08,2024-09-12,Standard Class,C0013
ORD-04738,2024-08-17,2024-08-21,Standard Class,C0249
ORD-04739,2024-04-24,2024-04-27,Second Class,C0205
ORD-04740,2023-03-25,2023-03-29,Standard Class,C0385
ORD-04741,2023-06-20,2023-06-23,First Class,C0253
ORD-04742,2023-05-26,2023-05-30,Standard Class,C0040
ORD-04743,2023-06-24,2023-06-26,Standard Class,C0165
ORD-04744,2022-01-16,2022-01-18,Second Class,C0031
ORD-04745,2022-08-31,2022-09-03,Standard Class,C0500
ORD-04746,2024-06-30,2024-07-03,First Class,C0017
ORD-04747,2024-01-31,2024-02-02,Standard Class,C0137
ORD-04748,2023-12-06,2023-12-10,Standard Class,C0365
ORD-04749,2022-04-25,2022-04-27,Second Class,C0320
ORD-04750,2023-02-01,2023-02-03,Standard Class,C0313
ORD-04751,2023-01-29,2023-02-02,Standard Class,C0397
ORD-04752,2024-09-04,2024-09-07,Same Day,C0165
ORD-04753,2022-10-24,2022-10-28,Standard Class,C0398
ORD-04754,2024-09-28,2024-10-01,Standard Class,C0459
ORD-04755,2022-06-27,2022-07-03,First Class,C0281
ORD-04756,2024-08-24,2024-08-27,Standard Class,C0223
ORD-04757,2022-11-11,2022-11-12,Standard Class,C0122
ORD-04758,2024-11-28,2024-12-01,Standard Class,C0078
ORD-04759,2022-09-16,2022-09-18,Standard Class,C0313
ORD-04760,2022-01-07,2022-01-13,Same Day,C0327
ORD-04761,2022-02-18,2022-02-20,Standard Class,C0088
ORD-04762,2022-06-10,2022-06-13,Standard Class,C0113
ORD-04763,2022-06-25,2022-06-27,Standard Class,C0100
ORD-04764,2024-10-22,2024-10-27,Standard Class,C0426
ORD-04765,2024-09-27,2024-09-30,Second Class,C0426
ORD-04766,2023-03-31,2023-04-07,Standard Class,C0303
ORD-04767,2022-10-03,2022-10-04,Second Class,C0372
ORD-04768,2023-05-13,2023-05-15,Standard Class,C0428
ORD-04769,2023-11-07,2023-11-09,Second Class,C0425
ORD-04770,2024-11-17,2024-11-22,Standard Class,C0387
ORD-04771,2024-10-21,2024-10-26,Standard Class,C0239
ORD-04772,2022-02-25,2022-02-27,Second Class,C0492
ORD-04773,2023-07-01,2023-07-02,Standard Class,C0346
ORD-04774,2022-02-05,2022-02-09,Standard Class,C0111
ORD-04775,2023-03-15,2023-03-17,Standard Class,C0090
ORD-04776,2023-08-18,2023-08-20,Standard Class,C0385
ORD-04777,2022-11-03,2022-11-04,Second Class,C0463
ORD-04778,2023-09-11,2023-09-12,Standard Class,C0139
ORD-04779,2022-12-23,2022-12-25,First Class,C0485
ORD-04780,2022-06-30,2022-07-02,Standard Class,C0135
ORD-04781,2022-03-09,2022-03-12,First Class,C0012
ORD-04782,2022-10-19,2022-10-24,Standard Class,C0244
ORD-04783,2023-11-23,2023-11-26,First Class,C0422
ORD-04784,2022-06-30,2022-07-04,Standard Class,C0182
ORD-04785,2023-03-10,2023-03-12,Standard Class,C0195
ORD-04786,2024-07-02,2024-07-06,First Class,C0362
ORD-04787,2022-03-07,2022-03-10,Standard Class,C0122
ORD-04788,2024-11-10,2024-11-14,Standard Class,C0053
ORD-04789,2023-01-19,2023-01-21,Second Class,C0474
ORD-04790,2022-02-08,2022-02-13,Standard Class,C0478
ORD-04791,2024-04-01,2024-04-03,Standard Class,C0416
ORD-04792,2023-08-25,2023-08-28,Standard Class,C0356
ORD-04793,2024-02-24,2024-03-01,Second Class,C0173
ORD-04794,2023-11-02,2023-11-05,Standard Class,C0179
ORD-04795,2023-04-24,2023-04-27,First Class,C0293
ORD-04796,2023-07-15,2023-07-21,Second Class,C0375
ORD-04797,2022-04-11,2022-04-14,Second Class,C0059
ORD-04798,2023-05-29,2023-05-31,Standard Class,C0054
ORD-04799,2022-06-25,2022-07-02,First Class,C0402
ORD-04800,2022-08-26,2022-08-28,Standard Class,C0257
ORD-04801,2024-06-28,2024-07-03,First Class,C0245
ORD-04802,2024-12-18,2024-12-20,Standard Class,C0149
ORD-04803,2024-05-20,2024-05-24,Second Class,C0284
ORD-04804,2023-05-10,2023-05-13,Standard Class,C0368
ORD-04805,2024-08-04,2024-08-11,Standard Class,C0016
ORD-04806,2024-01-25,2024-01-28,Standard Class,C0176
ORD-04807,2022-07-30,2022-07-31,Standard Class,C0028
ORD-04808,2022-05-20,2022-05-24,Standard Class,C0406
ORD-04809,2023-06-25,2023-06-27,Standard Class,C0467
ORD-04810,2022-09-27,2022-10-01,Standard Class,C0368
ORD-04811,2024-11-01,2024-11-06,Second Class,C0129
ORD-04812,2023-05-21,2023-05-24,Standard Class,C0223
ORD-04813,2022-02-01,2022-02-05,Standard Class,C0372
ORD-04814,2024-12-28,2024-12-30,Second Class,C0244
ORD-04815,2024-03-23,2024-03-26,First Class,C0426
ORD-04816,2022-12-28,2022-12-31,Standard Class,C0354
ORD-04817,2024-07-17,2024-07-21,Standard Class,C0238
ORD-04818,2022-04-10,2022-04-11,Standard Class,C0232
ORD-04819,2022-01-09,2022-01-13,Second Class,C0326
ORD-04820,2023-11-28,2023-11-30,Second Class,C0092
ORD-04821,2024-11-18,2024-11-22,Second Class,C0003
ORD-04822,2023-04-07,2023-04-08,Standard Class,C0479
ORD-04823,2024-07-09,2024-07-14,First Class,C0464
ORD-04824,2023-01-25,2023-01-27,Standard Class,C0081
ORD-04825,2023-09-24,2023-09-27,Standard Class,C0044
ORD-04826,2023-11-13,2023-11-15,Standard Class,C0155
ORD-04827,2022-06-06,2022-06-10,Standard Class,C0435
ORD-04828,2022-12-01,2022-12-04,Second Class,C0024
ORD-04829,2022-09-17,2022-09-21,Second Class,C0404
ORD-04830,2022-03-23,2022-03-25,Same Day,C0416
ORD-04831,2024-01-24,2024-01-28,Standard Class,C0099
ORD-04832,2023-12-21,2023-12-22,Same Day,C0397
ORD-04833,2022-03-16,2022-03-18,Second Class,C0368
ORD-04834,2023-09-18,2023-09-21,Standard Class,C0171
ORD-04835,2022-03-03,2022-03-04,First Class,C0148
ORD-04836,2024-05-23,2024-05-25,Second Class,C0123
ORD-04837,2022-11-16,2022-11-22,Standard Class,C0112
ORD-04838,2022-04-12,2022-04-19,First Class,C0500
ORD-04839,2024-05-23,2024-05-27,Second Class,C0130
ORD-04840,2024-08-11,2024-08-13,Second Class,C0068
ORD-04841,2022-09-12,2022-09-14,First Class,C0347
ORD-04842,2023-07-24,2023-07-28,Standard Class,C0316
ORD-04843,2022-04-22,2022-04-24,Second Class,C0217
ORD-04844,2024-09-11,2024-09-17,Second Class,C0388
ORD-04845,2024-09-24,2024-09-26,Standard Class,C0380
ORD-04846,2023-04-06,2023-04-13,Standard Class,C0096
ORD-04847,2023-12-09,2023-12-12,Second Class,C0145
ORD-04848,2024-06-05,2024-06-09,Standard Class,C0385
ORD-04849,2024-12-11,2024-12-12,Second Class,C0033
ORD-04850,2023-06-04,2023-06-09,First Class,C0286
ORD-04851,2024-03-22,2024-03-24,Standard Class,C0005
ORD-04852,2022-08-24,2022-08-28,Standard Class,C0118
ORD-04853,2024-07-15,2024-07-20,Standard Class,C0140
ORD-04854,2023-07-11,2023-07-13,Standard Class,C0230
ORD-04855,2023-10-11,2023-10-14,First Class,C0160
ORD-04856,2022-08-22,2022-08-25,Standard Class,C0294
ORD-04857,2024-11-21,2024-11-24,Standard Class,C0249
ORD-04858,2023-08-02,2023-08-05,Second Class,C0273
ORD-04859,2023-06-26,2023-06-29,Second Class,C0186
ORD-04860,2022-04-24,2022-04-27,Standard Class,C0365
ORD-04861,2022-07-23,2022-07-27,Second Class,C0040
ORD-04862,2024-11-18,2024-11-22,Standard Class,C0224
ORD-04863,2023-10-05,2023-10-07,Second Class,C0152
ORD-04864,2023-04-19,2023-04-24,Standard Class,C0140
ORD-04865,2023-11-28,2023-12-03,Standard Class,C0367
ORD-04866,2022-09-10,2022-09-13,First Class,C0128
ORD-04867,2024-06-23,2024-06-26,Standard Class,C0351
ORD-04868,2023-01-21,2023-01-24,Standard Class,C0147
ORD-04869,2022-03-03,2022-03-07,First Class,C0285
ORD-04870,2023-05-30,2023-06-03,Second Class,C0469
ORD-04871,2023-03-06,2023-03-08,Standard Class,C0218
ORD-04872,2023-08-03,2023-08-07,Second Class,C0436
ORD-04873,2024-01-13,2024-01-15,First Class,C0220
ORD-04874,2023-11-06,2023-11-07,Second Class,C0145
ORD-04875,2022-11-07,2022-11-11,Standard Class,C0329
ORD-04876,2023-04-16,2023-04-20,Second Class,C0277
ORD-04877,2024-03-19,2024-03-22,Second Class,C0242
ORD-04878,2022-06-21,2022-06-24,First Class,C0060
ORD-04879,2023-07-30,2023-08-05,Standard Class,C0098
ORD-04880,2022-01-31,2022-02-03,Second Class,C0331
ORD-04881,2022-02-16,2022-02-20,Standard Class,C0375
ORD-04882,2022-05-10,2022-05-12,Second Class,C0404
ORD-04883,2022-12-18,2022-12-20,Same Day,C0369
ORD-04884,2024-09-04,2024-09-07,Standard Class,C0181
ORD-04885,2022-02-27,2022-03-02,Standard Class,C0114
ORD-04886,2024-03-22,2024-03-26,Standard Class,C0495
ORD-04887,2024-02-07,2024-02-10,Second Class,C0103
ORD-04888,2023-11-14,2023-11-17,Standard Class,C0336
ORD-04889,2024-09-23,2024-09-25,Second Class,C0319
ORD-04890,2022-10-13,2022-10-15,First Class,C0057
ORD-04891,2024-12-30,2025-01-05,Second Class,C0285
ORD-04892,2024-06-04,2024-06-08,Second Class,C0129
ORD-04893,2023-02-01,2023-02-03,Standard Class,C0380
ORD-04894,2022-01-26,2022-01-30,First Class,C0466
ORD-04895,2022-11-09,2022-11-13,Standard Class,C0315
ORD-04896,2022-05-06,2022-05-10,Standard Class,C0448
ORD-04897,2024-03-21,2024-03-23,Standard Class,C0086
ORD-04898,2022-07-07,2022-07-10,Second Class,C0200
ORD-04899,2023-11-29,2023-12-01,First Class,C0071
ORD-04900,2024-03-20,2024-03-25,Standard Class,C0345
ORD-04901,2023-12-17,2023-12-21,First Class,C0478
ORD-04902,2023-03-26,2023-03-29,First Class,C0098
ORD-04903,2023-06-07,2023-06-10,Standard Class,C0300
ORD-04904,2024-09-12,2024-09-14,Second Class,C0176
ORD-04905,2023-10-20,2023-10-22,Standard Class,C0233
ORD-04906,2023-08-20,2023-08-26,Standard Class,C0372
ORD-04907,2022-04-10,2022-04-12,First Class,C0075
ORD-04908,2023-09-08,2023-09-10,Standard Class,C0143
ORD-04909,2024-08-05,2024-08-11,Standard Class,C0419
ORD-04910,2023-07-10,2023-07-13,Second Class,C0023
ORD-04911,2022-10-05,2022-10-09,First Class,C0181
ORD-04912,2023-05-06,2023-05-07,Second Class,C0045
ORD-04913,2022-09-12,2022-09-15,Standard Class,C0469
ORD-04914,2023-01-16,2023-01-19,Standard Class,C0092
ORD-04915,2024-06-10,2024-06-14,Second Class,C0269
ORD-04916,2023-06-26,2023-06-27,Standard Class,C0034
ORD-04917,2024-04-04,2024-04-07,Standard Class,C0166
ORD-04918,2024-05-28,2024-06-01,Standard Class,C0070
ORD-04919,2022-10-08,2022-10-11,Second Class,C0364
ORD-04920,2024-02-12,2024-02-15,Standard Class,C0196
ORD-04921,2024-04-22,2024-04-24,Standard Class,C0133
ORD-04922,2023-12-20,2023-12-22,Standard Class,C0247
ORD-04923,2022-11-24,2022-11-28,Standard Class,C0382
ORD-04924,2022-07-30,2022-08-03,Standard Class,C0168
ORD-04925,2023-12-28,2024-01-04,Standard Class,C0454
ORD-04926,2024-07-11,2024-07-15,Standard Class,C0277
ORD-04927,2023-07-06,2023-07-09,Standard Class,C0156
ORD-04928,2022-01-26,2022-01-31,Standard Class,C0387
ORD-04929,2022-01-27,2022-01-29,Standard Class,C0023
ORD-04930,2023-12-03,2023-12-06,Standard Class,C0200
ORD-04931,2023-11-13,2023-11-15,Standard Class,C0275
ORD-04932,2023-02-17,2023-02-19,Standard Class,C0459
ORD-04933,2022-06-16,2022-06-20,Standard Class,C0050
ORD-04934,2022-06-18,2022-06-21,Same Day,C0458
ORD-04935,2022-08-17,2022-08-20,Standard Class,C0186
ORD-04936,2023-01-02,2023-01-05,First Class,C0476
ORD-04937,2023-06-12,2023-06-15,Standard Class,C0020
ORD-04938,2024-03-01,2024-03-03,Standard Class,C0492
ORD-04939,2023-06-08,2023-06-12,Second Class,C0116
ORD-04940,2024-12-31,2025-01-03,Standard Class,C0092
ORD-04941,2022-04-16,2022-04-21,Standard Class,C0349
ORD-04942,2024-01-02,2024-01-04,Same Day,C0456
ORD-04943,2024-08-22,2024-08-24,Standard Class,C0339
ORD-04944,2022-05-13,2022-05-17,Standard Class,C0053
ORD-04945,2023-06-18,2023-06-23,Standard Class,C0496
ORD-04946,2024-09-01,2024-09-04,First Class,C0123
ORD-04947,2022-09-26,2022-09-30,First Class,C0341
ORD-04948,2023-11-04,2023-11-11,Standard Class,C0338
ORD-04949,2024-03-01,2024-03-08,Standard Class,C0265
ORD-04950,2022-01-18,2022-01-22,First Class,C0004
ORD-04951,2022-04-27,2022-05-01,Standard Class,C0169
ORD-04952,2024-03-08,2024-03-10,Standard Class,C0281
ORD-04953,2023-07-05,2023-07-10,Second Class,C0290
ORD-04954,2024-07-17,2024-07-20,Standard Class,C0073
ORD-04955,2024-01-23,2024-01-29,Second Class,C0137
ORD-04956,2023-02-26,2023-02-28,First Class,C0338
ORD-04957,2023-10-08,2023-10-11,Second Class,C0256
ORD-04958,2023-07-12,2023-07-15,Standard Class,C0459
ORD-04959,2022-02-19,2022-02-22,Standard Class,C0141
ORD-04960,2023-11-09,2023-11-11,Standard Class,C0486
ORD-04961,2022-04-16,2022-04-19,Standard Class,C0393
ORD-04962,2023-10-20,2023-10-24,Standard Class,C0208
ORD-04963,2024-12-31,2025-01-04,Standard Class,C0260
ORD-04964,2024-09-14,2024-09-16,Standard Class,C0418
ORD-04965,2024-04-21,2024-04-25,Standard Class,C0263
ORD-04966,2023-03-22,2023-03-24,Standard Class,C0271
ORD-04967,2022-03-11,2022-03-13,Standard Class,C0038
ORD-04968,2022-05-30,2022-06-03,Standard Class,C0203
ORD-04969,2024-02-13,2024-02-18,Standard Class,C0224
ORD-04970,2024-08-01,2024-08-04,Second Class,C0347
ORD-04971,2023-03-31,2023-04-03,Second Class,C0478
ORD-04972,2024-08-03,2024-08-06,Standard Class,C0052
ORD-04973,2023-08-24,2023-08-27,Standard Class,C0081
ORD-04974,2023-10-15,2023-10-17,Standard Class,C0356
ORD-04975,2023-12-26,2024-01-01,Standard Class,C0211
ORD-04976,2022-08-21,2022-08-26,Standard Class,C0007
ORD-04977,2022-09-08,2022-09-12,Same Day,C0363
ORD-04978,2022-03-20,2022-03-23,Standard Class,C0045
ORD-04979,2024-12-11,2024-12-15,Second Class,C0315
ORD-04980,2024-06-16,2024-06-19,Standard Class,C0378
ORD-04981,2024-07-09,2024-07-11,Standard Class,C0277
ORD-04982,2024-02-20,2024-02-22,Standard Class,C0412
ORD-04983,2022-08-14,2022-08-18,Second Class,C0259
ORD-04984,2024-12-10,2024-12-16,Standard Class,C0142
ORD-04985,2024-11-23,2024-11-25,Standard Class,C0258
ORD-04986,2024-03-13,2024-03-15,Same Day,C0285
ORD-04987,2024-01-12,2024-01-15,Standard Class,C0402
ORD-04988,2022-05-11,2022-05-16,Standard Class,C0037
ORD-04989,2024-10-19,2024-10-21,Standard Class,C0429
ORD-04990,2023-09-24,2023-09-26,Standard Class,C0045
ORD-04991,2024-04-17,2024-04-21,Standard Class,C0408
ORD-04992,2024-01-29,2024-02-01,Standard Class,C0120
ORD-04993,2023-12-05,2023-12-07,Standard Class,C0046
ORD-04994,2023-05-12,2023-05-14,Standard Class,C0140
ORD-04995,2022-11-19,2022-11-23,Second Class,C0053
ORD-04996,2023-09-07,2023-09-10,Second Class,C0301
ORD-04997,2022-11-25,2022-12-02,Standard Class,C0288
ORD-04998,2022-05-13,2022-05-17,Standard Class,C0274
ORD-04999,2024-04-14,2024-04-15,Standard Class,C0269
ORD-05000,2023-10-13,2023-10-16,Standard Class,C0388
